timestamp,event_type,symbol,action,mode,status,units,position_size_usd,price,pnl,details
2026-09-10T18:52:49.646000+00:00,position_opened,AAPLUSDT,buy,autonomous,submitted,,325.61,325.6100,,Encrypted intent submitted · 42684115…
2026-09-10T18:52:50.965000+00:00,position_opened,TSLAUSDT,sell,autonomous,submitted,,366.42,366.4200,,Encrypted intent submitted · e0f85c4e…
2026-09-10T18:57:53.478000+00:00,position_opened,AAPLUSDT,buy,autonomous,submitted,,325.43,325.4300,,Encrypted intent submitted · 8f9748b4…
2026-09-10T18:57:54.813000+00:00,position_opened,TSLAUSDT,sell,autonomous,submitted,,366.54,366.5400,,Encrypted intent submitted · cf97bbb4…
2026-09-10T18:59:32.776000+00:00,position_opened,AAPLUSDT,buy,autonomous,submitted,,325.46,325.4600,,Encrypted intent submitted · 6c41c504…
2026-09-10T18:59:33.848000+00:00,position_opened,TSLAUSDT,sell,autonomous,submitted,,366.42,366.4200,,Encrypted intent submitted · dcee14c7…
2026-09-10T19:04:36.096000+00:00,position_opened,AAPLUSDT,buy,autonomous,submitted,,325.34,325.3400,,Encrypted intent submitted · 66cbadc0…
2026-09-10T19:04:36.867000+00:00,position_opened,TSLAUSDT,sell,autonomous,submitted,,366.04,366.0400,,Encrypted intent submitted · 85c6b939…
2026-09-10T19:08:11.875000+00:00,position_opened,AAPLUSDT,buy,autonomous,submitted,,325.37,325.3700,,Encrypted intent submitted · 0c9ab53d…
2026-09-10T19:08:13.280000+00:00,position_opened,TSLAUSDT,sell,autonomous,submitted,,365.77,365.7700,,Encrypted intent submitted · 3c1aaa59…
2026-09-10T19:12:24.999393+00:00,buy,AAPLUSDT,buy,autonomous,skipped_existing_position,,325.56,325.5600,,Position already open
2026-09-10T19:12:26.049338+00:00,sell,TSLAUSDT,sell,autonomous,skipped_existing_position,,365.42,365.4200,,Position already open
2026-09-10T19:17:28.536388+00:00,buy,AAPLUSDT,buy,autonomous,skipped_existing_position,,325.96,325.9600,,Position already open
2026-09-10T19:17:29.541049+00:00,sell,TSLAUSDT,sell,autonomous,skipped_existing_position,,365.27,365.2700,,Position already open
2026-09-10T19:22:33.237835+00:00,buy,AAPLUSDT,buy,autonomous,skipped_existing_position,,325.53,325.5300,,Position already open
2026-09-10T19:22:34.109417+00:00,sell,TSLAUSDT,sell,autonomous,skipped_existing_position,,364.25,364.2500,,Position already open
2026-09-10T19:22:40.973645+00:00,buy,AAPLUSDT,buy,autonomous,skipped_existing_position,,325.53,325.5300,,Position already open
2026-09-10T19:22:41.767131+00:00,sell,TSLAUSDT,sell,autonomous,skipped_existing_position,,364.25,364.2500,,Position already open
2026-09-10T19:28:31.015687+00:00,buy,AAPLUSDT,buy,autonomous,skipped_existing_position,,325.58,325.5800,,Position already open
2026-09-10T19:28:31.878691+00:00,sell,TSLAUSDT,sell,autonomous,skipped_existing_position,,364.41,364.4100,,Position already open
2026-09-10T19:31:48.099469+00:00,buy,AAPLUSDT,buy,autonomous,skipped_existing_position,,325.47,325.4700,,Position already open
2026-09-10T19:31:49.008444+00:00,sell,TSLAUSDT,sell,autonomous,skipped_existing_position,,364.36,364.3600,,Position already open
2026-09-10T19:35:26.779187+00:00,buy,AAPLUSDT,buy,autonomous,skipped_existing_position,,325.54,325.5400,,Position already open
2026-09-10T19:35:27.831017+00:00,sell,TSLAUSDT,sell,autonomous,skipped_existing_position,,364.51,364.5100,,Position already open
2026-09-10T19:40:01.732567+00:00,buy,AAPLUSDT,buy,autonomous,skipped_existing_position,,325.86,325.8600,,Position already open
2026-09-10T19:40:03.405856+00:00,sell,TSLAUSDT,sell,autonomous,skipped_existing_position,,363.75,363.7500,,Position already open
2026-09-10T19:45:06.238681+00:00,buy,AAPLUSDT,buy,autonomous,skipped_existing_position,,325.54,325.5400,,Position already open
2026-09-10T19:45:07.185189+00:00,sell,TSLAUSDT,sell,autonomous,skipped_existing_position,,363.94,363.9400,,Position already open
2026-09-10T19:46:42.384061+00:00,buy,AAPLUSDT,buy,autonomous,skipped_existing_position,,325.36,325.3600,,Position already open
2026-09-10T19:46:43.482646+00:00,sell,TSLAUSDT,sell,autonomous,skipped_existing_position,,363.91,363.9100,,Position already open
2026-09-10T19:51:46.633785+00:00,buy,AAPLUSDT,buy,autonomous,skipped_existing_position,,325.99,325.9900,,Position already open
2026-09-10T19:51:47.437169+00:00,sell,TSLAUSDT,sell,autonomous,skipped_existing_position,,363.41,363.4100,,Position already open
2026-09-10T19:56:34.254202+00:00,buy,AAPLUSDT,buy,autonomous,skipped_existing_position,,326.40,326.4000,,Position already open
2026-09-10T19:56:35.628591+00:00,sell,TSLAUSDT,sell,autonomous,skipped_existing_position,,363.39,363.3900,,Position already open
2026-09-10T20:01:39.009031+00:00,buy,AAPLUSDT,buy,autonomous,skipped_existing_position,,326.71,326.7100,,Position already open
2026-09-10T20:01:39.842066+00:00,sell,TSLAUSDT,sell,autonomous,skipped_existing_position,,364.08,364.0800,,Position already open
2026-09-10T20:06:42.205632+00:00,buy,AAPLUSDT,buy,autonomous,skipped_existing_position,,326.77,326.7700,,Position already open
2026-09-10T20:06:43.545191+00:00,sell,TSLAUSDT,sell,autonomous,skipped_existing_position,,363.72,363.7200,,Position already open
2026-09-10T20:07:15.186263+00:00,buy,AAPLUSDT,buy,autonomous,skipped_existing_position,,326.79,326.7900,,Position already open
2026-09-10T20:07:16.480553+00:00,sell,TSLAUSDT,sell,autonomous,skipped_existing_position,,363.74,363.7400,,Position already open
2026-09-10T20:12:19.160709+00:00,buy,AAPLUSDT,buy,autonomous,skipped_existing_position,,326.78,326.7800,,Position already open
2026-09-10T20:12:20.149028+00:00,sell,TSLAUSDT,sell,autonomous,skipped_existing_position,,363.84,363.8400,,Position already open
2026-09-10T20:17:22.731893+00:00,buy,AAPLUSDT,buy,autonomous,skipped_existing_position,,326.62,326.6200,,Position already open
2026-09-10T20:17:23.778427+00:00,sell,TSLAUSDT,sell,autonomous,skipped_existing_position,,363.77,363.7700,,Position already open
2026-09-10T20:22:27.3112+00:00,buy,AAPLUSDT,buy,autonomous,skipped_existing_position,,326.61,326.6100,,Position already open
2026-09-10T20:22:28.691538+00:00,sell,TSLAUSDT,sell,autonomous,skipped_existing_position,,363.82,363.8200,,Position already open
2026-09-10T20:24:39.145284+00:00,buy,AAPLUSDT,buy,autonomous,skipped_existing_position,,326.67,326.6700,,Position already open
2026-09-10T20:24:40.130883+00:00,sell,TSLAUSDT,sell,autonomous,skipped_existing_position,,363.82,363.8200,,Position already open
2026-09-10T20:29:43.185319+00:00,buy,AAPLUSDT,buy,autonomous,skipped_existing_position,,326.58,326.5800,,Position already open
2026-09-10T20:29:44.155214+00:00,sell,TSLAUSDT,sell,autonomous,skipped_existing_position,,364.01,364.0100,,Position already open
2026-09-10T20:31:55.541335+00:00,buy,AAPLUSDT,buy,autonomous,skipped_existing_position,,326.38,326.3800,,Position already open
2026-09-10T20:31:56.336755+00:00,sell,TSLAUSDT,sell,autonomous,skipped_existing_position,,363.94,363.9400,,Position already open
2026-09-10T20:36:58.904648+00:00,buy,AAPLUSDT,buy,autonomous,skipped_existing_position,,326.28,326.2800,,Position already open
2026-09-10T20:36:59.9237+00:00,sell,TSLAUSDT,sell,autonomous,skipped_existing_position,,364.08,364.0800,,Position already open
2026-09-10T20:41:00.341186+00:00,buy,AAPLUSDT,buy,autonomous,skipped_existing_position,,326.13,326.1300,,Position already open
2026-09-10T20:41:01.596553+00:00,sell,TSLAUSDT,sell,autonomous,skipped_existing_position,,364.21,364.2100,,Position already open
2026-09-10T20:46:04.27987+00:00,buy,AAPLUSDT,buy,autonomous,skipped_existing_position,,326.38,326.3800,,Position already open
2026-09-10T20:46:05.127502+00:00,sell,TSLAUSDT,sell,autonomous,skipped_existing_position,,364.11,364.1100,,Position already open
2026-09-10T20:47:40.483726+00:00,buy,AAPLUSDT,buy,autonomous,skipped_existing_position,,326.30,326.3000,,Position already open
2026-09-10T20:47:41.595255+00:00,sell,TSLAUSDT,sell,autonomous,skipped_existing_position,,364.02,364.0200,,Position already open
2026-09-10T20:52:44.316556+00:00,buy,AAPLUSDT,buy,autonomous,skipped_existing_position,,326.19,326.1900,,Position already open
2026-09-10T20:52:45.162391+00:00,sell,TSLAUSDT,sell,autonomous,skipped_existing_position,,364.00,364.0000,,Position already open
2026-09-10T20:57:47.828954+00:00,buy,AAPLUSDT,buy,autonomous,skipped_existing_position,,326.21,326.2100,,Position already open
2026-09-10T20:57:48.577903+00:00,sell,TSLAUSDT,sell,autonomous,skipped_existing_position,,364.00,364.0000,,Position already open
2026-09-10T21:00:08.69929+00:00,buy,AAPLUSDT,buy,autonomous,skipped_existing_position,,326.13,326.1300,,Position already open
2026-09-10T21:00:09.753855+00:00,sell,TSLAUSDT,sell,autonomous,skipped_existing_position,,363.97,363.9700,,Position already open
2026-09-10T21:05:12.342952+00:00,buy,AAPLUSDT,buy,autonomous,skipped_existing_position,,326.18,326.1800,,Position already open
2026-09-10T21:05:13.337204+00:00,sell,TSLAUSDT,sell,autonomous,skipped_existing_position,,363.84,363.8400,,Position already open
2026-09-10T21:10:16.087679+00:00,buy,AAPLUSDT,buy,autonomous,skipped_existing_position,,326.10,326.1000,,Position already open
2026-09-10T21:10:17.342403+00:00,sell,TSLAUSDT,sell,autonomous,skipped_existing_position,,363.92,363.9200,,Position already open
2026-09-10T21:15:20.449792+00:00,buy,AAPLUSDT,buy,autonomous,skipped_existing_position,,326.09,326.0900,,Position already open
2026-09-10T21:15:21.490724+00:00,sell,TSLAUSDT,sell,autonomous,skipped_existing_position,,363.94,363.9400,,Position already open
2026-09-10T21:16:43.840494+00:00,buy,AAPLUSDT,buy,autonomous,skipped_existing_position,,326.13,326.1300,,Position already open
2026-09-10T21:16:44.820515+00:00,sell,TSLAUSDT,sell,autonomous,skipped_existing_position,,363.94,363.9400,,Position already open
2026-09-10T21:21:36.238522+00:00,buy,AAPLUSDT,buy,autonomous,skipped_existing_position,,326.10,326.1000,,Position already open
2026-09-10T21:21:37.249213+00:00,sell,TSLAUSDT,sell,autonomous,skipped_existing_position,,363.96,363.9600,,Position already open
2026-09-10T21:26:25.320311+00:00,buy,AAPLUSDT,buy,autonomous,skipped_existing_position,,326.06,326.0600,,Position already open
2026-09-10T21:26:26.062147+00:00,sell,TSLAUSDT,sell,autonomous,skipped_existing_position,,363.93,363.9300,,Position already open
2026-09-10T21:31:29.335931+00:00,buy,AAPLUSDT,buy,autonomous,skipped_existing_position,,326.06,326.0600,,Position already open
2026-09-10T21:31:30.376384+00:00,sell,TSLAUSDT,sell,autonomous,skipped_existing_position,,364.01,364.0100,,Position already open
2026-09-10T21:32:15.62653+00:00,buy,AAPLUSDT,buy,autonomous,skipped_existing_position,,326.06,326.0600,,Position already open
2026-09-10T21:32:16.974308+00:00,sell,TSLAUSDT,sell,autonomous,skipped_existing_position,,364.01,364.0100,,Position already open
2026-09-10T21:37:19.823319+00:00,buy,AAPLUSDT,buy,autonomous,skipped_existing_position,,326.11,326.1100,,Position already open
2026-09-10T21:37:20.809977+00:00,sell,TSLAUSDT,sell,autonomous,skipped_existing_position,,364.01,364.0100,,Position already open
2026-09-10T21:39:56.047358+00:00,buy,AAPLUSDT,buy,autonomous,skipped_existing_position,,326.15,326.1500,,Position already open
2026-09-10T21:39:57.266166+00:00,sell,TSLAUSDT,sell,autonomous,skipped_existing_position,,364.01,364.0100,,Position already open
2026-09-10T21:43:41.781000+00:00,position_closed,AAPLUSDT,close,autonomous,closed,,323.84,326.1400,,Position closed
2026-09-10T21:43:51.823000+00:00,position_closed,TSLAUSDT,close,autonomous,closed,,363.81,363.9200,,Position closed
2026-09-10T21:44:59.812118+00:00,buy,AAPLUSDT,buy,autonomous,skipped_existing_position,,326.13,326.1300,,Position already open
2026-09-10T21:45:01.105258+00:00,sell,TSLAUSDT,sell,autonomous,skipped_existing_position,,363.94,363.9400,,Position already open
2026-09-10T21:49:50.946000+00:00,position_opened,AAPLUSDT,buy,autonomous,submitted,1,326.29,326.2900,,Encrypted intent submitted · 952411eb…
2026-09-10T21:49:52.262000+00:00,position_opened,TSLAUSDT,sell,autonomous,submitted,1,363.85,363.8500,,Encrypted intent submitted · 163402d1…
2026-09-10T21:51:46.365000+00:00,position_closed,AAPLUSDT,close,autonomous,closed,,324.02,326.2900,,Position closed
2026-09-10T21:51:53.036000+00:00,position_closed,TSLAUSDT,close,autonomous,closed,,363.81,363.8500,,Position closed
2026-09-10T21:54:54.217000+00:00,position_opened,AAPLUSDT,buy,autonomous,submitted,1,326.31,326.3100,,Encrypted intent submitted · 9ff1dfc6…
2026-09-10T21:54:55.752000+00:00,position_opened,TSLAUSDT,sell,autonomous,submitted,1,363.91,363.9100,,Encrypted intent submitted · c8aef2ba…
2026-09-10T21:59:58.32416+00:00,buy,AAPLUSDT,buy,autonomous,skipped_existing_position,,326.37,326.3700,,Position already open
2026-09-10T21:59:59.229719+00:00,sell,TSLAUSDT,sell,autonomous,skipped_existing_position,,364.05,364.0500,,Position already open
2026-09-10T22:01:42.773131+00:00,buy,AAPLUSDT,buy,autonomous,skipped_existing_position,,326.62,326.6200,,Position already open
2026-09-10T22:01:43.927853+00:00,sell,TSLAUSDT,sell,autonomous,skipped_existing_position,,363.94,363.9400,,Position already open
2026-09-10T22:05:17.681000+00:00,position_closed,AAPLUSDT,close,autonomous,closed,,324.07,326.4700,,Position closed
2026-09-10T22:05:20.636000+00:00,position_closed,TSLAUSDT,close,autonomous,closed,,363.88,364.0000,,Position closed
2026-09-10T22:06:46.197000+00:00,position_opened,AAPLUSDT,buy,autonomous,submitted,1,326.48,326.4800,,Encrypted intent submitted · 38a484c2…
2026-09-10T22:06:47.783000+00:00,position_opened,TSLAUSDT,sell,autonomous,submitted,1,363.95,363.9500,,Encrypted intent submitted · f7c497d5…
2026-09-10T22:11:50.809617+00:00,buy,AAPLUSDT,buy,autonomous,skipped_existing_position,,326.45,326.4500,,Position already open
2026-09-10T22:11:51.637052+00:00,sell,TSLAUSDT,sell,autonomous,skipped_existing_position,,364.00,364.0000,,Position already open
2026-09-10T22:14:43.594512+00:00,buy,AAPLUSDT,buy,autonomous,skipped_existing_position,,326.38,326.3800,,Position already open
2026-09-10T22:14:44.364791+00:00,sell,TSLAUSDT,sell,autonomous,skipped_existing_position,,363.92,363.9200,,Position already open
2026-09-10T22:19:46.310255+00:00,buy,AAPLUSDT,buy,autonomous,skipped_existing_position,,326.54,326.5400,,Position already open
2026-09-10T22:19:47.391676+00:00,sell,TSLAUSDT,sell,autonomous,skipped_existing_position,,364.10,364.1000,,Position already open
2026-09-10T22:20:54.321543+00:00,buy,AAPLUSDT,buy,autonomous,skipped_existing_position,,326.55,326.5500,,Position already open
2026-09-10T22:20:55.280446+00:00,sell,TSLAUSDT,sell,autonomous,skipped_existing_position,,364.10,364.1000,,Position already open
2026-09-10T22:24:15.463000+00:00,position_closed,AAPLUSDT,close,autonomous,closed,1,324.09,324.0900,0.99,Position closed
2026-09-10T22:24:31.622000+00:00,position_closed,TSLAUSDT,close,autonomous,closed,1,363.87,363.8700,2.47,Position closed
2026-09-10T22:26:28.127000+00:00,position_opened,AAPLUSDT,buy,autonomous,submitted,1,326.39,326.3900,,Encrypted intent submitted · a4dc8b1c…
2026-09-10T22:26:29.662000+00:00,position_opened,TSLAUSDT,sell,autonomous,submitted,1,363.96,363.9600,,Encrypted intent submitted · a2b06594…
2026-09-10T22:31:32.018975+00:00,buy,AAPLUSDT,buy,autonomous,skipped_existing_position,,326.38,326.3800,,Position already open
2026-09-10T22:31:32.76118+00:00,sell,TSLAUSDT,sell,autonomous,skipped_existing_position,,363.79,363.7900,,Position already open
2026-09-10T22:36:35.000216+00:00,buy,AAPLUSDT,buy,autonomous,skipped_existing_position,,326.29,326.2900,,Position already open
2026-09-10T22:36:35.877705+00:00,sell,TSLAUSDT,sell,autonomous,skipped_existing_position,,363.77,363.7700,,Position already open
2026-09-10T22:45:10.329161+00:00,buy,AAPLUSDT,buy,autonomous,skipped_existing_position,1,326.23,326.2300,,Position already open
2026-09-10T22:45:11.868551+00:00,sell,TSLAUSDT,sell,autonomous,skipped_existing_position,1,363.56,363.5600,,Position already open
2026-09-10T22:50:14.251071+00:00,sell,AAPLUSDT,sell,autonomous,skipped_existing_position,1,326.35,326.3500,,Position already open
2026-09-10T22:50:14.835135+00:00,blocked,TSLAUSDT,hold,autonomous,logged,0,0.00,363.7500,,No trade signal
2026-09-10T22:55:16.55611+00:00,sell,AAPLUSDT,sell,autonomous,skipped_existing_position,1,326.19,326.1900,,Position already open
2026-09-10T22:55:17.396171+00:00,blocked,TSLAUSDT,hold,autonomous,logged,0,0.00,363.6000,,No trade signal
2026-09-10T23:00:19.302781+00:00,sell,AAPLUSDT,sell,autonomous,skipped_existing_position,1,326.17,326.1700,,Position already open
2026-09-10T23:00:20.389015+00:00,blocked,TSLAUSDT,hold,autonomous,logged,0,0.00,363.6300,,No trade signal
2026-09-10T23:05:22.589433+00:00,sell,AAPLUSDT,sell,autonomous,skipped_existing_position,1,326.19,326.1900,,Position already open
2026-09-10T23:05:23.416231+00:00,blocked,TSLAUSDT,hold,autonomous,logged,0,0.00,363.5700,,No trade signal
2026-09-10T23:17:31.548307+00:00,buy,AAPLUSDT,buy,autonomous,skipped_existing_position,1,326.06,326.0600,,Position already open
2026-09-10T23:17:32.570502+00:00,sell,TSLAUSDT,sell,autonomous,skipped_existing_position,1,363.59,363.5900,,Position already open
2026-09-10T23:24:28.435000+00:00,position_closed,AAPLUSDT,close,autonomous,closed,2,647.60,323.8000,1.03,Position closed
2026-09-10T23:27:20.727000+00:00,position_opened,AAPLUSDT,buy,autonomous,submitted,1,325.93,325.9300,,Encrypted intent submitted · f07b9f3b…
2026-09-10T23:27:22.33436+00:00,sell,TSLAUSDT,sell,autonomous,skipped_existing_position,1,363.53,363.5300,,Position already open
2026-09-10T23:29:42.667000+00:00,position_closed,TSLAUSDT,close,autonomous,closed,1,363.54,363.5400,2.92,Position closed
2026-09-10T23:30:14.019000+00:00,position_closed,AAPLUSDT,close,autonomous,closed,1,323.75,323.7500,0.58,Position closed
2026-09-10T23:31:33.406000+00:00,position_closed,AAPLUSDT,close,autonomous,closed,1,323.72,323.7200,0.48,Position closed
2026-09-10T23:39:17.417000+00:00,position_opened,AAPLUSDT,sell,autonomous,submitted,1,325.87,325.8700,,Encrypted intent submitted · df94e9fd…
2026-09-10T23:39:18.376382+00:00,blocked,TSLAUSDT,hold,autonomous,logged,0,0.00,363.8000,,No trade signal
2026-09-10T23:42:30.506000+00:00,position_closed,AAPLUSDT,close,autonomous,closed,1,323.77,323.7700,0.02,Position closed
2026-09-10T23:45:16.884000+00:00,position_closed,AAPLUSDT,close,autonomous,closed,1,323.79,323.7900,-0.37,Position closed
2026-09-11T12:48:32.233000+00:00,position_opened,AAPLUSDT,sell,autonomous,submitted,1,326.36,326.3600,,Encrypted intent submitted · 44c4ffa1…
2026-09-11T12:48:33.688185+00:00,blocked,TSLAUSDT,hold,autonomous,logged,0,0.00,363.0000,,No trade signal
2026-09-11T12:53:36.428771+00:00,sell,AAPLUSDT,sell,autonomous,skipped_existing_position,1,326.15,326.1500,,Position already open
2026-09-11T12:53:37.471000+00:00,position_opened,TSLAUSDT,sell,autonomous,submitted,1,364.33,364.3300,,Encrypted intent submitted · 44201221…
2026-09-11T12:58:40.115903+00:00,sell,AAPLUSDT,sell,autonomous,skipped_existing_position,1,326.35,326.3500,,Position already open
2026-09-11T12:58:40.887975+00:00,sell,TSLAUSDT,sell,autonomous,skipped_existing_position,1,365.11,365.1100,,Position already open
2026-09-11T13:03:43.289359+00:00,sell,AAPLUSDT,sell,autonomous,skipped_existing_position,1,326.67,326.6700,,Position already open
2026-09-11T13:03:44.044338+00:00,sell,TSLAUSDT,sell,autonomous,skipped_existing_position,1,365.13,365.1300,,Position already open
2026-09-11T13:09:16.192021+00:00,sell,AAPLUSDT,sell,autonomous,skipped_existing_position,1,326.72,326.7200,,Position already open
2026-09-11T13:09:17.487783+00:00,sell,TSLAUSDT,sell,autonomous,skipped_existing_position,1,365.28,365.2800,,Position already open
2026-09-11T13:14:20.020896+00:00,sell,AAPLUSDT,sell,autonomous,skipped_existing_position,1,326.70,326.7000,,Position already open
2026-09-11T13:14:21.017335+00:00,blocked,TSLAUSDT,hold,autonomous,logged,0,0.00,364.5600,,No trade signal
2026-09-11T13:19:23.59825+00:00,sell,AAPLUSDT,sell,autonomous,skipped_existing_position,1,326.42,326.4200,,Position already open
2026-09-11T13:19:24.196094+00:00,blocked,TSLAUSDT,hold,autonomous,logged,0,0.00,364.4800,,No trade signal
2026-09-11T13:20:14.089322+00:00,sell,AAPLUSDT,sell,autonomous,skipped_existing_position,1,326.25,326.2500,,Position already open
2026-09-11T13:20:15.007606+00:00,blocked,TSLAUSDT,hold,autonomous,logged,0,0.00,364.3500,,No trade signal
2026-09-11T13:25:16.995335+00:00,sell,AAPLUSDT,sell,autonomous,skipped_existing_position,1,326.45,326.4500,,Position already open
2026-09-11T13:25:18.130164+00:00,blocked,TSLAUSDT,hold,autonomous,logged,0,0.00,364.1500,,No trade signal
2026-09-11T13:30:20.756532+00:00,sell,AAPLUSDT,sell,autonomous,skipped_existing_position,1,328.36,328.3600,,Position already open
2026-09-11T13:30:21.985919+00:00,sell,TSLAUSDT,sell,autonomous,skipped_existing_position,1,363.04,363.0400,,Position already open
2026-09-11T13:35:24.867043+00:00,sell,AAPLUSDT,sell,autonomous,skipped_existing_position,1,331.92,331.9200,,Position already open
2026-09-11T13:35:25.696194+00:00,sell,TSLAUSDT,sell,autonomous,skipped_existing_position,1,365.53,365.5300,,Position already open
2026-09-11T13:40:27.658029+00:00,sell,AAPLUSDT,sell,autonomous,skipped_existing_position,1,333.32,333.3200,,Position already open
2026-09-11T13:40:28.451102+00:00,blocked,TSLAUSDT,hold,autonomous,logged,0,0.00,366.8700,,No trade signal
2026-09-11T13:55:54.336103+00:00,sell,AAPLUSDT,sell,autonomous,skipped_existing_position,1,332.09,332.0900,,Position already open
2026-09-11T13:55:54.940637+00:00,blocked,TSLAUSDT,hold,autonomous,logged,0,0.00,365.9800,,No trade signal
2026-09-11T14:00:57.634323+00:00,sell,AAPLUSDT,sell,autonomous,skipped_existing_position,1,332.62,332.6200,,Position already open
2026-09-11T14:00:58.43849+00:00,blocked,TSLAUSDT,hold,autonomous,logged,0,0.00,367.2000,,No trade signal
2026-09-11T14:06:00.55468+00:00,sell,AAPLUSDT,sell,autonomous,skipped_existing_position,1,332.46,332.4600,,Position already open
2026-09-11T14:06:01.369457+00:00,blocked,TSLAUSDT,hold,autonomous,logged,0,0.00,367.5100,,No trade signal
2026-09-11T14:11:03.648425+00:00,sell,AAPLUSDT,sell,autonomous,skipped_existing_position,1,332.70,332.7000,,Position already open
2026-09-11T14:11:04.249747+00:00,blocked,TSLAUSDT,hold,autonomous,logged,0,0.00,367.3000,,No trade signal
2026-09-11T14:16:06.747798+00:00,sell,AAPLUSDT,sell,autonomous,skipped_existing_position,1,332.04,332.0400,,Position already open
2026-09-11T14:16:07.702904+00:00,blocked,TSLAUSDT,hold,autonomous,logged,0,0.00,364.6000,,No trade signal
2026-09-11T14:25:30.839145+00:00,sell,AAPLUSDT,sell,autonomous,skipped_existing_position,1,333.53,333.5300,,Position already open
2026-09-11T14:25:31.746493+00:00,blocked,TSLAUSDT,hold,autonomous,logged,0,0.00,363.5800,,No trade signal
2026-09-11T14:30:33.887127+00:00,sell,AAPLUSDT,sell,autonomous,skipped_existing_position,1,333.59,333.5900,,Position already open
2026-09-11T14:30:34.833539+00:00,blocked,TSLAUSDT,hold,autonomous,logged,0,0.00,366.0200,,No trade signal
2026-09-11T14:35:37.146286+00:00,sell,AAPLUSDT,sell,autonomous,skipped_existing_position,1,334.19,334.1900,,Position already open
2026-09-11T14:35:38.108072+00:00,blocked,TSLAUSDT,hold,autonomous,logged,0,0.00,365.8800,,No trade signal
2026-09-11T14:44:40.401866+00:00,sell,AAPLUSDT,sell,autonomous,skipped_existing_position,1,334.63,334.6300,,Position already open
2026-09-11T14:44:41.236321+00:00,buy,TSLAUSDT,buy,autonomous,skipped_existing_position,1,364.95,364.9500,,Position already open
2026-09-11T14:49:43.417682+00:00,sell,AAPLUSDT,sell,autonomous,skipped_existing_position,1,334.74,334.7400,,Position already open
2026-09-11T14:49:44.335196+00:00,blocked,TSLAUSDT,hold,autonomous,logged,0,0.00,365.9500,,No trade signal
2026-09-11T14:50:35.045439+00:00,sell,AAPLUSDT,sell,autonomous,skipped_existing_position,1,334.82,334.8200,,Position already open
2026-09-11T14:50:35.622632+00:00,blocked,TSLAUSDT,hold,autonomous,logged,0,0.00,365.6100,,No trade signal
2026-09-11T14:55:37.599884+00:00,sell,AAPLUSDT,sell,autonomous,skipped_existing_position,1,334.99,334.9900,,Position already open
2026-09-11T14:55:38.190054+00:00,blocked,TSLAUSDT,hold,autonomous,logged,0,0.00,365.1000,,No trade signal
2026-09-11T15:00:39.831623+00:00,sell,AAPLUSDT,sell,autonomous,skipped_existing_position,1,335.18,335.1800,,Position already open
2026-09-11T15:00:40.423696+00:00,blocked,TSLAUSDT,hold,autonomous,logged,0,0.00,365.1300,,No trade signal
2026-09-11T15:05:42.857777+00:00,sell,AAPLUSDT,sell,autonomous,skipped_existing_position,1,335.75,335.7500,,Position already open
2026-09-11T15:05:43.8455+00:00,blocked,TSLAUSDT,hold,autonomous,logged,0,0.00,365.4700,,No trade signal
2026-09-11T17:52:16.803316+00:00,sell,AAPLUSDT,sell,autonomous,skipped_existing_position,1,332.92,332.9200,,Position already open
2026-09-11T17:52:17.436987+00:00,blocked,TSLAUSDT,hold,autonomous,logged,0,0.00,365.6400,,No trade signal
2026-09-11T17:57:19.845473+00:00,sell,AAPLUSDT,sell,autonomous,skipped_existing_position,1,333.29,333.2900,,Position already open
2026-09-11T17:57:20.654146+00:00,blocked,TSLAUSDT,hold,autonomous,logged,0,0.00,365.4300,,No trade signal
2026-09-11T17:59:24.883003+00:00,sell,AAPLUSDT,sell,autonomous,skipped_existing_position,1,333.50,333.5000,,Position already open
2026-09-11T17:59:25.722671+00:00,blocked,TSLAUSDT,hold,autonomous,logged,0,0.00,365.5000,,No trade signal
2026-09-11T18:03:28.19082+00:00,sell,AAPLUSDT,sell,autonomous,skipped_existing_position,1,333.68,333.6800,,Position already open
2026-09-11T18:03:28.818593+00:00,blocked,TSLAUSDT,hold,autonomous,logged,0,0.00,364.9700,,No trade signal
2026-09-11T18:04:48.475373+00:00,sell,AAPLUSDT,sell,autonomous,skipped_existing_position,1,333.43,333.4300,,Position already open
2026-09-11T18:04:49.269418+00:00,blocked,TSLAUSDT,hold,autonomous,logged,0,0.00,365.2900,,No trade signal
2026-09-11T18:07:30.740957+00:00,sell,AAPLUSDT,sell,autonomous,skipped_existing_position,1,333.00,333.0000,,Position already open
2026-09-11T18:07:31.662136+00:00,blocked,TSLAUSDT,hold,autonomous,logged,0,0.00,365.0200,,No trade signal
2026-09-11T18:12:33.82821+00:00,sell,AAPLUSDT,sell,autonomous,skipped_existing_position,1,332.80,332.8000,,Position already open
2026-09-11T18:12:34.672883+00:00,blocked,TSLAUSDT,hold,autonomous,logged,0,0.00,365.4700,,No trade signal
2026-09-11T18:17:36.525843+00:00,sell,AAPLUSDT,sell,autonomous,skipped_existing_position,1,332.91,332.9100,,Position already open
2026-09-11T18:17:37.61248+00:00,blocked,TSLAUSDT,hold,autonomous,logged,0,0.00,365.4200,,No trade signal
2026-09-11T18:18:43.246684+00:00,sell,AAPLUSDT,sell,autonomous,skipped_existing_position,1,332.89,332.8900,,Position already open
2026-09-11T18:18:43.814598+00:00,blocked,TSLAUSDT,hold,autonomous,logged,0,0.00,365.6200,,No trade signal
2026-09-11T18:22:57.722169+00:00,sell,AAPLUSDT,sell,autonomous,skipped_existing_position,1,333.03,333.0300,,Position already open
2026-09-11T18:22:58.523863+00:00,blocked,TSLAUSDT,hold,autonomous,logged,0,0.00,365.5700,,No trade signal
2026-09-11T18:28:00.321109+00:00,sell,AAPLUSDT,sell,autonomous,skipped_existing_position,1,332.82,332.8200,,Position already open
2026-09-11T18:28:03.388548+00:00,blocked,TSLAUSDT,hold,autonomous,logged,0,0.00,365.2700,,No trade signal
2026-09-11T18:30:27.801671+00:00,sell,AAPLUSDT,sell,autonomous,skipped_existing_position,1,333.11,333.1100,,Position already open
2026-09-11T18:30:28.925571+00:00,blocked,TSLAUSDT,hold,autonomous,logged,0,0.00,365.5300,,No trade signal
2026-09-11T18:35:32.369754+00:00,sell,AAPLUSDT,sell,autonomous,skipped_existing_position,1,333.05,333.0500,,Position already open
2026-09-11T18:35:32.930058+00:00,blocked,TSLAUSDT,hold,autonomous,logged,0,0.00,365.1000,,No trade signal
2026-09-11T18:39:57.750272+00:00,sell,AAPLUSDT,sell,autonomous,skipped_existing_position,1,333.16,333.1600,,Position already open
2026-09-11T18:39:58.308889+00:00,blocked,TSLAUSDT,hold,autonomous,logged,0,0.00,365.0900,,No trade signal
2026-09-11T18:41:08.765238+00:00,sell,AAPLUSDT,sell,autonomous,skipped_existing_position,1,333.09,333.0900,,Position already open
2026-09-11T18:41:09.330229+00:00,blocked,TSLAUSDT,hold,autonomous,logged,0,0.00,365.0300,,No trade signal
2026-09-11T18:46:11.807051+00:00,sell,AAPLUSDT,sell,autonomous,skipped_existing_position,1,332.84,332.8400,,Position already open
2026-09-11T18:46:12.372928+00:00,blocked,TSLAUSDT,hold,autonomous,logged,0,0.00,364.9100,,No trade signal
2026-09-11T18:51:14.531678+00:00,sell,AAPLUSDT,sell,autonomous,skipped_existing_position,1,332.82,332.8200,,Position already open
2026-09-11T18:51:15.121002+00:00,blocked,TSLAUSDT,hold,autonomous,logged,0,0.00,364.5400,,No trade signal
2026-09-11T18:56:17.288841+00:00,sell,AAPLUSDT,sell,autonomous,skipped_existing_position,1,333.00,333.0000,,Position already open
2026-09-11T18:56:18.166292+00:00,blocked,TSLAUSDT,hold,autonomous,logged,0,0.00,364.8100,,No trade signal
2026-09-11T18:57:36.832904+00:00,sell,AAPLUSDT,sell,autonomous,skipped_existing_position,1,332.83,332.8300,,Position already open
2026-09-11T18:57:37.617597+00:00,blocked,TSLAUSDT,hold,autonomous,logged,0,0.00,365.0700,,No trade signal
2026-09-11T19:02:39.733291+00:00,sell,AAPLUSDT,sell,autonomous,skipped_existing_position,1,332.66,332.6600,,Position already open
2026-09-11T19:02:40.543629+00:00,blocked,TSLAUSDT,hold,autonomous,logged,0,0.00,365.3900,,No trade signal
2026-09-11T19:07:43.042738+00:00,sell,AAPLUSDT,sell,autonomous,skipped_existing_position,1,332.92,332.9200,,Position already open
2026-09-11T19:07:43.605251+00:00,blocked,TSLAUSDT,hold,autonomous,logged,0,0.00,364.9000,,No trade signal
2026-09-12T08:41:21.32228+00:00,sell,AAPLUSDT,sell,autonomous,skipped_existing_position,1,333.31,333.3100,,Position already open
2026-09-12T08:41:22.165856+00:00,blocked,TSLAUSDT,hold,autonomous,logged,0,0.00,365.3200,,No trade signal
2026-09-12T08:46:24.040626+00:00,sell,AAPLUSDT,sell,autonomous,skipped_existing_position,1,333.49,333.4900,,Position already open
2026-09-12T08:46:24.829867+00:00,blocked,TSLAUSDT,hold,autonomous,logged,0,0.00,365.3200,,No trade signal
2026-09-12T08:51:26.506632+00:00,sell,AAPLUSDT,sell,autonomous,skipped_existing_position,1,333.63,333.6300,,Position already open
2026-09-12T08:51:27.316283+00:00,blocked,TSLAUSDT,hold,autonomous,logged,0,0.00,365.4500,,No trade signal
2026-09-12T12:25:55.088672+00:00,sell,AAPLUSDT,sell,autonomous,skipped_existing_position,1,333.34,333.3400,,Position already open
2026-09-12T12:25:55.672258+00:00,blocked,TSLAUSDT,hold,autonomous,logged,0,0.00,365.6700,,No trade signal
2026-09-12T12:30:57.520737+00:00,sell,AAPLUSDT,sell,autonomous,skipped_existing_position,1,333.26,333.2600,,Position already open
2026-09-12T12:30:58.445051+00:00,sell,TSLAUSDT,sell,autonomous,skipped_existing_position,1,365.67,365.6700,,Position already open
2026-09-12T12:36:00.386469+00:00,sell,AAPLUSDT,sell,autonomous,skipped_existing_position,1,333.32,333.3200,,Position already open
2026-09-12T12:36:01.822563+00:00,blocked,TSLAUSDT,hold,autonomous,logged,0,0.00,365.7800,,No trade signal
2026-09-12T12:41:04.114906+00:00,sell,AAPLUSDT,sell,autonomous,skipped_existing_position,1,333.29,333.2900,,Position already open
2026-09-12T12:41:04.987473+00:00,blocked,TSLAUSDT,hold,autonomous,logged,0,0.00,365.8600,,No trade signal
2026-09-12T12:46:06.666254+00:00,sell,AAPLUSDT,sell,autonomous,skipped_existing_position,1,333.33,333.3300,,Position already open
2026-09-12T12:46:07.195117+00:00,blocked,TSLAUSDT,hold,autonomous,logged,0,0.00,365.8600,,No trade signal
2026-09-12T12:51:09.127877+00:00,sell,AAPLUSDT,sell,autonomous,skipped_existing_position,1,333.32,333.3200,,Position already open
2026-09-12T12:51:09.903699+00:00,blocked,TSLAUSDT,hold,autonomous,logged,0,0.00,365.8600,,No trade signal
2026-09-12T12:56:11.769952+00:00,sell,AAPLUSDT,sell,autonomous,skipped_existing_position,1,333.33,333.3300,,Position already open
2026-09-12T12:56:12.561917+00:00,blocked,TSLAUSDT,hold,autonomous,logged,0,0.00,365.8600,,No trade signal
2026-09-12T13:01:14.400516+00:00,sell,AAPLUSDT,sell,autonomous,skipped_existing_position,1,333.34,333.3400,,Position already open
2026-09-12T13:01:14.942355+00:00,blocked,TSLAUSDT,hold,autonomous,logged,0,0.00,365.9100,,No trade signal
2026-09-12T13:06:17.157757+00:00,sell,AAPLUSDT,sell,autonomous,skipped_existing_position,1,333.34,333.3400,,Position already open
2026-09-12T13:06:17.940935+00:00,blocked,TSLAUSDT,hold,autonomous,logged,0,0.00,365.8200,,No trade signal
2026-09-12T13:11:19.55057+00:00,sell,AAPLUSDT,sell,autonomous,skipped_existing_position,1,333.36,333.3600,,Position already open
2026-09-12T13:11:20.063575+00:00,blocked,TSLAUSDT,hold,autonomous,logged,0,0.00,365.9300,,No trade signal
2026-09-12T13:15:40.953391+00:00,sell,AAPLUSDT,sell,autonomous,skipped_existing_position,1,333.39,333.3900,,Position already open
2026-09-12T13:15:41.464999+00:00,blocked,TSLAUSDT,hold,autonomous,logged,0,0.00,365.9300,,No trade signal
2026-09-12T13:20:43.355534+00:00,sell,AAPLUSDT,sell,autonomous,skipped_existing_position,1,333.38,333.3800,,Position already open
2026-09-12T13:20:44.150804+00:00,blocked,TSLAUSDT,hold,autonomous,logged,0,0.00,365.7000,,No trade signal
2026-09-12T13:25:45.873861+00:00,sell,AAPLUSDT,sell,autonomous,skipped_existing_position,1,333.40,333.4000,,Position already open
2026-09-12T13:25:46.673239+00:00,blocked,TSLAUSDT,hold,autonomous,logged,0,0.00,365.6900,,No trade signal
2026-09-12T13:30:48.304187+00:00,sell,AAPLUSDT,sell,autonomous,skipped_existing_position,1,333.39,333.3900,,Position already open
2026-09-12T13:30:49.086373+00:00,blocked,TSLAUSDT,hold,autonomous,logged,0,0.00,365.8600,,No trade signal
2026-09-12T14:10:17.006766+00:00,blocked,AAPLUSDT,hold,autonomous,logged,0,0.00,333.4100,,No trade signal
2026-09-12T14:10:17.57099+00:00,blocked,TSLAUSDT,hold,autonomous,logged,0,0.00,365.6300,,No trade signal
2026-09-12T14:15:19.221375+00:00,blocked,AAPLUSDT,hold,autonomous,logged,0,0.00,333.5800,,No trade signal
2026-09-12T14:15:20.029298+00:00,blocked,TSLAUSDT,hold,autonomous,logged,0,0.00,365.6800,,No trade signal
2026-09-12T14:20:21.93559+00:00,blocked,AAPLUSDT,hold,autonomous,logged,0,0.00,333.5800,,No trade signal
2026-09-12T14:20:22.752204+00:00,blocked,TSLAUSDT,hold,autonomous,logged,0,0.00,365.6100,,No trade signal
2026-09-12T15:58:34.23602+00:00,blocked,AAPLUSDT,hold,autonomous,logged,0,0.00,333.6900,,No trade signal
2026-09-12T15:58:35.044903+00:00,blocked,TSLAUSDT,hold,autonomous,logged,0,0.00,366.0900,,No trade signal
2026-09-12T16:03:36.592485+00:00,blocked,AAPLUSDT,hold,autonomous,logged,0,0.00,333.5400,,No trade signal
2026-09-12T16:03:37.389261+00:00,blocked,TSLAUSDT,hold,autonomous,logged,0,0.00,366.1000,,No trade signal
2026-09-12T16:08:39.189633+00:00,blocked,AAPLUSDT,hold,autonomous,logged,0,0.00,333.6100,,No trade signal
2026-09-12T16:08:39.794433+00:00,blocked,TSLAUSDT,hold,autonomous,logged,0,0.00,366.0600,,No trade signal
2026-09-12T16:13:41.935014+00:00,blocked,AAPLUSDT,hold,autonomous,logged,0,0.00,333.7200,,No trade signal
2026-09-12T16:13:42.738218+00:00,blocked,TSLAUSDT,hold,autonomous,logged,0,0.00,366.0400,,No trade signal
2026-09-12T16:18:44.409456+00:00,blocked,AAPLUSDT,hold,autonomous,logged,0,0.00,333.7800,,No trade signal
2026-09-12T16:18:45.236119+00:00,blocked,TSLAUSDT,hold,autonomous,logged,0,0.00,366.0400,,No trade signal
2026-09-12T16:23:47.063197+00:00,blocked,AAPLUSDT,hold,autonomous,logged,0,0.00,333.7100,,No trade signal
2026-09-12T16:23:47.866175+00:00,blocked,TSLAUSDT,hold,autonomous,logged,0,0.00,366.0900,,No trade signal
2026-09-12T16:28:49.559783+00:00,blocked,AAPLUSDT,hold,autonomous,logged,0,0.00,333.7900,,No trade signal
2026-09-12T16:28:50.331447+00:00,blocked,TSLAUSDT,hold,autonomous,logged,0,0.00,366.1700,,No trade signal
2026-09-12T17:15:08.664908+00:00,blocked,AAPLUSDT,hold,autonomous,logged,0,0.00,333.7200,,No trade signal
2026-09-12T17:15:09.333988+00:00,blocked,TSLAUSDT,hold,autonomous,logged,0,0.00,366.1100,,No trade signal
2026-09-12T17:20:11.075025+00:00,blocked,AAPLUSDT,hold,autonomous,logged,0,0.00,333.7200,,No trade signal
2026-09-12T17:20:11.670015+00:00,blocked,TSLAUSDT,hold,autonomous,logged,0,0.00,366.0600,,No trade signal
2026-09-12T17:25:13.806377+00:00,blocked,AAPLUSDT,hold,autonomous,logged,0,0.00,333.7200,,No trade signal
2026-09-12T17:25:14.637352+00:00,blocked,TSLAUSDT,hold,autonomous,logged,0,0.00,366.0700,,No trade signal
2026-09-12T17:30:18.099328+00:00,blocked,AAPLUSDT,hold,autonomous,logged,0,0.00,333.7300,,No trade signal
2026-09-12T17:30:18.778682+00:00,blocked,TSLAUSDT,hold,autonomous,logged,0,0.00,366.0500,,No trade signal
2026-09-12T17:35:20.624722+00:00,blocked,AAPLUSDT,hold,autonomous,logged,0,0.00,333.7200,,No trade signal
2026-09-12T17:35:21.161541+00:00,blocked,TSLAUSDT,hold,autonomous,logged,0,0.00,366.1500,,No trade signal
2026-09-12T17:40:22.897668+00:00,blocked,AAPLUSDT,hold,autonomous,logged,0,0.00,333.7200,,No trade signal
2026-09-12T17:40:23.689243+00:00,blocked,TSLAUSDT,hold,autonomous,logged,0,0.00,366.1600,,No trade signal
2026-09-12T17:45:25.370862+00:00,blocked,AAPLUSDT,hold,autonomous,logged,0,0.00,333.7200,,No trade signal
2026-09-12T17:45:26.164686+00:00,blocked,TSLAUSDT,hold,autonomous,logged,0,0.00,366.1900,,No trade signal
2026-09-13T08:41:29.56134+00:00,blocked,AAPLUSDT,hold,autonomous,logged,0,0.00,332.8500,,No trade signal
2026-09-13T08:41:30.714784+00:00,blocked,TSLAUSDT,hold,autonomous,logged,0,0.00,365.1500,,No trade signal
2026-09-13T08:46:32.319654+00:00,blocked,AAPLUSDT,hold,autonomous,logged,0,0.00,332.7000,,No trade signal
2026-09-13T08:46:32.882516+00:00,blocked,TSLAUSDT,hold,autonomous,logged,0,0.00,365.1200,,No trade signal
2026-09-13T08:51:34.856786+00:00,blocked,AAPLUSDT,hold,autonomous,logged,0,0.00,332.7200,,No trade signal
2026-09-13T08:51:35.427862+00:00,blocked,TSLAUSDT,hold,autonomous,logged,0,0.00,365.3600,,No trade signal
2026-09-13T08:56:37.380406+00:00,blocked,AAPLUSDT,hold,autonomous,logged,0,0.00,332.7300,,No trade signal
2026-09-13T08:56:38.237398+00:00,blocked,TSLAUSDT,hold,autonomous,logged,0,0.00,365.5300,,No trade signal
2026-09-13T09:01:40.081372+00:00,blocked,AAPLUSDT,hold,autonomous,logged,0,0.00,332.6800,,No trade signal
2026-09-13T09:01:40.923485+00:00,blocked,TSLAUSDT,hold,autonomous,logged,0,0.00,365.1900,,No trade signal
2026-09-13T09:06:42.776934+00:00,blocked,AAPLUSDT,hold,autonomous,logged,0,0.00,332.7100,,No trade signal
2026-09-13T09:06:43.602516+00:00,blocked,TSLAUSDT,hold,autonomous,logged,0,0.00,365.1900,,No trade signal
2026-09-13T09:11:45.32479+00:00,blocked,AAPLUSDT,hold,autonomous,logged,0,0.00,332.7500,,No trade signal
2026-09-13T09:11:46.176602+00:00,blocked,TSLAUSDT,hold,autonomous,logged,0,0.00,365.0900,,No trade signal
2026-09-13T09:36:16.903043+00:00,blocked,AAPLUSDT,hold,autonomous,logged,0,0.00,332.1500,,No trade signal
2026-09-13T09:36:17.476216+00:00,blocked,TSLAUSDT,hold,autonomous,logged,0,0.00,364.7700,,No trade signal
2026-09-13T09:41:19.255606+00:00,blocked,AAPLUSDT,hold,autonomous,logged,0,0.00,332.0700,,No trade signal
2026-09-13T09:41:19.805746+00:00,blocked,TSLAUSDT,hold,autonomous,logged,0,0.00,364.7500,,No trade signal
2026-09-13T09:46:21.248571+00:00,blocked,AAPLUSDT,hold,autonomous,logged,0,0.00,331.9800,,No trade signal
2026-09-13T09:46:21.779024+00:00,blocked,TSLAUSDT,hold,autonomous,logged,0,0.00,364.9000,,No trade signal
2026-09-13T09:51:23.675798+00:00,blocked,AAPLUSDT,hold,autonomous,logged,0,0.00,332.3400,,No trade signal
2026-09-13T09:51:24.514118+00:00,blocked,TSLAUSDT,hold,autonomous,logged,0,0.00,364.9300,,No trade signal
2026-09-13T09:56:26.199575+00:00,blocked,AAPLUSDT,hold,autonomous,logged,0,0.00,332.3900,,No trade signal
2026-09-13T09:56:26.765204+00:00,blocked,TSLAUSDT,hold,autonomous,logged,0,0.00,364.9800,,No trade signal
2026-09-13T10:01:28.646008+00:00,blocked,AAPLUSDT,hold,autonomous,logged,0,0.00,332.3100,,No trade signal
2026-09-13T10:01:29.441846+00:00,blocked,TSLAUSDT,hold,autonomous,logged,0,0.00,364.9200,,No trade signal
2026-09-13T10:22:05.480557+00:00,blocked,AAPLUSDT,hold,autonomous,logged,0,0.00,331.2600,,No trade signal
2026-09-13T10:22:06.043661+00:00,blocked,TSLAUSDT,hold,autonomous,logged,0,0.00,364.9100,,No trade signal
2026-09-13T10:27:07.806633+00:00,blocked,AAPLUSDT,hold,autonomous,logged,0,0.00,331.4200,,No trade signal
2026-09-13T10:27:08.878488+00:00,blocked,TSLAUSDT,hold,autonomous,logged,0,0.00,364.9400,,No trade signal
2026-09-13T10:32:11.18759+00:00,blocked,AAPLUSDT,hold,autonomous,logged,0,0.00,331.3300,,No trade signal
2026-09-13T10:32:12.027888+00:00,blocked,TSLAUSDT,hold,autonomous,logged,0,0.00,364.9000,,No trade signal
2026-09-13T10:37:13.611717+00:00,blocked,AAPLUSDT,hold,autonomous,logged,0,0.00,331.3300,,No trade signal
2026-09-13T10:37:14.411049+00:00,blocked,TSLAUSDT,hold,autonomous,logged,0,0.00,364.9000,,No trade signal
2026-09-13T10:42:16.0887+00:00,blocked,AAPLUSDT,hold,autonomous,logged,0,0.00,331.1800,,No trade signal
2026-09-13T10:42:16.94879+00:00,blocked,TSLAUSDT,hold,autonomous,logged,0,0.00,364.8800,,No trade signal
2026-09-13T11:28:38.294273+00:00,blocked,AAPLUSDT,hold,autonomous,logged,0,0.00,331.1400,,No trade signal
2026-09-13T11:28:38.904101+00:00,blocked,TSLAUSDT,hold,autonomous,logged,0,0.00,364.2200,,No trade signal
2026-09-13T11:33:40.535509+00:00,blocked,AAPLUSDT,hold,autonomous,logged,0,0.00,331.0800,,No trade signal
2026-09-13T11:33:41.350096+00:00,blocked,TSLAUSDT,hold,autonomous,logged,0,0.00,364.1700,,No trade signal
2026-09-13T11:38:43.105546+00:00,blocked,AAPLUSDT,hold,autonomous,logged,0,0.00,331.0200,,No trade signal
2026-09-13T11:38:43.661863+00:00,blocked,TSLAUSDT,hold,autonomous,logged,0,0.00,364.1400,,No trade signal
2026-09-13T11:43:45.298372+00:00,blocked,AAPLUSDT,hold,autonomous,logged,0,0.00,331.0200,,No trade signal
2026-09-13T11:43:46.138787+00:00,blocked,TSLAUSDT,hold,autonomous,logged,0,0.00,364.1400,,No trade signal
2026-09-13T11:48:48.089067+00:00,blocked,AAPLUSDT,hold,autonomous,logged,0,0.00,331.0700,,No trade signal
2026-09-13T11:48:48.669681+00:00,blocked,TSLAUSDT,hold,autonomous,logged,0,0.00,364.0900,,No trade signal
2026-09-13T11:53:51.077193+00:00,blocked,AAPLUSDT,hold,autonomous,logged,0,0.00,331.2300,,No trade signal
2026-09-13T11:53:51.655307+00:00,blocked,TSLAUSDT,hold,autonomous,logged,0,0.00,364.0500,,No trade signal
2026-09-13T11:58:53.522458+00:00,blocked,AAPLUSDT,hold,autonomous,logged,0,0.00,331.3600,,No trade signal
2026-09-13T11:58:54.335066+00:00,blocked,TSLAUSDT,hold,autonomous,logged,0,0.00,364.0300,,No trade signal
2026-09-13T12:03:56.239795+00:00,blocked,AAPLUSDT,hold,autonomous,logged,0,0.00,331.5400,,No trade signal
2026-09-13T12:03:57.078012+00:00,blocked,TSLAUSDT,hold,autonomous,logged,0,0.00,364.1200,,No trade signal
2026-09-13T12:08:58.844292+00:00,blocked,AAPLUSDT,hold,autonomous,logged,0,0.00,331.4800,,No trade signal
2026-09-13T12:08:59.67094+00:00,blocked,TSLAUSDT,hold,autonomous,logged,0,0.00,364.0100,,No trade signal
2026-09-13T12:14:02.001129+00:00,blocked,AAPLUSDT,hold,autonomous,logged,0,0.00,331.0600,,No trade signal
2026-09-13T12:14:02.745706+00:00,blocked,TSLAUSDT,hold,autonomous,logged,0,0.00,364.2300,,No trade signal
2026-09-13T12:19:04.932482+00:00,blocked,AAPLUSDT,hold,autonomous,logged,0,0.00,331.2300,,No trade signal
2026-09-13T12:19:05.742213+00:00,blocked,TSLAUSDT,hold,autonomous,logged,0,0.00,364.1600,,No trade signal
2026-09-13T12:24:07.370412+00:00,blocked,AAPLUSDT,hold,autonomous,logged,0,0.00,330.9400,,No trade signal
2026-09-13T12:24:07.906487+00:00,blocked,TSLAUSDT,hold,autonomous,logged,0,0.00,364.2200,,No trade signal
2026-09-13T12:33:05.600306+00:00,blocked,AAPLUSDT,hold,autonomous,logged,0,0.00,330.9800,,No trade signal
2026-09-13T12:33:06.131195+00:00,blocked,TSLAUSDT,hold,autonomous,logged,0,0.00,364.1500,,No trade signal
2026-09-13T12:38:07.944779+00:00,blocked,AAPLUSDT,hold,autonomous,logged,0,0.00,330.9500,,No trade signal
2026-09-13T12:38:08.747728+00:00,blocked,TSLAUSDT,hold,autonomous,logged,0,0.00,364.0800,,No trade signal
2026-09-13T12:43:10.388957+00:00,blocked,AAPLUSDT,hold,autonomous,logged,0,0.00,331.3100,,No trade signal
2026-09-13T12:43:10.954692+00:00,blocked,TSLAUSDT,hold,autonomous,logged,0,0.00,364.1200,,No trade signal
2026-09-13T12:48:13.204429+00:00,blocked,AAPLUSDT,hold,autonomous,logged,0,0.00,331.3300,,No trade signal
2026-09-13T12:48:13.78333+00:00,blocked,TSLAUSDT,hold,autonomous,logged,0,0.00,363.6200,,No trade signal
2026-09-13T13:15:17.748324+00:00,blocked,AAPLUSDT,hold,autonomous,logged,0,0.00,331.5800,,No trade signal
2026-09-13T13:15:18.379786+00:00,blocked,TSLAUSDT,hold,autonomous,logged,0,0.00,363.7500,,No trade signal
2026-09-13T13:20:20.530567+00:00,blocked,AAPLUSDT,hold,autonomous,logged,0,0.00,331.4300,,No trade signal
2026-09-13T13:20:21.426176+00:00,blocked,TSLAUSDT,hold,autonomous,logged,0,0.00,363.4800,,No trade signal
2026-09-13T13:25:23.319067+00:00,blocked,AAPLUSDT,hold,autonomous,logged,0,0.00,331.2400,,No trade signal
2026-09-13T13:25:24.16449+00:00,blocked,TSLAUSDT,hold,autonomous,logged,0,0.00,363.4300,,No trade signal
2026-09-13T14:47:57.334222+00:00,blocked,AAPLUSDT,hold,autonomous,logged,0,0.00,331.6800,,No trade signal
2026-09-13T14:47:58.128507+00:00,blocked,TSLAUSDT,hold,autonomous,logged,0,0.00,363.6100,,No trade signal
2026-09-13T14:53:00.161794+00:00,blocked,AAPLUSDT,hold,autonomous,logged,0,0.00,331.6300,,No trade signal
2026-09-13T14:53:00.771395+00:00,blocked,TSLAUSDT,hold,autonomous,logged,0,0.00,363.6800,,No trade signal
2026-09-13T14:58:03.586034+00:00,blocked,AAPLUSDT,hold,autonomous,logged,0,0.00,331.6400,,No trade signal
2026-09-13T14:58:04.217858+00:00,blocked,TSLAUSDT,hold,autonomous,logged,0,0.00,363.5100,,No trade signal
2026-09-13T16:26:38.078444+00:00,blocked,AAPLUSDT,hold,autonomous,logged,0,0.00,331.3800,,No trade signal
2026-09-13T16:26:39.392315+00:00,blocked,TSLAUSDT,hold,autonomous,logged,0,0.00,363.6300,,No trade signal
2026-09-13T16:31:41.080154+00:00,blocked,AAPLUSDT,hold,autonomous,logged,0,0.00,331.3600,,No trade signal
2026-09-13T16:31:41.895634+00:00,blocked,TSLAUSDT,hold,autonomous,logged,0,0.00,363.6300,,No trade signal
2026-09-13T16:36:43.617085+00:00,blocked,AAPLUSDT,hold,autonomous,logged,0,0.00,331.3300,,No trade signal
2026-09-13T16:36:44.431183+00:00,blocked,TSLAUSDT,hold,autonomous,logged,0,0.00,363.6200,,No trade signal
2026-09-13T16:41:46.05364+00:00,blocked,AAPLUSDT,hold,autonomous,logged,0,0.00,331.3700,,No trade signal
2026-09-13T16:41:46.846074+00:00,blocked,TSLAUSDT,hold,autonomous,logged,0,0.00,363.7200,,No trade signal
2026-09-13T16:46:48.517785+00:00,blocked,AAPLUSDT,hold,autonomous,logged,0,0.00,331.3500,,No trade signal
2026-09-13T16:46:49.370785+00:00,blocked,TSLAUSDT,hold,autonomous,logged,0,0.00,363.6600,,No trade signal
2026-09-13T16:51:51.193013+00:00,blocked,AAPLUSDT,hold,autonomous,logged,0,0.00,331.3400,,No trade signal
2026-09-13T16:51:52.009365+00:00,blocked,TSLAUSDT,hold,autonomous,logged,0,0.00,363.5600,,No trade signal
2026-09-13T16:56:53.899422+00:00,blocked,AAPLUSDT,hold,autonomous,logged,0,0.00,331.3400,,No trade signal
2026-09-13T16:56:54.710467+00:00,blocked,TSLAUSDT,hold,autonomous,logged,0,0.00,363.5800,,No trade signal
2026-09-13T17:01:56.357482+00:00,blocked,AAPLUSDT,hold,autonomous,logged,0,0.00,331.3800,,No trade signal
2026-09-13T17:01:57.147522+00:00,blocked,TSLAUSDT,hold,autonomous,logged,0,0.00,363.5800,,No trade signal
2026-09-13T17:06:59.113725+00:00,blocked,AAPLUSDT,hold,autonomous,logged,0,0.00,331.3800,,No trade signal
2026-09-13T17:06:59.91187+00:00,blocked,TSLAUSDT,hold,autonomous,logged,0,0.00,363.6800,,No trade signal
2026-09-13T17:12:07.185317+00:00,blocked,TSLAUSDT,hold,autonomous,logged,0,0.00,363.6000,,No trade signal
2026-09-13T17:17:08.649467+00:00,blocked,AAPLUSDT,hold,autonomous,logged,0,0.00,331.4300,,No trade signal
2026-09-13T17:17:09.461173+00:00,blocked,TSLAUSDT,hold,autonomous,logged,0,0.00,363.6200,,No trade signal
2026-09-13T17:22:10.965696+00:00,blocked,AAPLUSDT,hold,autonomous,logged,0,0.00,331.4200,,No trade signal
2026-09-13T17:22:11.953245+00:00,blocked,TSLAUSDT,hold,autonomous,logged,0,0.00,363.6100,,No trade signal
2026-09-13T17:27:13.976926+00:00,blocked,AAPLUSDT,hold,autonomous,logged,0,0.00,331.2600,,No trade signal
2026-09-13T17:27:14.577022+00:00,blocked,TSLAUSDT,hold,autonomous,logged,0,0.00,363.6300,,No trade signal
2026-09-13T17:32:16.47335+00:00,blocked,AAPLUSDT,hold,autonomous,logged,0,0.00,331.3500,,No trade signal
2026-09-13T17:32:17.29812+00:00,blocked,TSLAUSDT,hold,autonomous,logged,0,0.00,363.4900,,No trade signal
2026-09-14T00:59:35.7517+00:00,sell,AAPLUSDT,sell,autonomous,skipped_existing_position,1,330.12,330.1200,,Position already open
2026-09-14T00:59:36.442002+00:00,sell,TSLAUSDT,sell,autonomous,skipped_existing_position,1,360.73,360.7300,,Position already open
2026-09-14T01:04:38.482921+00:00,blocked,AAPLUSDT,hold,autonomous,logged,0,0.00,330.1800,,No trade signal
2026-09-14T01:04:39.315201+00:00,blocked,TSLAUSDT,hold,autonomous,logged,0,0.00,360.7700,,No trade signal
2026-09-14T01:09:40.981608+00:00,blocked,AAPLUSDT,hold,autonomous,logged,0,0.00,330.3300,,No trade signal
2026-09-14T01:09:41.812745+00:00,blocked,TSLAUSDT,hold,autonomous,logged,0,0.00,360.5800,,No trade signal
2026-09-14T01:14:43.52777+00:00,blocked,AAPLUSDT,hold,autonomous,logged,0,0.00,330.5600,,No trade signal
2026-09-14T01:14:44.33682+00:00,blocked,TSLAUSDT,hold,autonomous,logged,0,0.00,360.3400,,No trade signal
2026-09-14T01:16:54.298604+00:00,blocked,AAPLUSDT,hold,autonomous,logged,0,0.00,330.5600,,No trade signal
2026-09-14T01:16:54.831173+00:00,blocked,TSLAUSDT,hold,autonomous,logged,0,0.00,360.4100,,No trade signal
2026-09-14T01:21:57.006598+00:00,sell,AAPLUSDT,sell,autonomous,skipped_existing_position,1,330.55,330.5500,,Position already open
2026-09-14T01:21:57.96459+00:00,sell,TSLAUSDT,sell,autonomous,skipped_existing_position,1,359.98,359.9800,,Position already open
2026-09-14T01:27:00.045938+00:00,sell,AAPLUSDT,sell,autonomous,skipped_existing_position,1,331.09,331.0900,,Position already open
2026-09-14T01:27:00.887371+00:00,sell,TSLAUSDT,sell,autonomous,skipped_existing_position,1,359.93,359.9300,,Position already open
2026-09-14T01:32:03.54105+00:00,sell,AAPLUSDT,sell,autonomous,skipped_existing_position,1,330.93,330.9300,,Position already open
2026-09-14T01:32:04.675005+00:00,sell,TSLAUSDT,sell,autonomous,skipped_existing_position,1,360.09,360.0900,,Position already open
2026-09-14T06:36:36.055622+00:00,sell,AAPLUSDT,sell,autonomous,skipped_existing_position,1,329.78,329.7800,,Position already open
2026-09-14T06:36:37.409389+00:00,sell,TSLAUSDT,sell,autonomous,skipped_existing_position,1,361.21,361.2100,,Position already open
2026-09-14T06:41:39.616694+00:00,sell,AAPLUSDT,sell,autonomous,skipped_existing_position,1,329.68,329.6800,,Position already open
2026-09-14T06:41:40.572564+00:00,sell,TSLAUSDT,sell,autonomous,skipped_existing_position,1,361.35,361.3500,,Position already open
2026-09-14T06:46:42.503862+00:00,sell,AAPLUSDT,sell,autonomous,skipped_existing_position,1,330.09,330.0900,,Position already open
2026-09-14T06:46:43.541163+00:00,sell,TSLAUSDT,sell,autonomous,skipped_existing_position,1,361.35,361.3500,,Position already open
2026-09-14T06:51:45.922575+00:00,sell,AAPLUSDT,sell,autonomous,skipped_existing_position,1,329.99,329.9900,,Position already open
2026-09-14T06:51:46.839565+00:00,sell,TSLAUSDT,sell,autonomous,skipped_existing_position,1,361.07,361.0700,,Position already open
2026-09-14T06:56:49.209558+00:00,sell,AAPLUSDT,sell,autonomous,skipped_existing_position,1,330.04,330.0400,,Position already open
2026-09-14T06:56:50.161756+00:00,sell,TSLAUSDT,sell,autonomous,skipped_existing_position,1,361.08,361.0800,,Position already open
2026-09-14T07:01:52.163127+00:00,sell,AAPLUSDT,sell,autonomous,skipped_existing_position,1,329.73,329.7300,,Position already open
2026-09-14T07:01:53.310426+00:00,sell,TSLAUSDT,sell,autonomous,skipped_existing_position,1,360.60,360.6000,,Position already open
2026-09-14T07:15:22.745715+00:00,sell,AAPLUSDT,sell,autonomous,skipped_existing_position,1,329.52,329.5200,,Position already open
2026-09-14T07:15:23.434252+00:00,sell,TSLAUSDT,sell,autonomous,skipped_existing_position,1,360.80,360.8000,,Position already open
2026-09-14T07:20:25.57511+00:00,sell,AAPLUSDT,sell,autonomous,skipped_existing_position,1,329.48,329.4800,,Position already open
2026-09-14T07:20:26.534952+00:00,sell,TSLAUSDT,sell,autonomous,skipped_existing_position,1,360.88,360.8800,,Position already open
2026-09-14T07:25:28.609537+00:00,sell,AAPLUSDT,sell,autonomous,skipped_existing_position,1,329.70,329.7000,,Position already open
2026-09-14T07:25:29.551868+00:00,sell,TSLAUSDT,sell,autonomous,skipped_existing_position,1,361.12,361.1200,,Position already open
2026-09-14T07:30:31.532403+00:00,sell,AAPLUSDT,sell,autonomous,skipped_existing_position,1,330.13,330.1300,,Position already open
2026-09-14T07:34:07.224329+00:00,sell,AAPLUSDT,sell,autonomous,skipped_existing_position,1,330.17,330.1700,,Position already open
2026-09-14T07:34:08.206914+00:00,sell,TSLAUSDT,sell,autonomous,skipped_existing_position,1,360.78,360.7800,,Position already open
2026-09-14T07:39:10.571135+00:00,sell,AAPLUSDT,sell,autonomous,skipped_existing_position,1,330.24,330.2400,,Position already open
2026-09-14T07:39:11.519183+00:00,sell,TSLAUSDT,sell,autonomous,skipped_existing_position,1,360.72,360.7200,,Position already open
2026-09-14T07:44:13.794246+00:00,sell,AAPLUSDT,sell,autonomous,skipped_existing_position,1,330.27,330.2700,,Position already open
2026-09-14T07:44:14.985866+00:00,sell,TSLAUSDT,sell,autonomous,skipped_existing_position,1,360.31,360.3100,,Position already open
2026-09-14T07:49:17.334411+00:00,sell,AAPLUSDT,sell,autonomous,skipped_existing_position,1,330.10,330.1000,,Position already open
2026-09-14T07:49:18.296934+00:00,sell,TSLAUSDT,sell,autonomous,skipped_existing_position,1,360.42,360.4200,,Position already open
2026-09-14T08:51:35.729781+00:00,sell,AAPLUSDT,sell,autonomous,skipped_existing_position,1,330.42,330.4200,,Position already open
2026-09-14T08:51:36.675134+00:00,sell,TSLAUSDT,sell,autonomous,skipped_existing_position,1,358.79,358.7900,,Position already open
2026-09-14T08:56:38.904885+00:00,sell,AAPLUSDT,sell,autonomous,skipped_existing_position,1,330.55,330.5500,,Position already open
2026-09-14T08:56:39.829699+00:00,sell,TSLAUSDT,sell,autonomous,skipped_existing_position,1,358.62,358.6200,,Position already open
2026-09-14T09:01:41.933873+00:00,sell,AAPLUSDT,sell,autonomous,skipped_existing_position,1,331.19,331.1900,,Position already open
2026-09-14T09:01:42.953801+00:00,sell,TSLAUSDT,sell,autonomous,skipped_existing_position,1,359.14,359.1400,,Position already open
2026-09-14T14:56:46.000263+00:00,buy,AAPLUSDT,buy,autonomous,skipped_existing_position,1,332.34,332.3400,,Position already open
2026-09-14T14:56:47.09578+00:00,sell,TSLAUSDT,sell,autonomous,skipped_existing_position,1,358.52,358.5200,,Position already open
2026-09-14T15:01:49.704068+00:00,buy,AAPLUSDT,buy,autonomous,skipped_existing_position,1,332.93,332.9300,,Position already open
2026-09-14T15:01:50.927973+00:00,sell,TSLAUSDT,sell,autonomous,skipped_existing_position,1,359.11,359.1100,,Position already open
2026-09-14T15:06:53.334534+00:00,buy,AAPLUSDT,buy,autonomous,skipped_existing_position,1,332.80,332.8000,,Position already open
2026-09-14T15:06:54.199545+00:00,sell,TSLAUSDT,sell,autonomous,skipped_existing_position,1,359.64,359.6400,,Position already open
2026-09-14T15:15:21.544152+00:00,buy,AAPLUSDT,buy,autonomous,skipped_existing_position,1,332.79,332.7900,,Position already open
2026-09-14T15:15:22.642013+00:00,sell,TSLAUSDT,sell,autonomous,skipped_existing_position,1,359.76,359.7600,,Position already open
2026-09-14T15:20:24.659274+00:00,buy,AAPLUSDT,buy,autonomous,skipped_existing_position,1,332.91,332.9100,,Position already open
2026-09-14T15:20:26.487192+00:00,sell,TSLAUSDT,sell,autonomous,skipped_existing_position,1,359.65,359.6500,,Position already open
2026-09-14T15:25:28.937858+00:00,buy,AAPLUSDT,buy,autonomous,skipped_existing_position,1,332.55,332.5500,,Position already open
2026-09-14T15:25:30.093015+00:00,sell,TSLAUSDT,sell,autonomous,skipped_existing_position,1,360.68,360.6800,,Position already open
2026-09-15T01:02:33.957271+00:00,buy,AAPLUSDT,buy,autonomous,skipped_existing_position,1,332.11,332.1100,,Position already open
2026-09-15T01:02:35.082165+00:00,sell,TSLAUSDT,sell,autonomous,skipped_existing_position,1,360.40,360.4000,,Position already open
2026-09-15T01:07:37.464941+00:00,buy,AAPLUSDT,buy,autonomous,skipped_existing_position,1,331.99,331.9900,,Position already open
2026-09-15T01:07:38.56203+00:00,sell,TSLAUSDT,sell,autonomous,skipped_existing_position,1,360.13,360.1300,,Position already open
2026-09-15T01:12:41.009399+00:00,buy,AAPLUSDT,buy,autonomous,skipped_existing_position,1,332.12,332.1200,,Position already open
2026-09-15T01:12:41.757164+00:00,sell,TSLAUSDT,sell,autonomous,skipped_existing_position,1,360.18,360.1800,,Position already open
2026-09-15T01:17:43.905439+00:00,buy,AAPLUSDT,buy,autonomous,skipped_existing_position,1,332.16,332.1600,,Position already open
2026-09-15T01:17:44.963868+00:00,sell,TSLAUSDT,sell,autonomous,skipped_existing_position,1,360.32,360.3200,,Position already open
2026-09-15T01:58:39.597684+00:00,buy,AAPLUSDT,buy,autonomous,skipped_existing_position,1,331.93,331.9300,,Position already open
2026-09-15T01:58:40.629033+00:00,sell,TSLAUSDT,sell,autonomous,skipped_existing_position,1,360.12,360.1200,,Position already open
2026-09-15T02:03:43.25834+00:00,buy,AAPLUSDT,buy,autonomous,skipped_existing_position,1,331.84,331.8400,,Position already open
2026-09-15T02:03:44.04247+00:00,sell,TSLAUSDT,sell,autonomous,skipped_existing_position,1,360.08,360.0800,,Position already open
2026-09-15T02:08:46.334927+00:00,buy,AAPLUSDT,buy,autonomous,skipped_existing_position,1,331.78,331.7800,,Position already open
2026-09-15T02:08:47.123908+00:00,sell,TSLAUSDT,sell,autonomous,skipped_existing_position,1,360.08,360.0800,,Position already open
2026-09-15T02:13:49.309776+00:00,buy,AAPLUSDT,buy,autonomous,skipped_existing_position,1,331.78,331.7800,,Position already open
2026-09-15T02:13:50.067168+00:00,sell,TSLAUSDT,sell,autonomous,skipped_existing_position,1,360.06,360.0600,,Position already open
2026-09-15T02:18:52.500122+00:00,buy,AAPLUSDT,buy,autonomous,skipped_existing_position,1,331.81,331.8100,,Position already open
2026-09-15T02:18:53.239471+00:00,sell,TSLAUSDT,sell,autonomous,skipped_existing_position,1,360.11,360.1100,,Position already open
2026-09-15T06:22:28.042238+00:00,buy,AAPLUSDT,buy,autonomous,skipped_existing_position,1,331.07,331.0700,,Position already open
2026-09-15T06:22:28.829983+00:00,sell,TSLAUSDT,sell,autonomous,skipped_existing_position,1,359.63,359.6300,,Position already open
2026-09-15T06:27:31.330832+00:00,buy,AAPLUSDT,buy,autonomous,skipped_existing_position,1,330.91,330.9100,,Position already open
2026-09-15T06:27:32.089052+00:00,sell,TSLAUSDT,sell,autonomous,skipped_existing_position,1,359.29,359.2900,,Position already open
2026-09-15T06:32:35.292247+00:00,buy,AAPLUSDT,buy,autonomous,skipped_existing_position,1,330.84,330.8400,,Position already open
2026-09-15T06:32:36.092164+00:00,sell,TSLAUSDT,sell,autonomous,skipped_existing_position,1,359.15,359.1500,,Position already open
2026-09-15T06:37:37.845149+00:00,buy,AAPLUSDT,buy,autonomous,skipped_existing_position,1,330.61,330.6100,,Position already open
2026-09-15T06:37:38.558711+00:00,sell,TSLAUSDT,sell,autonomous,skipped_existing_position,1,359.17,359.1700,,Position already open
2026-09-15T06:42:40.862822+00:00,buy,AAPLUSDT,buy,autonomous,skipped_existing_position,1,330.65,330.6500,,Position already open
2026-09-15T06:42:41.612311+00:00,sell,TSLAUSDT,sell,autonomous,skipped_existing_position,1,358.93,358.9300,,Position already open
2026-09-15T06:47:43.538007+00:00,buy,AAPLUSDT,buy,autonomous,skipped_existing_position,1,330.77,330.7700,,Position already open
2026-09-15T06:47:44.33301+00:00,sell,TSLAUSDT,sell,autonomous,skipped_existing_position,1,358.82,358.8200,,Position already open
2026-09-15T06:52:46.305626+00:00,buy,AAPLUSDT,buy,autonomous,skipped_existing_position,1,330.83,330.8300,,Position already open
2026-09-15T06:52:47.572413+00:00,sell,TSLAUSDT,sell,autonomous,skipped_existing_position,1,358.74,358.7400,,Position already open
2026-09-15T06:57:50.205176+00:00,buy,AAPLUSDT,buy,autonomous,skipped_existing_position,1,330.75,330.7500,,Position already open
2026-09-15T06:57:50.95208+00:00,sell,TSLAUSDT,sell,autonomous,skipped_existing_position,1,358.64,358.6400,,Position already open
2026-09-15T07:07:56.624839+00:00,buy,AAPLUSDT,buy,autonomous,skipped_existing_position,1,330.74,330.7400,,Position already open
2026-09-15T07:07:57.328561+00:00,sell,TSLAUSDT,sell,autonomous,skipped_existing_position,1,358.85,358.8500,,Position already open
2026-09-15T07:12:59.419138+00:00,buy,AAPLUSDT,buy,autonomous,skipped_existing_position,1,330.56,330.5600,,Position already open
2026-09-15T07:13:00.411125+00:00,sell,TSLAUSDT,sell,autonomous,skipped_existing_position,1,358.75,358.7500,,Position already open
2026-09-15T07:18:02.822932+00:00,buy,AAPLUSDT,buy,autonomous,skipped_existing_position,1,330.64,330.6400,,Position already open
2026-09-15T07:18:03.609698+00:00,sell,TSLAUSDT,sell,autonomous,skipped_existing_position,1,358.88,358.8800,,Position already open
2026-09-15T07:23:05.597549+00:00,buy,AAPLUSDT,buy,autonomous,skipped_existing_position,1,330.87,330.8700,,Position already open
2026-09-15T07:23:06.618489+00:00,sell,TSLAUSDT,sell,autonomous,skipped_existing_position,1,359.02,359.0200,,Position already open
2026-09-15T11:46:40.350293+00:00,sell,AAPLUSDT,sell,autonomous,skipped_existing_position,1,331.16,331.1600,,Position already open
2026-09-15T11:46:41.54212+00:00,sell,TSLAUSDT,sell,autonomous,skipped_existing_position,1,358.73,358.7300,,Position already open
2026-09-15T11:51:44.060871+00:00,sell,AAPLUSDT,sell,autonomous,skipped_existing_position,1,331.20,331.2000,,Position already open
2026-09-15T11:51:44.95413+00:00,sell,TSLAUSDT,sell,autonomous,skipped_existing_position,1,358.62,358.6200,,Position already open
2026-09-15T11:56:46.980768+00:00,sell,AAPLUSDT,sell,autonomous,skipped_existing_position,1,331.37,331.3700,,Position already open
2026-09-15T11:56:47.8258+00:00,sell,TSLAUSDT,sell,autonomous,skipped_existing_position,1,359.05,359.0500,,Position already open
2026-09-15T12:01:50.494354+00:00,sell,AAPLUSDT,sell,autonomous,skipped_existing_position,1,331.33,331.3300,,Position already open
2026-09-15T12:01:51.368307+00:00,sell,TSLAUSDT,sell,autonomous,skipped_existing_position,1,359.15,359.1500,,Position already open
2026-09-15T12:06:53.953971+00:00,sell,AAPLUSDT,sell,autonomous,skipped_existing_position,1,331.68,331.6800,,Position already open
2026-09-15T12:06:55.178713+00:00,sell,TSLAUSDT,sell,autonomous,skipped_existing_position,1,359.00,359.0000,,Position already open
2026-09-15T12:11:57.763012+00:00,sell,AAPLUSDT,sell,autonomous,skipped_existing_position,1,331.71,331.7100,,Position already open
2026-09-15T12:11:58.632748+00:00,buy,TSLAUSDT,buy,autonomous,skipped_existing_position,1,359.63,359.6300,,Position already open
2026-09-15T12:15:04.386594+00:00,sell,AAPLUSDT,sell,autonomous,skipped_existing_position,1,331.71,331.7100,,Position already open
2026-09-15T12:15:05.211525+00:00,buy,TSLAUSDT,buy,autonomous,skipped_existing_position,1,359.76,359.7600,,Position already open
2026-09-15T12:20:08.048664+00:00,sell,AAPLUSDT,sell,autonomous,skipped_existing_position,1,331.60,331.6000,,Position already open
2026-09-15T12:20:08.962039+00:00,buy,TSLAUSDT,buy,autonomous,skipped_existing_position,1,359.62,359.6200,,Position already open
2026-09-15T12:25:11.585525+00:00,sell,AAPLUSDT,sell,autonomous,skipped_existing_position,1,331.39,331.3900,,Position already open
2026-09-15T12:25:12.445911+00:00,sell,TSLAUSDT,sell,autonomous,skipped_existing_position,1,359.03,359.0300,,Position already open
2026-09-16T05:30:00.215633+00:00,buy,AAPLUSDT,buy,autonomous,skipped_existing_position,1,331.98,331.9800,,Position already open
2026-09-16T05:30:01.042078+00:00,sell,TSLAUSDT,sell,autonomous,skipped_existing_position,1,357.68,357.6800,,Position already open
2026-09-16T05:35:02.973141+00:00,buy,AAPLUSDT,buy,autonomous,skipped_existing_position,1,332.00,332.0000,,Position already open
2026-09-16T05:35:03.698529+00:00,sell,TSLAUSDT,sell,autonomous,skipped_existing_position,1,357.69,357.6900,,Position already open
2026-09-16T05:40:05.711684+00:00,buy,AAPLUSDT,buy,autonomous,skipped_existing_position,1,332.01,332.0100,,Position already open
2026-09-16T05:40:06.443944+00:00,sell,TSLAUSDT,sell,autonomous,skipped_existing_position,1,357.71,357.7100,,Position already open
2026-09-16T05:45:08.143946+00:00,buy,AAPLUSDT,buy,autonomous,skipped_existing_position,1,331.90,331.9000,,Position already open
2026-09-16T05:45:09.001834+00:00,sell,TSLAUSDT,sell,autonomous,skipped_existing_position,1,357.91,357.9100,,Position already open
2026-09-16T05:50:11.229567+00:00,buy,AAPLUSDT,buy,autonomous,skipped_existing_position,1,331.85,331.8500,,Position already open
2026-09-16T05:50:11.974762+00:00,sell,TSLAUSDT,sell,autonomous,skipped_existing_position,1,357.85,357.8500,,Position already open
2026-09-16T05:55:14.651511+00:00,buy,AAPLUSDT,buy,autonomous,skipped_existing_position,1,331.86,331.8600,,Position already open
2026-09-16T05:55:15.429483+00:00,sell,TSLAUSDT,sell,autonomous,skipped_existing_position,1,357.84,357.8400,,Position already open
2026-09-16T06:09:16.580788+00:00,buy,AAPLUSDT,buy,autonomous,skipped_existing_position,1,331.90,331.9000,,Position already open
2026-09-16T06:09:17.342978+00:00,sell,TSLAUSDT,sell,autonomous,skipped_existing_position,1,358.09,358.0900,,Position already open
2026-09-16T06:14:19.766192+00:00,buy,AAPLUSDT,buy,autonomous,skipped_existing_position,1,331.92,331.9200,,Position already open
2026-09-16T06:14:20.821032+00:00,sell,TSLAUSDT,sell,autonomous,skipped_existing_position,1,358.13,358.1300,,Position already open
2026-09-16T06:19:22.443483+00:00,buy,AAPLUSDT,buy,autonomous,skipped_existing_position,1,331.90,331.9000,,Position already open
2026-09-16T06:19:23.175284+00:00,sell,TSLAUSDT,sell,autonomous,skipped_existing_position,1,357.97,357.9700,,Position already open
2026-09-16T06:24:25.215872+00:00,buy,AAPLUSDT,buy,autonomous,skipped_existing_position,1,331.79,331.7900,,Position already open
2026-09-16T06:24:25.944128+00:00,sell,TSLAUSDT,sell,autonomous,skipped_existing_position,1,357.97,357.9700,,Position already open
2026-09-16T06:29:28.075066+00:00,buy,AAPLUSDT,buy,autonomous,skipped_existing_position,1,331.82,331.8200,,Position already open
2026-09-16T06:29:28.77171+00:00,sell,TSLAUSDT,sell,autonomous,skipped_existing_position,1,357.91,357.9100,,Position already open
2026-09-16T06:34:30.66653+00:00,buy,AAPLUSDT,buy,autonomous,skipped_existing_position,1,331.80,331.8000,,Position already open
2026-09-16T06:34:31.385149+00:00,sell,TSLAUSDT,sell,autonomous,skipped_existing_position,1,357.93,357.9300,,Position already open
2026-09-16T06:39:33.67488+00:00,buy,AAPLUSDT,buy,autonomous,skipped_existing_position,1,331.79,331.7900,,Position already open
2026-09-16T06:39:34.435048+00:00,sell,TSLAUSDT,sell,autonomous,skipped_existing_position,1,357.99,357.9900,,Position already open
2026-09-16T06:44:36.453582+00:00,buy,AAPLUSDT,buy,autonomous,skipped_existing_position,1,331.84,331.8400,,Position already open
2026-09-16T06:44:37.213749+00:00,sell,TSLAUSDT,sell,autonomous,skipped_existing_position,1,357.98,357.9800,,Position already open
2026-09-16T06:49:39.0435+00:00,buy,AAPLUSDT,buy,autonomous,skipped_existing_position,1,331.75,331.7500,,Position already open
2026-09-16T06:49:39.792051+00:00,sell,TSLAUSDT,sell,autonomous,skipped_existing_position,1,358.00,358.0000,,Position already open
2026-09-16T06:54:42.251406+00:00,buy,AAPLUSDT,buy,autonomous,skipped_existing_position,1,331.77,331.7700,,Position already open
2026-09-16T06:54:43.169349+00:00,sell,TSLAUSDT,sell,autonomous,skipped_existing_position,1,358.01,358.0100,,Position already open
2026-09-16T09:08:31.230088+00:00,buy,AAPLUSDT,buy,autonomous,skipped_existing_position,1,331.61,331.6100,,Position already open
2026-09-16T09:08:32.459458+00:00,blocked,TSLAUSDT,hold,autonomous,logged,0,0.00,357.7400,,No trade signal
2026-09-16T09:13:35.074901+00:00,buy,AAPLUSDT,buy,autonomous,skipped_existing_position,1,331.54,331.5400,,Position already open
2026-09-16T09:13:36.175919+00:00,buy,TSLAUSDT,buy,autonomous,skipped_existing_position,1,357.71,357.7100,,Position already open
2026-09-16T09:18:38.98071+00:00,buy,AAPLUSDT,buy,autonomous,skipped_existing_position,1,331.55,331.5500,,Position already open
2026-09-16T09:18:40.061183+00:00,buy,TSLAUSDT,buy,autonomous,skipped_existing_position,1,357.74,357.7400,,Position already open
2026-09-16T09:29:37.690598+00:00,buy,AAPLUSDT,buy,autonomous,skipped_existing_position,1,331.55,331.5500,,Position already open
2026-09-16T09:29:38.410643+00:00,sell,TSLAUSDT,sell,autonomous,skipped_existing_position,1,357.48,357.4800,,Position already open
2026-09-16T09:34:41.060138+00:00,blocked,AAPLUSDT,buy,autonomous,risk_rejected,1,331.55,,,
2026-09-16T09:34:42.002197+00:00,blocked,TSLAUSDT,buy,autonomous,risk_rejected,1,357.62,,,
2026-09-16T09:39:43.905501+00:00,blocked,AAPLUSDT,buy,autonomous,risk_rejected,1,331.33,,,
2026-09-16T09:39:44.811138+00:00,blocked,TSLAUSDT,sell,autonomous,risk_rejected,1,357.67,,,
2026-09-16T09:44:46.455747+00:00,blocked,AAPLUSDT,buy,autonomous,risk_rejected,1,331.44,,,
2026-09-16T09:44:47.043053+00:00,blocked,TSLAUSDT,sell,autonomous,risk_rejected,1,357.85,,,
2026-09-16T09:49:49.230611+00:00,blocked,AAPLUSDT,buy,autonomous,risk_rejected,1,331.44,,,
2026-09-16T09:49:49.85446+00:00,blocked,TSLAUSDT,sell,autonomous,risk_rejected,1,357.58,,,
2026-09-16T09:54:51.410084+00:00,blocked,AAPLUSDT,buy,autonomous,risk_rejected,1,331.13,,,
2026-09-16T09:54:52.194139+00:00,blocked,TSLAUSDT,sell,autonomous,risk_rejected,1,357.80,,,
2026-09-16T09:59:54.145022+00:00,blocked,AAPLUSDT,buy,autonomous,risk_rejected,1,331.25,,,
2026-09-16T09:59:54.764077+00:00,blocked,TSLAUSDT,sell,autonomous,risk_rejected,1,357.86,,,
2026-09-16T10:05:24.977259+00:00,buy,AAPLUSDT,buy,autonomous,skipped_existing_position,1,331.37,331.3700,,Position already open
2026-09-16T10:05:25.732678+00:00,sell,TSLAUSDT,sell,autonomous,skipped_existing_position,1,357.26,357.2600,,Position already open
2026-09-16T10:10:27.481387+00:00,buy,AAPLUSDT,buy,autonomous,skipped_existing_position,1,331.54,331.5400,,Position already open
2026-09-16T10:10:28.258474+00:00,sell,TSLAUSDT,sell,autonomous,skipped_existing_position,1,357.56,357.5600,,Position already open
2026-09-16T10:15:30.446287+00:00,buy,AAPLUSDT,buy,autonomous,skipped_existing_position,1,331.58,331.5800,,Position already open
2026-09-16T10:15:31.689925+00:00,sell,TSLAUSDT,sell,autonomous,skipped_existing_position,1,357.53,357.5300,,Position already open
2026-09-16T10:20:33.601829+00:00,buy,AAPLUSDT,buy,autonomous,skipped_existing_position,1,331.59,331.5900,,Position already open
2026-09-16T10:20:34.557639+00:00,sell,TSLAUSDT,sell,autonomous,skipped_existing_position,1,357.46,357.4600,,Position already open
2026-09-16T10:25:36.700315+00:00,buy,AAPLUSDT,buy,autonomous,skipped_existing_position,1,331.57,331.5700,,Position already open
2026-09-16T10:25:37.768497+00:00,sell,TSLAUSDT,sell,autonomous,skipped_existing_position,1,357.56,357.5600,,Position already open
2026-09-16T10:30:39.904519+00:00,buy,AAPLUSDT,buy,autonomous,skipped_existing_position,1,331.55,331.5500,,Position already open
2026-09-16T10:30:40.666033+00:00,sell,TSLAUSDT,sell,autonomous,skipped_existing_position,1,357.64,357.6400,,Position already open
2026-09-16T10:34:10.056095+00:00,buy,AAPLUSDT,buy,autonomous,skipped_existing_position,1,331.50,331.5000,,Position already open
2026-09-16T10:34:10.825745+00:00,sell,TSLAUSDT,sell,autonomous,skipped_existing_position,1,357.51,357.5100,,Position already open
2026-09-16T10:39:12.883159+00:00,buy,AAPLUSDT,buy,autonomous,skipped_existing_position,1,331.54,331.5400,,Position already open
2026-09-16T10:39:13.66163+00:00,sell,TSLAUSDT,sell,autonomous,skipped_existing_position,1,357.56,357.5600,,Position already open
2026-09-16T10:44:15.458248+00:00,blocked,AAPLUSDT,hold,autonomous,logged,0,0.00,331.5100,,No trade signal
2026-09-16T10:44:16.07221+00:00,blocked,TSLAUSDT,hold,autonomous,logged,0,0.00,357.6500,,No trade signal
2026-09-16T10:49:17.577229+00:00,blocked,AAPLUSDT,hold,autonomous,logged,0,0.00,331.6000,,No trade signal
2026-09-16T10:49:18.555073+00:00,blocked,TSLAUSDT,hold,autonomous,logged,0,0.00,357.5200,,No trade signal
2026-09-16T10:54:20.28513+00:00,blocked,AAPLUSDT,hold,autonomous,logged,0,0.00,331.6400,,No trade signal
2026-09-16T10:54:20.956108+00:00,blocked,TSLAUSDT,hold,autonomous,logged,0,0.00,357.4400,,No trade signal
2026-09-16T10:59:22.334845+00:00,blocked,AAPLUSDT,buy,autonomous,risk_rejected,100,33165.00,,,Max position size exceeded ($33,165.00 > $25,000.00); Max leverage exceeded (7x > 5x)
2026-09-16T10:59:22.902331+00:00,blocked,TSLAUSDT,hold,autonomous,logged,0,0.00,357.7100,,No trade signal
2026-09-16T11:04:24.732307+00:00,blocked,AAPLUSDT,buy,autonomous,risk_rejected,100,33178.00,,,Max position size exceeded ($33,178.00 > $25,000.00); Max leverage exceeded (7x > 5x)
2026-09-16T11:04:25.679132+00:00,blocked,TSLAUSDT,hold,autonomous,logged,0,0.00,358.0400,,No trade signal
2026-09-16T11:09:27.534012+00:00,blocked,AAPLUSDT,buy,autonomous,risk_rejected,100,33172.00,,,Max position size exceeded ($33,172.00 > $25,000.00); Max leverage exceeded (7x > 5x)
2026-09-16T11:09:28.128208+00:00,blocked,TSLAUSDT,hold,autonomous,logged,0,0.00,358.0800,,No trade signal
2026-09-16T11:14:29.785546+00:00,blocked,AAPLUSDT,hold,autonomous,logged,0,0.00,331.9400,,No trade signal
2026-09-16T11:14:30.425273+00:00,blocked,TSLAUSDT,hold,autonomous,logged,0,0.00,357.9500,,No trade signal
2026-09-16T11:19:31.982071+00:00,blocked,AAPLUSDT,buy,autonomous,risk_rejected,100,33190.00,,,Max position size exceeded ($33,190.00 > $25,000.00)
2026-09-16T11:19:32.601707+00:00,blocked,TSLAUSDT,hold,autonomous,logged,0,0.00,357.9600,,No trade signal
2026-09-16T11:24:34.067749+00:00,blocked,AAPLUSDT,hold,autonomous,logged,0,0.00,331.9700,,No trade signal
2026-09-16T11:24:34.818461+00:00,sell,TSLAUSDT,sell,autonomous,skipped_existing_position,10,3578.40,357.8400,,Position already open
2026-09-16T11:29:36.55807+00:00,buy,AAPLUSDT,buy,autonomous,skipped_existing_position,1,332.15,332.1500,,Position already open
2026-09-16T11:29:37.189937+00:00,blocked,TSLAUSDT,hold,autonomous,logged,0,0.00,357.6700,,No trade signal
2026-09-16T11:34:39.04907+00:00,buy,AAPLUSDT,buy,autonomous,skipped_existing_position,1,331.94,331.9400,,Position already open
2026-09-16T11:34:39.666287+00:00,blocked,TSLAUSDT,hold,autonomous,logged,0,0.00,357.9100,,No trade signal
2026-09-16T11:39:41.714262+00:00,buy,AAPLUSDT,buy,autonomous,skipped_existing_position,1,332.05,332.0500,,Position already open
2026-09-16T11:39:42.316934+00:00,blocked,TSLAUSDT,hold,autonomous,logged,0,0.00,357.7900,,No trade signal
2026-09-16T11:49:44.218188+00:00,buy,AAPLUSDT,buy,autonomous,skipped_existing_position,1,331.73,331.7300,,Position already open
2026-09-16T11:49:44.9585+00:00,sell,TSLAUSDT,sell,autonomous,skipped_existing_position,1,358.14,358.1400,,Position already open
2026-09-16T11:54:46.988294+00:00,buy,AAPLUSDT,buy,autonomous,skipped_existing_position,1,331.85,331.8500,,Position already open
2026-09-16T11:54:47.764581+00:00,sell,TSLAUSDT,sell,autonomous,skipped_existing_position,1,358.12,358.1200,,Position already open
2026-09-16T11:59:49.806028+00:00,buy,AAPLUSDT,buy,autonomous,skipped_existing_position,1,331.83,331.8300,,Position already open
2026-09-16T11:59:50.550997+00:00,sell,TSLAUSDT,sell,autonomous,skipped_existing_position,1,358.39,358.3900,,Position already open
2026-09-16T15:36:38.13558+00:00,buy,AAPLUSDT,buy,autonomous,skipped_existing_position,1,333.12,333.1200,,Position already open
2026-09-16T15:36:39.386763+00:00,buy,TSLAUSDT,buy,autonomous,skipped_existing_position,1,362.71,362.7100,,Position already open
2026-09-22T15:43:28.782+00:00,position_closed,AAPLUSDT,close,autonomous,closed,1,342.95,342.9500,,Position closed
2026-09-22T15:43:31.319+00:00,position_closed,TSLAUSDT,close,autonomous,closed,1,376.33,376.3300,,Position closed
2026-09-22T15:48:33.129+00:00,position_opened,AAPLUSDT,buy,autonomous,submitted,1,343.23,343.2300,,
2026-09-22T15:48:34.824+00:00,position_opened,TSLAUSDT,buy,autonomous,submitted,1,376.25,376.2500,,
2026-09-22T15:53:36.895+00:00,position_opened,AAPLUSDT,buy,autonomous,submitted,1,342.54,342.5400,,
2026-09-22T15:53:38.996+00:00,position_opened,TSLAUSDT,buy,autonomous,submitted,1,376.43,376.4300,,
2026-09-22T15:58:40.574+00:00,position_opened,AAPLUSDT,buy,autonomous,submitted,1,342.36,342.3600,,
2026-09-22T15:58:42.652+00:00,position_opened,TSLAUSDT,buy,autonomous,submitted,1,376.80,376.8000,,
2026-09-22T16:03:44.249+00:00,position_opened,AAPLUSDT,buy,autonomous,submitted,1,342.42,342.4200,,
2026-09-22T16:03:46.393+00:00,position_opened,TSLAUSDT,buy,autonomous,submitted,1,376.94,376.9400,,
2026-09-22T16:08:48.018+00:00,position_opened,AAPLUSDT,buy,autonomous,submitted,1,342.45,342.4500,,
2026-09-22T16:08:49.717+00:00,position_opened,TSLAUSDT,buy,autonomous,submitted,1,377.15,377.1500,,
2026-09-22T16:13:51.241+00:00,position_opened,AAPLUSDT,buy,autonomous,submitted,1,342.37,342.3700,,
2026-09-22T16:13:53.654+00:00,position_opened,TSLAUSDT,buy,autonomous,submitted,1,377.01,377.0100,,
2026-09-22T16:18:55.196+00:00,position_opened,AAPLUSDT,buy,autonomous,submitted,1,342.61,342.6100,,
2026-09-22T17:57:12.26+00:00,position_opened,AAPLUSDT,buy,autonomous,submitted,1,340.75,340.7500,,
2026-09-22T17:57:13.738+00:00,position_opened,TSLAUSDT,buy,autonomous,submitted,1,379.16,379.1600,,
2026-09-22T18:02:15.235+00:00,position_opened,AAPLUSDT,buy,autonomous,submitted,1,340.70,340.7000,,
2026-09-22T18:02:17.559+00:00,position_opened,TSLAUSDT,buy,autonomous,submitted,1,378.81,378.8100,,
2026-09-22T18:29:55.515+00:00,position_opened,AAPLUSDT,buy,autonomous,submitted,1,341.06,341.0600,,
2026-09-22T18:29:57.042+00:00,position_opened,TSLAUSDT,buy,autonomous,submitted,1,379.27,379.2700,,
2026-09-22T18:34:58.831+00:00,position_opened,AAPLUSDT,buy,autonomous,submitted,1,341.25,341.2500,,
2026-09-22T18:35:00.874+00:00,position_opened,TSLAUSDT,buy,autonomous,submitted,1,379.13,379.1300,,
2026-09-22T18:39:17.536+00:00,position_opened,AAPLUSDT,buy,autonomous,submitted,1,341.23,341.2300,,
2026-09-22T18:39:19.031+00:00,position_opened,TSLAUSDT,buy,autonomous,submitted,1,379.21,379.2100,,
2026-09-22T18:44:20.828+00:00,position_opened,AAPLUSDT,buy,autonomous,submitted,1,341.47,341.4700,,
2026-09-22T18:44:22.327+00:00,position_opened,TSLAUSDT,buy,autonomous,submitted,1,379.34,379.3400,,
2026-09-22T19:15:24.191019+00:00,buy,AAPLUSDT,buy,strategy,rejected,1,340.22,340.2200,,The order amount exceeds the balance
2026-09-22T19:15:25.74736+00:00,buy,TSLAUSDT,buy,strategy,rejected,1,379.69,379.6900,,The order amount exceeds the balance
2026-09-22T19:20:27.911538+00:00,buy,AAPLUSDT,buy,strategy,rejected,1,340.24,340.2400,,The order amount exceeds the balance
2026-09-22T19:20:29.732601+00:00,buy,TSLAUSDT,buy,strategy,rejected,1,379.22,379.2200,,The order amount exceeds the balance
2026-09-22T19:23:17.638319+00:00,buy,AAPLUSDT,buy,strategy,skipped_existing_position,1,340.02,340.0200,,Position already open
2026-09-22T19:23:18.888278+00:00,buy,TSLAUSDT,buy,strategy,rejected,1,379.57,379.5700,,The order amount exceeds the balance
2026-09-22T19:28:20.685018+00:00,buy,AAPLUSDT,buy,strategy,rejected,1,340.26,340.2600,,The order amount exceeds the balance
2026-09-22T19:28:22.766775+00:00,buy,TSLAUSDT,buy,strategy,rejected,1,379.46,379.4600,,The order amount exceeds the balance
2026-09-22T19:33:24.456433+00:00,buy,AAPLUSDT,buy,strategy,rejected,1,340.65,340.6500,,The order amount exceeds the balance
2026-09-22T19:33:26.434144+00:00,buy,TSLAUSDT,buy,strategy,rejected,1,379.55,379.5500,,The order amount exceeds the balance
2026-09-22T19:34:48.226459+00:00,buy,AAPLUSDT,buy,strategy,rejected,1,340.61,340.6100,,The order amount exceeds the balance
2026-09-22T19:34:50.069617+00:00,buy,TSLAUSDT,buy,strategy,rejected,1,379.83,379.8300,,The order amount exceeds the balance
2026-09-22T19:39:51.815395+00:00,buy,AAPLUSDT,buy,strategy,rejected,1,340.27,340.2700,,The order amount exceeds the balance
2026-09-22T19:39:54.087671+00:00,buy,TSLAUSDT,buy,strategy,rejected,1,379.84,379.8400,,The order amount exceeds the balance
2026-09-22T19:44:55.918152+00:00,buy,AAPLUSDT,buy,strategy,skipped_existing_position,1,340.03,340.0300,,Position already open
2026-09-22T19:44:57.478703+00:00,buy,TSLAUSDT,buy,strategy,rejected,1,379.98,379.9800,,The order amount exceeds the balance
2026-09-22T19:49:59.130598+00:00,buy,AAPLUSDT,buy,strategy,rejected,1,340.13,340.1300,,The order amount exceeds the balance
2026-09-22T19:50:00.805742+00:00,buy,TSLAUSDT,buy,strategy,rejected,1,379.84,379.8400,,The order amount exceeds the balance
2026-09-22T19:55:03.895000+00:00,position_closed,AAPLUSDT,close,strategy,closed,15,5098.79,339.9193,,Position closed
2026-09-22T19:55:06.117000+00:00,position_opened,TSLAUSDT,buy,strategy,submitted,1,379.52,379.5200,,Encrypted intent submitted · 239f8ae3…
2026-09-22T19:56:10.383000+00:00,position_opened,AAPLUSDT,buy,strategy,submitted,1,339.73,339.7300,,Encrypted intent submitted · 715b8b36…
2026-09-22T19:56:11.989000+00:00,position_opened,TSLAUSDT,buy,strategy,submitted,1,379.47,379.4700,,Encrypted intent submitted · 2553195b…
2026-09-22T20:01:14.350000+00:00,position_opened,AAPLUSDT,buy,strategy,submitted,1,339.94,339.9400,,Encrypted intent submitted · 55014868…
2026-09-22T20:01:16.392000+00:00,position_opened,TSLAUSDT,buy,strategy,submitted,1,378.87,378.8700,,Encrypted intent submitted · a1992ec8…
2026-09-22T20:02:48.800000+00:00,position_opened,AAPLUSDT,buy,strategy,submitted,1,339.99,339.9900,,Encrypted intent submitted · cdc9a6e3…
2026-09-22T20:02:50.762000+00:00,position_opened,TSLAUSDT,buy,strategy,submitted,1,378.84,378.8400,,Encrypted intent submitted · c8964767…
2026-09-22T20:07:53.051000+00:00,position_opened,AAPLUSDT,buy,strategy,submitted,1,339.98,339.9800,,Encrypted intent submitted · 15a6886d…
2026-09-22T20:07:54.473000+00:00,position_opened,TSLAUSDT,buy,strategy,submitted,1,378.78,378.7800,,Encrypted intent submitted · f8bc7d67…
2026-09-22T20:09:34.294000+00:00,position_opened,AAPLUSDT,buy,strategy,submitted,1,340.05,340.0500,,Encrypted intent submitted · b165d73e…
2026-09-22T20:09:35.930000+00:00,position_opened,TSLAUSDT,buy,strategy,submitted,1,378.76,378.7600,,Encrypted intent submitted · 94f6f16c…
2026-09-22T20:14:37.786000+00:00,position_opened,AAPLUSDT,buy,strategy,submitted,1,340.11,340.1100,,Encrypted intent submitted · 5cf9e4f2…
2026-09-22T20:14:39.256000+00:00,position_opened,TSLAUSDT,buy,strategy,submitted,1,378.66,378.6600,,Encrypted intent submitted · 5b262462…
2026-09-22T20:19:41.097000+00:00,position_opened,AAPLUSDT,buy,strategy,submitted,1,340.14,340.1400,,Encrypted intent submitted · bc4ea454…
2026-09-22T20:19:41.826852+00:00,buy,TSLAUSDT,buy,strategy,skipped_existing_position,1,378.51,378.5100,,Position already open
2026-09-22T20:22:50.020000+00:00,position_opened,AAPLUSDT,buy,strategy,submitted,1,340.12,340.1200,,Encrypted intent submitted · bb915178…
2026-09-22T20:22:50.70711+00:00,buy,TSLAUSDT,buy,strategy,skipped_existing_position,1,378.56,378.5600,,Position already open
2026-09-22T20:27:52.054629+00:00,buy,AAPLUSDT,buy,strategy,rejected,1,340.07,340.0700,,The order amount exceeds the balance
2026-09-22T20:27:53.606255+00:00,buy,TSLAUSDT,buy,strategy,rejected,1,378.59,378.5900,,The order amount exceeds the balance
2026-09-22T20:32:55.261928+00:00,buy,AAPLUSDT,buy,strategy,skipped_existing_position,1,340.02,340.0200,,Position already open
2026-09-22T20:32:56.58799+00:00,buy,TSLAUSDT,buy,strategy,rejected,1,378.60,378.6000,,The order amount exceeds the balance
2026-09-22T20:34:38.672291+00:00,buy,AAPLUSDT,buy,strategy,skipped_existing_position,1,340.03,340.0300,,Position already open
2026-09-22T20:34:39.820154+00:00,buy,TSLAUSDT,buy,strategy,rejected,1,378.64,378.6400,,The order amount exceeds the balance
2026-09-22T20:35:24.984000+00:00,position_opened,AAPLUSDT,buy,strategy,submitted,1,339.94,339.9400,,Encrypted intent submitted · fa8798a2…
2026-09-22T20:35:26.527000+00:00,position_opened,TSLAUSDT,buy,strategy,submitted,1,378.64,378.6400,,Encrypted intent submitted · 1fc5bd97…
2026-09-22T20:40:27.193174+00:00,buy,AAPLUSDT,buy,strategy,skipped_existing_position,1,340.04,340.0400,,Position already open
2026-09-22T20:40:28.354313+00:00,buy,TSLAUSDT,buy,strategy,skipped_existing_position,1,378.59,378.5900,,Position already open
2026-09-22T20:45:29.529313+00:00,buy,AAPLUSDT,buy,strategy,skipped_existing_position,1,340.08,340.0800,,Position already open
2026-09-22T20:45:30.925979+00:00,buy,TSLAUSDT,buy,strategy,skipped_existing_position,1,378.62,378.6200,,Position already open
2026-09-22T20:50:32.033153+00:00,buy,AAPLUSDT,buy,strategy,skipped_existing_position,1,339.97,339.9700,,Position already open
2026-09-22T20:50:33.803623+00:00,buy,TSLAUSDT,buy,strategy,skipped_existing_position,1,378.60,378.6000,,Position already open
2026-09-22T20:55:34.916703+00:00,buy,AAPLUSDT,buy,strategy,skipped_existing_position,1,340.12,340.1200,,Position already open
2026-09-22T20:55:36.632639+00:00,buy,TSLAUSDT,buy,strategy,skipped_existing_position,1,378.67,378.6700,,Position already open
2026-09-22T21:00:37.93255+00:00,buy,AAPLUSDT,buy,strategy,skipped_existing_position,1,340.02,340.0200,,Position already open
2026-09-22T21:00:40.019803+00:00,buy,TSLAUSDT,buy,strategy,skipped_existing_position,1,378.69,378.6900,,Position already open
2026-09-23T11:56:49.834000+00:00,position_opened,AAPLUSDT,buy,strategy,submitted,1,340.55,340.5500,,Encrypted intent submitted · 1c90464d…
2026-09-23T11:56:50.881269+00:00,buy,TSLAUSDT,buy,strategy,skipped_existing_position,1,378.36,378.3600,,Position already open
2026-09-23T12:01:53.047000+00:00,position_opened,AAPLUSDT,buy,strategy,submitted,1,340.93,340.9300,,Encrypted intent submitted · 7950022b…
2026-09-23T12:01:54.309499+00:00,buy,TSLAUSDT,buy,strategy,skipped_existing_position,1,378.26,378.2600,,Position already open
2026-09-23T12:06:56.436000+00:00,position_opened,AAPLUSDT,buy,strategy,submitted,1,341.04,341.0400,,Encrypted intent submitted · 4aaa00c0…
2026-09-23T12:06:57.142167+00:00,buy,TSLAUSDT,buy,strategy,skipped_existing_position,1,378.58,378.5800,,Position already open
2026-09-23T12:11:58.335022+00:00,buy,AAPLUSDT,buy,strategy,skipped_existing_position,1,340.69,340.6900,,Position already open
2026-09-23T12:12:00.459000+00:00,position_opened,TSLAUSDT,buy,strategy,submitted,1,378.75,378.7500,,Encrypted intent submitted · 5bff128f…
2026-09-23T12:17:03.123000+00:00,position_opened,AAPLUSDT,buy,strategy,submitted,1,340.89,340.8900,,Encrypted intent submitted · a5237f5f…
2026-09-23T12:17:03.756593+00:00,buy,TSLAUSDT,buy,strategy,skipped_existing_position,1,378.71,378.7100,,Position already open
2026-09-23T12:22:05.873000+00:00,position_opened,AAPLUSDT,buy,strategy,submitted,1,341.11,341.1100,,Encrypted intent submitted · 8480df9d…
2026-09-23T12:22:06.868614+00:00,buy,TSLAUSDT,buy,strategy,skipped_existing_position,1,378.58,378.5800,,Position already open
2026-09-23T12:27:08.952000+00:00,position_opened,AAPLUSDT,buy,strategy,submitted,1,340.83,340.8300,,Encrypted intent submitted · 66a978f7…
2026-09-23T12:27:09.644001+00:00,buy,TSLAUSDT,buy,strategy,skipped_existing_position,1,378.39,378.3900,,Position already open
2026-09-23T12:32:11.703000+00:00,position_opened,AAPLUSDT,buy,strategy,submitted,1,340.95,340.9500,,Encrypted intent submitted · c0064183…
2026-09-23T12:32:12.497466+00:00,buy,TSLAUSDT,buy,strategy,skipped_existing_position,1,378.47,378.4700,,Position already open
2026-09-23T12:37:14.563000+00:00,position_opened,AAPLUSDT,buy,strategy,submitted,1,341.04,341.0400,,Encrypted intent submitted · ff1e9994…
2026-09-23T12:37:15.23461+00:00,buy,TSLAUSDT,buy,strategy,skipped_existing_position,1,378.20,378.2000,,Position already open
2026-09-23T12:42:17.523000+00:00,position_opened,AAPLUSDT,buy,strategy,submitted,1,341.13,341.1300,,Encrypted intent submitted · 43219890…
2026-09-23T12:42:18.955000+00:00,position_closed,TSLAUSDT,close,strategy,closed,2,756.89,378.4450,-3.15,Position closed
2026-09-23T12:44:47.111000+00:00,position_opened,AAPLUSDT,buy,strategy,submitted,1,341.34,341.3400,,Encrypted intent submitted · b9af73eb…
2026-09-23T12:44:48.755000+00:00,position_opened,TSLAUSDT,buy,strategy,submitted,1,378.14,378.1400,,Encrypted intent submitted · 93621b0d…
2026-09-23T12:49:05.820000+00:00,position_opened,AAPLUSDT,buy,autonomous,submitted,1,341.52,341.5200,,Encrypted intent submitted · 1b74df9d…
2026-09-23T12:49:06.532051+00:00,buy,TSLAUSDT,buy,autonomous,skipped_existing_position,1,378.14,378.1400,,Position already open
2026-09-23T12:56:26.444000+00:00,position_opened,AAPLUSDT,buy,autonomous,submitted,1,342.47,342.4700,,Encrypted intent submitted · d26441ff…
2026-09-23T12:56:21.373288+00:00,buy,AAPLUSDT,buy,autonomous,skipped_existing_position,1,342.47,342.4700,,Position already open
2026-09-23T12:56:26.261000+00:00,position_opened,AAPLUSDT,buy,strategy,submitted,1,342.47,342.4700,,Encrypted intent submitted · d26441ff…
2026-09-23T12:56:21.375669+00:00,buy,AAPLUSDT,buy,strategy,skipped_existing_position,1,342.47,342.4700,,Position already open
2026-09-23T12:56:23.955693+00:00,buy,TSLAUSDT,buy,autonomous,skipped_existing_position,1,378.02,378.0200,,Position already open
2026-09-23T12:56:25.805291+00:00,buy,TSLAUSDT,buy,strategy,skipped_existing_position,1,378.13,378.1300,,Position already open
2026-09-23T12:56:30.344007+00:00,buy,TSLAUSDT,buy,strategy,skipped_existing_position,1,378.15,378.1500,,Position already open
2026-09-23T12:56:30.928916+00:00,buy,TSLAUSDT,buy,autonomous,skipped_existing_position,1,378.15,378.1500,,Position already open
2026-09-23T12:58:41.194000+00:00,position_opened,AAPLUSDT,buy,strategy,submitted,1,342.91,342.9100,,Encrypted intent submitted · 2ff9f8f8…
2026-09-23T12:58:41.380000+00:00,position_opened,AAPLUSDT,buy,autonomous,submitted,1,342.91,342.9100,,Encrypted intent submitted · 2ff9f8f8…
2026-09-23T12:58:41.89642+00:00,buy,TSLAUSDT,buy,strategy,skipped_existing_position,1,378.23,378.2300,,Position already open
2026-09-23T12:58:43.276132+00:00,buy,AAPLUSDT,buy,strategy,skipped_existing_position,1,342.90,342.9000,,Position already open
2026-09-23T12:58:44.706000+00:00,position_opened,AAPLUSDT,buy,strategy,submitted,1,342.90,342.9000,,Encrypted intent submitted · aac5a979…
2026-09-23T12:58:43.27609+00:00,buy,AAPLUSDT,buy,autonomous,skipped_existing_position,1,342.90,342.9000,,Position already open
2026-09-23T12:58:44.536000+00:00,position_opened,AAPLUSDT,buy,autonomous,submitted,1,342.90,342.9000,,Encrypted intent submitted · aac5a979…
2026-09-23T12:58:46.206215+00:00,buy,TSLAUSDT,buy,strategy,skipped_existing_position,1,378.23,378.2300,,Position already open
2026-09-23T12:58:47.959038+00:00,buy,TSLAUSDT,buy,autonomous,skipped_existing_position,1,378.24,378.2400,,Position already open
2026-09-23T12:58:55.452000+00:00,position_opened,TSLAUSDT,buy,autonomous,submitted,1,378.24,378.2400,,Encrypted intent submitted · 02521461…
2026-09-23T12:58:55.745000+00:00,position_opened,TSLAUSDT,buy,strategy,submitted,1,378.24,378.2400,,Encrypted intent submitted · 02521461…
2026-09-23T13:03:51.050682+00:00,buy,AAPLUSDT,buy,strategy,skipped_existing_position,1,344.14,344.1400,,Position already open
2026-09-23T13:03:53.46647+00:00,sell,TSLAUSDT,sell,strategy,skipped_existing_position,1,378.25,378.2500,,Position already open
2026-09-23T13:03:55.716461+00:00,buy,AAPLUSDT,buy,autonomous,skipped_existing_position,1,344.15,344.1500,,Position already open
2026-09-23T13:03:58.026839+00:00,sell,TSLAUSDT,sell,autonomous,skipped_existing_position,1,378.25,378.2500,,Position already open
2026-09-23T13:03:59.083000+00:00,position_opened,AAPLUSDT,buy,strategy,submitted,1,344.15,344.1500,,Encrypted intent submitted · 39901eb1…
2026-09-23T13:04:00.990000+00:00,position_opened,AAPLUSDT,buy,autonomous,submitted,1,344.15,344.1500,,Encrypted intent submitted · 39901eb1…
2026-09-23T13:04:02.246000+00:00,position_closed,TSLAUSDT,close,strategy,closed,3,1133.86,377.9533,-1.74,Position closed
2026-09-23T13:04:03.503000+00:00,position_opened,TSLAUSDT,sell,autonomous,submitted,1,378.25,378.2500,,Encrypted intent submitted · 4b5c834e…
2026-09-23T13:08:55.715775+00:00,buy,AAPLUSDT,buy,strategy,skipped_existing_position,1,343.14,343.1400,,Position already open
2026-09-23T13:08:57.917996+00:00,sell,TSLAUSDT,sell,strategy,skipped_existing_position,1,378.29,378.2900,,Position already open
2026-09-23T13:09:00.628461+00:00,buy,AAPLUSDT,buy,autonomous,skipped_existing_position,1,343.08,343.0800,,Position already open
2026-09-23T13:09:02.817156+00:00,sell,TSLAUSDT,sell,autonomous,skipped_existing_position,1,378.29,378.2900,,Position already open
2026-09-23T13:09:05.568000+00:00,position_opened,AAPLUSDT,buy,strategy,submitted,1,343.08,343.0800,,Encrypted intent submitted · 3319b108…
2026-09-23T13:09:05.928000+00:00,position_opened,AAPLUSDT,buy,autonomous,submitted,1,343.08,343.0800,,Encrypted intent submitted · 3319b108…
2026-09-23T13:09:06.280332+00:00,sell,TSLAUSDT,sell,strategy,skipped_existing_position,1,378.29,378.2900,,Position already open
2026-09-23T13:09:06.92216+00:00,sell,TSLAUSDT,sell,autonomous,skipped_existing_position,1,378.29,378.2900,,Position already open
2026-09-23T13:14:00.083577+00:00,buy,AAPLUSDT,buy,strategy,skipped_existing_position,1,343.10,343.1000,,Position already open
2026-09-23T13:14:02.88872+00:00,sell,TSLAUSDT,sell,strategy,skipped_existing_position,1,378.44,378.4400,,Position already open
2026-09-23T13:14:05.150745+00:00,buy,AAPLUSDT,buy,autonomous,skipped_existing_position,1,343.10,343.1000,,Position already open
2026-09-23T13:14:07.297586+00:00,sell,TSLAUSDT,sell,autonomous,skipped_existing_position,1,378.37,378.3700,,Position already open
2026-09-23T13:14:10.184000+00:00,position_opened,AAPLUSDT,buy,strategy,submitted,1,343.05,343.0500,,Encrypted intent submitted · 09d523a3…
2026-09-23T13:14:10.615000+00:00,position_opened,AAPLUSDT,buy,autonomous,submitted,1,343.05,343.0500,,Encrypted intent submitted · 09d523a3…
2026-09-23T13:14:11.067153+00:00,sell,TSLAUSDT,sell,strategy,skipped_existing_position,1,378.34,378.3400,,Position already open
2026-09-23T13:14:11.750052+00:00,sell,TSLAUSDT,sell,autonomous,skipped_existing_position,1,378.34,378.3400,,Position already open
2026-09-23T13:19:05.150404+00:00,buy,AAPLUSDT,buy,strategy,skipped_existing_position,1,342.77,342.7700,,Position already open
2026-09-23T13:19:07.355501+00:00,sell,TSLAUSDT,sell,strategy,skipped_existing_position,1,378.74,378.7400,,Position already open
2026-09-23T13:19:09.766819+00:00,buy,AAPLUSDT,buy,autonomous,skipped_existing_position,1,342.77,342.7700,,Position already open
2026-09-23T13:19:11.938459+00:00,sell,TSLAUSDT,sell,autonomous,skipped_existing_position,1,378.69,378.6900,,Position already open
2026-09-23T13:19:16.295000+00:00,position_opened,AAPLUSDT,buy,strategy,submitted,1,342.77,342.7700,,Encrypted intent submitted · 83b30e59…
2026-09-23T13:19:16.694000+00:00,position_opened,AAPLUSDT,buy,autonomous,submitted,1,342.77,342.7700,,Encrypted intent submitted · 83b30e59…
2026-09-23T13:19:17.008658+00:00,sell,TSLAUSDT,sell,strategy,skipped_existing_position,1,378.66,378.6600,,Position already open
2026-09-23T13:19:17.636294+00:00,sell,TSLAUSDT,sell,autonomous,skipped_existing_position,1,378.66,378.6600,,Position already open
2026-09-23T13:19:36.174000+00:00,position_opened,AAPLUSDT,buy,autonomous,submitted,1,342.77,342.7700,,Encrypted intent submitted · 83b30e59…
2026-09-23T13:19:34.659096+00:00,buy,AAPLUSDT,buy,autonomous,skipped_existing_position,1,342.77,342.7700,,Position already open
2026-09-23T13:19:34.660157+00:00,buy,AAPLUSDT,buy,strategy,rejected,1,342.77,342.7700,,The order amount exceeds the balance
2026-09-23T13:19:34.662209+00:00,buy,AAPLUSDT,buy,strategy,skipped_existing_position,1,342.81,342.8100,,Position already open
2026-09-23T13:19:37.745239+00:00,sell,TSLAUSDT,sell,autonomous,skipped_existing_position,1,378.59,378.5900,,Position already open
2026-09-23T13:19:39.777228+00:00,sell,TSLAUSDT,sell,strategy,skipped_existing_position,1,378.59,378.5900,,Position already open
2026-09-23T13:19:40.435546+00:00,sell,TSLAUSDT,sell,autonomous,skipped_existing_position,1,378.59,378.5900,,Position already open
2026-09-23T13:19:42.761796+00:00,sell,TSLAUSDT,sell,strategy,skipped_existing_position,1,378.59,378.5900,,Position already open
2026-09-23T13:24:42.152378+00:00,buy,AAPLUSDT,buy,autonomous,skipped_existing_position,1,342.60,342.6000,,Position already open
2026-09-23T13:24:44.47815+00:00,sell,TSLAUSDT,sell,autonomous,skipped_existing_position,1,378.98,378.9800,,Position already open
2026-09-23T13:24:44.585692+00:00,buy,AAPLUSDT,buy,strategy,skipped_existing_position,1,342.60,342.6000,,Position already open
2026-09-23T13:24:46.660363+00:00,buy,AAPLUSDT,buy,strategy,rejected,1,342.60,342.6000,,The order amount exceeds the balance
2026-09-23T13:24:46.660288+00:00,buy,AAPLUSDT,buy,autonomous,rejected,1,342.60,342.6000,,The order amount exceeds the balance
2026-09-23T13:24:48.349616+00:00,sell,TSLAUSDT,sell,strategy,skipped_existing_position,1,378.98,378.9800,,Position already open
2026-09-23T13:24:51.12331+00:00,sell,TSLAUSDT,sell,strategy,skipped_existing_position,1,378.98,378.9800,,Position already open
2026-09-23T13:24:51.752258+00:00,sell,TSLAUSDT,sell,autonomous,skipped_existing_position,1,378.98,378.9800,,Position already open
2026-09-23T13:28:18.431001+00:00,buy,AAPLUSDT,buy,autonomous,skipped_existing_position,1,341.22,341.2200,,Position already open
2026-09-23T13:28:18.43203+00:00,buy,AAPLUSDT,buy,autonomous,rejected,1,341.22,341.2200,,Parameter AAPLUSDT does not exist
2026-09-23T13:28:18.433035+00:00,buy,AAPLUSDT,buy,strategy,skipped_existing_position,1,341.16,341.1600,,Position already open
2026-09-23T13:28:18.434104+00:00,buy,AAPLUSDT,buy,strategy,rejected,1,341.22,341.2200,,Parameter AAPLUSDT does not exist
2026-09-23T13:28:23.438000+00:00,position_closed,TSLAUSDT,close,autonomous,closed,1,377.93,377.9300,-13.75,Position closed
2026-09-23T13:28:25.712000+00:00,position_opened,TSLAUSDT,buy,strategy,submitted,1,379.97,379.9700,,Encrypted intent submitted · 19f91821…
2026-09-23T13:28:24.012595+00:00,buy,TSLAUSDT,buy,autonomous,rejected,1,379.97,379.9700,,Parameter TSLAUSDT does not exist
2026-09-23T13:28:24.61163+00:00,buy,TSLAUSDT,buy,strategy,rejected,1,379.95,379.9500,,Parameter TSLAUSDT does not exist
2026-09-23T13:33:25.976000+00:00,position_closed,AAPLUSDT,close,autonomous,closed,27,9234.95,342.0353,16.56,Position closed
2026-09-23T13:33:27.690000+00:00,position_opened,TSLAUSDT,buy,autonomous,submitted,1,382.58,382.5800,,Encrypted intent submitted · d660daa1…
2026-09-23T13:33:29.474000+00:00,position_opened,AAPLUSDT,sell,strategy,submitted,1,341.85,341.8500,,Encrypted intent submitted · a9e9f7cd…
2026-09-23T13:33:29.322962+00:00,sell,AAPLUSDT,sell,autonomous,rejected,1,341.98,341.9800,,Parameter AAPLUSDT does not exist
2026-09-23T13:33:32.010000+00:00,position_opened,TSLAUSDT,buy,strategy,submitted,1,382.27,382.2700,,Encrypted intent submitted · 6523c9c2…
2026-09-23T13:33:30.178238+00:00,sell,AAPLUSDT,sell,strategy,rejected,1,341.86,341.8600,,Parameter AAPLUSDT does not exist
2026-09-23T13:33:33.770343+00:00,buy,TSLAUSDT,buy,autonomous,rejected,1,382.87,382.8700,,Parameter TSLAUSDT does not exist
2026-09-23T13:33:35.009795+00:00,buy,TSLAUSDT,buy,strategy,rejected,1,382.87,382.8700,,Parameter TSLAUSDT does not exist
2026-09-23T13:35:22.560882+00:00,sell,AAPLUSDT,sell,autonomous,rejected,1,340.92,340.9200,,Parameter AAPLUSDT does not exist
2026-09-23T13:35:24.087000+00:00,position_opened,AAPLUSDT,sell,autonomous,submitted,1,340.92,340.9200,,Encrypted intent submitted · f52d7b59…
2026-09-23T13:35:23.902000+00:00,position_opened,AAPLUSDT,sell,strategy,submitted,1,340.92,340.9200,,Encrypted intent submitted · f52d7b59…
2026-09-23T13:35:22.563451+00:00,sell,AAPLUSDT,sell,strategy,rejected,1,340.92,340.9200,,Parameter AAPLUSDT does not exist
2026-09-23T13:35:26.723663+00:00,buy,TSLAUSDT,buy,strategy,skipped_existing_position,1,381.00,381.0000,,Position already open
2026-09-23T13:35:27.368121+00:00,buy,TSLAUSDT,buy,autonomous,skipped_existing_position,1,381.16,381.1600,,Position already open
2026-09-23T13:35:28.060135+00:00,buy,TSLAUSDT,buy,autonomous,rejected,1,381.16,381.1600,,Parameter TSLAUSDT does not exist
2026-09-23T13:35:28.633407+00:00,buy,TSLAUSDT,buy,strategy,rejected,1,381.16,381.1600,,Parameter TSLAUSDT does not exist
2026-09-23T13:40:30.208000+00:00,position_opened,AAPLUSDT,sell,strategy,submitted,1,339.43,339.4300,,Encrypted intent submitted · d6aa30b5…
2026-09-23T13:40:31.288000+00:00,position_opened,AAPLUSDT,sell,autonomous,submitted,1,339.43,339.4300,,Encrypted intent submitted · d6aa30b5…
2026-09-23T13:40:30.890715+00:00,buy,TSLAUSDT,buy,strategy,skipped_existing_position,1,381.42,381.4200,,Position already open
2026-09-23T13:40:32.691762+00:00,buy,TSLAUSDT,buy,autonomous,skipped_existing_position,1,381.42,381.4200,,Position already open
2026-09-23T13:40:33.91192+00:00,sell,AAPLUSDT,sell,autonomous,rejected,1,339.32,339.3200,,Parameter AAPLUSDT does not exist
2026-09-23T13:40:34.318015+00:00,sell,AAPLUSDT,sell,strategy,rejected,1,339.32,339.3200,,Parameter AAPLUSDT does not exist
2026-09-23T13:40:37.816892+00:00,buy,TSLAUSDT,buy,autonomous,rejected,1,381.42,381.4200,,Parameter TSLAUSDT does not exist
2026-09-23T13:40:38.500098+00:00,buy,TSLAUSDT,buy,strategy,rejected,1,381.42,381.4200,,Parameter TSLAUSDT does not exist
2026-09-23T13:42:25.445000+00:00,position_opened,AAPLUSDT,sell,autonomous,submitted,1,338.40,338.4000,,Encrypted intent submitted · 3fc64ca5…
2026-09-23T13:42:23.829322+00:00,sell,AAPLUSDT,sell,autonomous,rejected,1,338.37,338.3700,,Parameter AAPLUSDT does not exist
2026-09-23T13:42:25.215000+00:00,position_opened,AAPLUSDT,sell,strategy,submitted,1,338.40,338.4000,,Encrypted intent submitted · 3fc64ca5…
2026-09-23T13:42:23.831628+00:00,sell,AAPLUSDT,sell,strategy,rejected,1,338.37,338.3700,,Parameter AAPLUSDT does not exist
2026-09-23T13:42:30.937000+00:00,position_opened,TSLAUSDT,buy,strategy,submitted,1,382.73,382.7300,,Encrypted intent submitted · 34feed45…
2026-09-23T13:42:31.053000+00:00,position_opened,TSLAUSDT,buy,autonomous,submitted,1,382.73,382.7300,,Encrypted intent submitted · 34feed45…
2026-09-23T13:42:29.72744+00:00,buy,TSLAUSDT,buy,autonomous,rejected,1,382.76,382.7600,,Parameter TSLAUSDT does not exist
2026-09-23T13:42:30.426495+00:00,buy,TSLAUSDT,buy,strategy,rejected,1,382.76,382.7600,,Parameter TSLAUSDT does not exist
2026-09-23T13:47:35.122000+00:00,position_opened,AAPLUSDT,sell,strategy,submitted,1,338.72,338.7200,,Encrypted intent submitted · e50dbf1e…
2026-09-23T13:47:37.657000+00:00,position_opened,AAPLUSDT,sell,autonomous,submitted,1,338.72,338.7200,,Encrypted intent submitted · e50dbf1e…
2026-09-23T13:47:35.924455+00:00,sell,AAPLUSDT,sell,autonomous,rejected,1,338.74,338.7400,,Parameter AAPLUSDT does not exist
2026-09-23T13:47:38.348000+00:00,position_opened,TSLAUSDT,buy,strategy,submitted,1,383.74,383.7400,,Encrypted intent submitted · cac67413…
2026-09-23T13:47:36.47487+00:00,sell,AAPLUSDT,sell,strategy,rejected,1,338.75,338.7500,,Parameter AAPLUSDT does not exist
2026-09-23T13:47:42.389000+00:00,position_opened,TSLAUSDT,buy,autonomous,submitted,1,383.70,383.7000,,Encrypted intent submitted · 410c9e42…
2026-09-23T13:47:40.738977+00:00,buy,TSLAUSDT,buy,autonomous,rejected,1,383.90,383.9000,,Parameter TSLAUSDT does not exist
2026-09-23T13:47:41.962927+00:00,buy,TSLAUSDT,buy,strategy,rejected,1,384.02,384.0200,,Parameter TSLAUSDT does not exist
2026-09-23T13:48:11.645769+00:00,sell,AAPLUSDT,sell,autonomous,rejected,1,338.52,338.5200,,Parameter AAPLUSDT does not exist
2026-09-23T13:48:15.787000+00:00,position_opened,AAPLUSDT,sell,autonomous,submitted,1,338.52,338.5200,,Encrypted intent submitted · 1e4df16b…
2026-09-23T13:48:12.910000+00:00,position_opened,AAPLUSDT,sell,strategy,submitted,1,338.52,338.5200,,Encrypted intent submitted · 1e4df16b…
2026-09-23T13:48:11.64804+00:00,sell,AAPLUSDT,sell,strategy,rejected,1,338.52,338.5200,,Parameter AAPLUSDT does not exist
2026-09-23T13:48:19.152000+00:00,position_opened,TSLAUSDT,buy,strategy,submitted,1,383.72,383.7200,,Encrypted intent submitted · 746f948a…
2026-09-23T13:48:17.444689+00:00,buy,TSLAUSDT,buy,strategy,rejected,1,383.75,383.7500,,Parameter TSLAUSDT does not exist
2026-09-23T13:48:18.060549+00:00,buy,TSLAUSDT,buy,autonomous,rejected,1,383.75,383.7500,,Parameter TSLAUSDT does not exist
2026-09-23T13:48:22.276000+00:00,position_opened,TSLAUSDT,buy,autonomous,submitted,1,383.75,383.7500,,Encrypted intent submitted · ef1e0f75…
2026-09-23T13:53:23.390000+00:00,position_opened,AAPLUSDT,sell,strategy,submitted,1,338.59,338.5900,,Encrypted intent submitted · 86cbc255…
2026-09-23T13:53:23.204279+00:00,sell,AAPLUSDT,sell,strategy,rejected,1,338.59,338.5900,,Parameter AAPLUSDT does not exist
2026-09-23T13:53:27.414000+00:00,position_opened,TSLAUSDT,buy,strategy,submitted,1,384.04,384.0400,,Encrypted intent submitted · 751cd198…
2026-09-23T13:53:24.105868+00:00,sell,AAPLUSDT,sell,autonomous,rejected,1,338.59,338.5900,,Parameter AAPLUSDT does not exist
2026-09-23T13:53:28.247000+00:00,position_opened,AAPLUSDT,sell,autonomous,submitted,1,338.59,338.5900,,Encrypted intent submitted · 86cbc255…
2026-09-23T13:53:27.77481+00:00,buy,TSLAUSDT,buy,strategy,rejected,1,384.22,384.2200,,Parameter TSLAUSDT does not exist
2026-09-23T13:53:28.63149+00:00,buy,TSLAUSDT,buy,autonomous,rejected,1,383.96,383.9600,,Parameter TSLAUSDT does not exist
2026-09-23T13:53:33.549000+00:00,position_opened,TSLAUSDT,buy,autonomous,submitted,1,383.96,383.9600,,Encrypted intent submitted · 6c063dd3…
2026-09-23T13:58:30.089000+00:00,position_opened,AAPLUSDT,sell,strategy,submitted,1,337.87,337.8700,,Encrypted intent submitted · 2af3033b…
2026-09-23T13:58:32.072000+00:00,position_opened,TSLAUSDT,buy,strategy,submitted,1,385.69,385.6900,,Encrypted intent submitted · f85c59e7…
2026-09-23T13:58:33.173563+00:00,sell,AAPLUSDT,sell,strategy,rejected,1,337.87,337.8700,,Parameter AAPLUSDT does not exist
2026-09-23T13:58:33.927854+00:00,sell,AAPLUSDT,sell,autonomous,rejected,1,337.87,337.8700,,Parameter AAPLUSDT does not exist
2026-09-23T13:58:37.912000+00:00,position_opened,AAPLUSDT,sell,autonomous,submitted,1,337.87,337.8700,,Encrypted intent submitted · 2af3033b…
2026-09-23T13:58:37.42465+00:00,buy,TSLAUSDT,buy,strategy,rejected,1,385.44,385.4400,,Parameter TSLAUSDT does not exist
2026-09-23T13:58:38.233022+00:00,buy,TSLAUSDT,buy,autonomous,rejected,1,385.44,385.4400,,Parameter TSLAUSDT does not exist
2026-09-23T13:58:40.198429+00:00,buy,TSLAUSDT,buy,autonomous,rejected,1,385.44,385.4400,,The order amount exceeds the balance
2026-09-23T14:03:32.767218+00:00,sell,AAPLUSDT,sell,strategy,rejected,1,337.95,337.9500,,The order amount exceeds the balance
2026-09-23T14:03:34.661483+00:00,buy,TSLAUSDT,buy,strategy,rejected,1,385.05,385.0500,,The order amount exceeds the balance
2026-09-23T14:03:42.210832+00:00,sell,AAPLUSDT,sell,strategy,rejected,1,338.00,338.0000,,Parameter AAPLUSDT does not exist
2026-09-23T14:03:44.072427+00:00,sell,AAPLUSDT,sell,autonomous,rejected,1,337.85,337.8500,,The order amount exceeds the balance
2026-09-23T14:03:44.07232+00:00,sell,AAPLUSDT,sell,autonomous,rejected,1,337.85,337.8500,,Parameter AAPLUSDT does not exist
2026-09-23T14:03:44.934779+00:00,buy,TSLAUSDT,buy,strategy,rejected,1,385.50,385.5000,,Parameter TSLAUSDT does not exist
2026-09-23T14:03:48.657766+00:00,buy,TSLAUSDT,buy,autonomous,rejected,1,385.68,385.6800,,Parameter TSLAUSDT does not exist
2026-09-23T14:03:49.259061+00:00,buy,TSLAUSDT,buy,autonomous,rejected,1,385.68,385.6800,,The order amount exceeds the balance
2026-09-23T14:08:36.559965+00:00,sell,AAPLUSDT,sell,strategy,rejected,1,338.13,338.1300,,The order amount exceeds the balance
2026-09-23T14:08:38.747029+00:00,buy,TSLAUSDT,buy,strategy,rejected,1,383.64,383.6400,,The order amount exceeds the balance
2026-09-23T14:08:49.851219+00:00,sell,AAPLUSDT,sell,strategy,rejected,1,338.18,338.1800,,Parameter AAPLUSDT does not exist
2026-09-23T14:08:52.207811+00:00,sell,AAPLUSDT,sell,autonomous,rejected,1,338.18,338.1800,,Parameter AAPLUSDT does not exist
2026-09-23T14:08:52.979156+00:00,buy,TSLAUSDT,buy,strategy,rejected,1,383.73,383.7300,,Parameter TSLAUSDT does not exist
2026-09-23T14:08:52.980055+00:00,sell,AAPLUSDT,sell,autonomous,rejected,1,338.18,338.1800,,The order amount exceeds the balance
2026-09-23T14:08:56.588948+00:00,buy,TSLAUSDT,buy,autonomous,rejected,1,383.57,383.5700,,Parameter TSLAUSDT does not exist
2026-09-23T14:08:57.292072+00:00,buy,TSLAUSDT,buy,autonomous,rejected,1,383.57,383.5700,,The order amount exceeds the balance
2026-09-23T14:13:40.410481+00:00,sell,AAPLUSDT,sell,strategy,rejected,1,337.83,337.8300,,The order amount exceeds the balance
2026-09-23T14:13:43.060733+00:00,buy,TSLAUSDT,buy,strategy,skipped_existing_position,1,382.03,382.0300,,Position already open
2026-09-23T14:13:57.888476+00:00,sell,AAPLUSDT,sell,strategy,rejected,1,337.77,337.7700,,Parameter AAPLUSDT does not exist
2026-09-23T14:14:00.368739+00:00,sell,AAPLUSDT,sell,autonomous,rejected,1,337.77,337.7700,,Parameter AAPLUSDT does not exist
2026-09-23T14:14:01.232206+00:00,buy,TSLAUSDT,buy,strategy,rejected,1,381.58,381.5800,,Parameter TSLAUSDT does not exist
2026-09-23T14:14:01.292524+00:00,sell,AAPLUSDT,sell,autonomous,rejected,1,337.77,337.7700,,The order amount exceeds the balance
2026-09-23T14:14:05.581311+00:00,buy,TSLAUSDT,buy,autonomous,rejected,1,381.50,381.5000,,Parameter TSLAUSDT does not exist
2026-09-23T14:14:07.197948+00:00,buy,TSLAUSDT,buy,autonomous,skipped_existing_position,1,381.50,381.5000,,Position already open
2026-09-23T14:18:44.697369+00:00,sell,AAPLUSDT,sell,strategy,rejected,1,337.17,337.1700,,The order amount exceeds the balance
2026-09-23T14:18:46.788526+00:00,buy,TSLAUSDT,buy,strategy,skipped_existing_position,1,381.14,381.1400,,Position already open
2026-09-23T16:19:37.073371+00:00,sell,AAPLUSDT,sell,autonomous,rejected,1,337.10,337.1000,,The order amount exceeds the balance
2026-09-23T16:19:37.07497+00:00,sell,AAPLUSDT,sell,strategy,rejected,1,337.10,337.1000,,The order amount exceeds the balance
2026-09-23T16:19:37.074003+00:00,sell,AAPLUSDT,sell,autonomous,rejected,1,337.10,337.1000,,Parameter AAPLUSDT does not exist
2026-09-23T16:19:37.076605+00:00,sell,AAPLUSDT,sell,strategy,rejected,1,337.10,337.1000,,Parameter AAPLUSDT does not exist
2026-09-23T16:19:42.845438+00:00,buy,TSLAUSDT,buy,strategy,rejected,1,379.82,379.8200,,Parameter TSLAUSDT does not exist
2026-09-23T16:19:43.52397+00:00,buy,TSLAUSDT,buy,autonomous,skipped_existing_position,1,379.82,379.8200,,Position already open
2026-09-23T16:19:44.193468+00:00,buy,TSLAUSDT,buy,strategy,skipped_existing_position,1,379.82,379.8200,,Position already open
2026-09-23T16:19:44.930558+00:00,buy,TSLAUSDT,buy,autonomous,rejected,1,379.82,379.8200,,Parameter TSLAUSDT does not exist
2026-09-23T16:24:47.319652+00:00,sell,AAPLUSDT,sell,autonomous,rejected,1,337.18,337.1800,,The order amount exceeds the balance
2026-09-23T16:24:48.109268+00:00,sell,AAPLUSDT,sell,strategy,rejected,1,337.18,337.1800,,The order amount exceeds the balance
2026-09-23T16:24:49.870713+00:00,buy,TSLAUSDT,buy,autonomous,skipped_existing_position,1,379.69,379.6900,,Position already open
2026-09-23T16:24:50.128548+00:00,sell,AAPLUSDT,sell,strategy,rejected,1,337.18,337.1800,,Parameter AAPLUSDT does not exist
2026-09-23T16:24:51.597493+00:00,sell,AAPLUSDT,sell,autonomous,rejected,1,337.18,337.1800,,Parameter AAPLUSDT does not exist
2026-09-23T16:24:53.69804+00:00,buy,TSLAUSDT,buy,strategy,skipped_existing_position,1,379.69,379.6900,,Position already open
2026-09-23T16:24:55.868772+00:00,buy,TSLAUSDT,buy,strategy,rejected,1,379.69,379.6900,,Parameter TSLAUSDT does not exist
2026-09-23T16:24:57.542414+00:00,buy,TSLAUSDT,buy,autonomous,rejected,1,379.69,379.6900,,Parameter TSLAUSDT does not exist
2026-09-23T16:29:51.598156+00:00,sell,AAPLUSDT,sell,autonomous,rejected,1,337.05,337.0500,,The order amount exceeds the balance
2026-09-23T16:29:54.13928+00:00,buy,TSLAUSDT,buy,autonomous,skipped_existing_position,1,379.54,379.5400,,Position already open
2026-09-23T16:29:56.627422+00:00,sell,AAPLUSDT,sell,strategy,rejected,1,337.05,337.0500,,The order amount exceeds the balance
2026-09-23T16:29:58.1729+00:00,buy,TSLAUSDT,buy,strategy,skipped_existing_position,1,379.54,379.5400,,Position already open
2026-09-23T16:30:00.749349+00:00,sell,AAPLUSDT,sell,strategy,rejected,1,337.05,337.0500,,Parameter AAPLUSDT does not exist
2026-09-23T16:30:02.662186+00:00,sell,AAPLUSDT,sell,autonomous,rejected,1,337.05,337.0500,,Parameter AAPLUSDT does not exist
2026-09-23T16:30:03.504976+00:00,buy,TSLAUSDT,buy,strategy,rejected,1,379.54,379.5400,,Parameter TSLAUSDT does not exist
2026-09-23T16:30:07.36132+00:00,buy,TSLAUSDT,buy,autonomous,rejected,1,379.63,379.6300,,Parameter TSLAUSDT does not exist
2026-09-23T16:34:03.452355+00:00,sell,AAPLUSDT,sell,autonomous,rejected,1,337.00,337.0000,,Parameter AAPLUSDT does not exist
2026-09-23T16:34:03.452244+00:00,sell,AAPLUSDT,sell,autonomous,rejected,1,337.00,337.0000,,The order amount exceeds the balance
2026-09-23T16:34:10.601414+00:00,sell,AAPLUSDT,sell,strategy,rejected,1,337.00,337.0000,,Parameter AAPLUSDT does not exist
2026-09-23T16:34:10.601393+00:00,sell,AAPLUSDT,sell,strategy,rejected,1,337.00,337.0000,,The order amount exceeds the balance
2026-09-23T16:34:10.601366+00:00,sell,AAPLUSDT,sell,autonomous,rejected,1,337.00,337.0000,,Parameter AAPLUSDT does not exist
2026-09-23T16:34:10.601302+00:00,sell,AAPLUSDT,sell,autonomous,rejected,1,337.00,337.0000,,The order amount exceeds the balance
2026-09-23T16:34:17.727556+00:00,buy,TSLAUSDT,buy,strategy,skipped_existing_position,1,380.38,380.3800,,Position already open
2026-09-23T16:34:18.455546+00:00,buy,TSLAUSDT,buy,autonomous,skipped_existing_position,1,380.38,380.3800,,Position already open
2026-09-23T16:34:19.101659+00:00,buy,TSLAUSDT,buy,strategy,rejected,1,380.38,380.3800,,Parameter TSLAUSDT does not exist
2026-09-23T16:34:19.702072+00:00,buy,TSLAUSDT,buy,autonomous,rejected,1,380.38,380.3800,,Parameter TSLAUSDT does not exist
2026-09-23T16:39:20.48776+00:00,sell,AAPLUSDT,sell,strategy,rejected,1,336.89,336.8900,,The order amount exceeds the balance
2026-09-23T16:39:21.185066+00:00,sell,AAPLUSDT,sell,autonomous,rejected,1,336.89,336.8900,,The order amount exceeds the balance
2026-09-23T16:39:23.015003+00:00,buy,TSLAUSDT,buy,strategy,skipped_existing_position,1,379.67,379.6700,,Position already open
2026-09-23T16:39:23.670716+00:00,buy,TSLAUSDT,buy,autonomous,skipped_existing_position,1,379.67,379.6700,,Position already open
2026-09-23T16:39:24.49155+00:00,sell,AAPLUSDT,sell,strategy,rejected,1,336.89,336.8900,,Parameter AAPLUSDT does not exist
2026-09-23T16:39:25.26853+00:00,sell,AAPLUSDT,sell,autonomous,rejected,1,336.89,336.8900,,Parameter AAPLUSDT does not exist
2026-09-23T16:39:28.901398+00:00,buy,TSLAUSDT,buy,strategy,rejected,1,379.67,379.6700,,Parameter TSLAUSDT does not exist
2026-09-23T16:39:29.502772+00:00,buy,TSLAUSDT,buy,autonomous,rejected,1,379.67,379.6700,,Parameter TSLAUSDT does not exist
2026-09-23T16:42:46.842998+00:00,sell,AAPLUSDT,sell,autonomous,rejected,1,336.95,336.9500,,Parameter AAPLUSDT does not exist
2026-09-23T16:42:46.8429+00:00,sell,AAPLUSDT,sell,autonomous,rejected,1,336.95,336.9500,,The order amount exceeds the balance
2026-09-23T16:42:46.843051+00:00,blocked,AAPLUSDT,hold,strategy,logged,0,0.00,336.9500,,No trade signal
2026-09-23T16:42:46.843028+00:00,blocked,AAPLUSDT,hold,strategy,logged,0,0.00,336.9500,,No trade signal
2026-09-23T16:43:08.477984+00:00,blocked,AAPLUSDT,hold,strategy,logged,0,0.00,336.9900,,No trade signal
2026-09-23T16:43:08.47795+00:00,sell,AAPLUSDT,sell,autonomous,rejected,1,336.99,336.9900,,Parameter AAPLUSDT does not exist
2026-09-23T16:43:08.477827+00:00,sell,AAPLUSDT,sell,autonomous,rejected,1,336.99,336.9900,,The order amount exceeds the balance
2026-09-23T16:43:08.478008+00:00,blocked,AAPLUSDT,hold,strategy,logged,0,0.00,336.9900,,No trade signal
2026-09-23T16:43:46.094609+00:00,blocked,AAPLUSDT,hold,strategy,logged,0,0.00,336.9900,,No trade signal
2026-09-23T16:43:46.094591+00:00,blocked,AAPLUSDT,hold,strategy,logged,0,0.00,336.9900,,No trade signal
2026-09-23T16:43:46.094561+00:00,sell,AAPLUSDT,sell,autonomous,rejected,1,336.99,336.9900,,Parameter AAPLUSDT does not exist
2026-09-23T16:43:46.094465+00:00,sell,AAPLUSDT,sell,autonomous,rejected,1,336.99,336.9900,,The order amount exceeds the balance
2026-09-23T16:43:49.051791+00:00,buy,TSLAUSDT,buy,strategy,skipped_existing_position,1,379.81,379.8100,,Position already open
2026-09-23T16:43:52.338821+00:00,buy,TSLAUSDT,buy,strategy,rejected,1,379.91,379.9100,,Parameter TSLAUSDT does not exist
2026-09-23T16:43:53.936787+00:00,buy,TSLAUSDT,buy,autonomous,rejected,1,379.91,379.9100,,Parameter TSLAUSDT does not exist
2026-09-23T16:43:55.958764+00:00,buy,TSLAUSDT,buy,autonomous,skipped_existing_position,1,379.91,379.9100,,Position already open
2026-09-23T16:48:53.288232+00:00,blocked,AAPLUSDT,hold,strategy,logged,0,0.00,337.0300,,No trade signal
2026-09-23T16:48:54.501046+00:00,buy,TSLAUSDT,buy,strategy,skipped_existing_position,1,379.76,379.7600,,Position already open
2026-09-23T16:48:58.045858+00:00,blocked,AAPLUSDT,hold,strategy,logged,0,0.00,337.0300,,No trade signal
2026-09-23T16:49:00.427763+00:00,buy,TSLAUSDT,buy,strategy,rejected,1,379.76,379.7600,,Parameter TSLAUSDT does not exist
2026-09-23T16:49:00.494363+00:00,sell,AAPLUSDT,sell,autonomous,rejected,1,337.03,337.0300,,Parameter AAPLUSDT does not exist
2026-09-23T16:49:00.494195+00:00,sell,AAPLUSDT,sell,autonomous,rejected,1,337.03,337.0300,,The order amount exceeds the balance
2026-09-23T16:49:05.225919+00:00,buy,TSLAUSDT,buy,autonomous,skipped_existing_position,1,379.76,379.7600,,Position already open
2026-09-23T16:49:05.819536+00:00,buy,TSLAUSDT,buy,autonomous,rejected,1,379.76,379.7600,,Parameter TSLAUSDT does not exist
2026-09-23T16:50:01.277087+00:00,sell,AAPLUSDT,sell,autonomous,rejected,1,337.02,337.0200,,The order amount exceeds the balance
2026-09-23T16:50:01.27831+00:00,sell,AAPLUSDT,sell,autonomous,rejected,1,337.02,337.0200,,Parameter AAPLUSDT does not exist
2026-09-23T16:50:01.282167+00:00,blocked,AAPLUSDT,hold,strategy,logged,0,0.00,337.0200,,No trade signal
2026-09-23T16:50:01.283441+00:00,blocked,AAPLUSDT,hold,strategy,logged,0,0.00,337.0200,,No trade signal
2026-09-23T16:50:04.221892+00:00,buy,TSLAUSDT,buy,strategy,rejected,1,379.75,379.7500,,Parameter TSLAUSDT does not exist
2026-09-23T16:50:05.042965+00:00,buy,TSLAUSDT,buy,strategy,skipped_existing_position,1,379.75,379.7500,,Position already open
2026-09-23T16:50:07.784834+00:00,buy,TSLAUSDT,buy,autonomous,skipped_existing_position,1,379.75,379.7500,,Position already open
2026-09-23T16:50:10.784035+00:00,buy,TSLAUSDT,buy,autonomous,rejected,1,379.66,379.6600,,Parameter TSLAUSDT does not exist
2026-09-23T16:52:41.59857+00:00,sell,AAPLUSDT,sell,autonomous,rejected,1,337.06,337.0600,,Parameter AAPLUSDT does not exist
2026-09-23T16:52:41.598102+00:00,sell,AAPLUSDT,sell,autonomous,rejected,1,337.06,337.0600,,The order amount exceeds the balance
2026-09-23T16:52:41.59976+00:00,blocked,AAPLUSDT,hold,strategy,logged,0,0.00,337.0600,,No trade signal
2026-09-23T16:52:41.600259+00:00,blocked,AAPLUSDT,hold,strategy,logged,0,0.00,337.0600,,No trade signal
2026-09-23T16:52:45.022553+00:00,buy,TSLAUSDT,buy,strategy,skipped_existing_position,1,379.12,379.1200,,Position already open
2026-09-23T16:52:46.959345+00:00,buy,TSLAUSDT,buy,strategy,rejected,1,379.17,379.1700,,Parameter TSLAUSDT does not exist
2026-09-23T16:52:47.69251+00:00,buy,TSLAUSDT,buy,autonomous,rejected,1,379.17,379.1700,,Parameter TSLAUSDT does not exist
2026-09-23T16:52:48.307649+00:00,buy,TSLAUSDT,buy,autonomous,skipped_existing_position,1,379.17,379.1700,,Position already open
2026-09-23T16:53:35.66765+00:00,blocked,AAPLUSDT,hold,strategy,logged,0,0.00,337.0600,,No trade signal
2026-09-23T16:53:35.667631+00:00,blocked,AAPLUSDT,hold,strategy,logged,0,0.00,337.0600,,No trade signal
2026-09-23T16:53:35.667605+00:00,sell,AAPLUSDT,sell,autonomous,rejected,1,337.06,337.0600,,Parameter AAPLUSDT does not exist
2026-09-23T16:53:35.667517+00:00,sell,AAPLUSDT,sell,autonomous,rejected,1,337.06,337.0600,,The order amount exceeds the balance
2026-09-23T16:53:37.185423+00:00,buy,TSLAUSDT,buy,strategy,skipped_existing_position,1,379.08,379.0800,,Position already open
2026-09-23T16:53:39.044573+00:00,buy,TSLAUSDT,buy,strategy,rejected,1,379.15,379.1500,,Parameter TSLAUSDT does not exist
2026-09-23T16:53:41.08591+00:00,buy,TSLAUSDT,buy,autonomous,skipped_existing_position,1,379.15,379.1500,,Position already open
2026-09-23T16:53:43.832676+00:00,buy,TSLAUSDT,buy,autonomous,rejected,1,379.11,379.1100,,Parameter TSLAUSDT does not exist
2026-09-23T16:58:41.825486+00:00,blocked,AAPLUSDT,hold,strategy,logged,0,0.00,337.0200,,No trade signal
2026-09-23T16:58:43.067501+00:00,buy,TSLAUSDT,buy,strategy,skipped_existing_position,1,378.81,378.8100,,Position already open
2026-09-23T16:58:44.603393+00:00,sell,AAPLUSDT,sell,autonomous,rejected,1,337.02,337.0200,,The order amount exceeds the balance
2026-09-23T16:58:45.253741+00:00,blocked,AAPLUSDT,hold,strategy,logged,0,0.00,337.0200,,No trade signal
2026-09-23T16:58:46.177895+00:00,buy,TSLAUSDT,buy,autonomous,skipped_existing_position,1,378.81,378.8100,,Position already open
2026-09-23T16:58:47.898263+00:00,buy,TSLAUSDT,buy,strategy,rejected,1,378.81,378.8100,,Parameter TSLAUSDT does not exist
2026-09-23T16:58:47.899195+00:00,sell,AAPLUSDT,sell,autonomous,rejected,1,337.02,337.0200,,Parameter AAPLUSDT does not exist
2026-09-23T16:58:53.069977+00:00,buy,TSLAUSDT,buy,autonomous,rejected,1,379.02,379.0200,,Parameter TSLAUSDT does not exist
2026-09-23T17:01:11.940443+00:00,blocked,AAPLUSDT,hold,strategy,logged,0,0.00,337.1800,,No trade signal
2026-09-23T17:01:11.940422+00:00,blocked,AAPLUSDT,hold,strategy,logged,0,0.00,337.1800,,No trade signal
2026-09-23T17:01:11.940397+00:00,sell,AAPLUSDT,sell,autonomous,rejected,1,337.18,337.1800,,Parameter AAPLUSDT does not exist
2026-09-23T17:01:11.940305+00:00,sell,AAPLUSDT,sell,autonomous,rejected,1,337.18,337.1800,,The order amount exceeds the balance
2026-09-23T17:01:19.330000+00:00,position_closed,TSLAUSDT,close,strategy,closed,12,4597.45,383.1208,-13.03,Position closed
2026-09-23T17:01:18.438815+00:00,buy,TSLAUSDT,buy,strategy,rejected,0.01,3.79,378.8900,,Parameter TSLAUSDT does not exist
2026-09-23T17:01:24.374000+00:00,position_opened,TSLAUSDT,buy,autonomous,submitted,1,378.89,378.8900,,Encrypted intent submitted · 5640bdd3…
2026-09-23T17:01:19.853516+00:00,buy,TSLAUSDT,buy,autonomous,rejected,1,378.89,378.8900,,Parameter TSLAUSDT does not exist
2026-09-23T17:06:23.787315+00:00,blocked,AAPLUSDT,hold,strategy,logged,0,0.00,337.3100,,No trade signal
2026-09-23T17:06:25.852069+00:00,blocked,TSLAUSDT,hold,strategy,logged,0,0.00,378.3200,,No trade signal
2026-09-23T17:06:26.157623+00:00,blocked,AAPLUSDT,hold,strategy,logged,0,0.00,337.3100,,No trade signal
2026-09-23T17:06:30.294000+00:00,position_opened,AAPLUSDT,sell,autonomous,submitted,1,337.31,337.3100,,Encrypted intent submitted · c316f477…
2026-09-23T17:06:28.919468+00:00,blocked,TSLAUSDT,hold,strategy,logged,0,0.00,378.2500,,No trade signal
2026-09-23T17:06:28.921238+00:00,sell,AAPLUSDT,sell,autonomous,rejected,1,337.31,337.3100,,Parameter AAPLUSDT does not exist
2026-09-23T17:06:36.949000+00:00,position_closed,TSLAUSDT,close,autonomous,closed,1,378.80,378.8000,-5.46,Position closed
2026-09-23T17:06:36.551672+00:00,sell,TSLAUSDT,sell,autonomous,rejected,1,378.28,378.2800,,Parameter TSLAUSDT does not exist
2026-09-23T17:07:44.109000+00:00,position_opened,AAPLUSDT,sell,autonomous,submitted,1,337.48,337.4800,,Encrypted intent submitted · 8565bee8…
2026-09-23T17:07:38.900976+00:00,blocked,AAPLUSDT,hold,strategy,logged,0,0.00,337.4800,,No trade signal
2026-09-23T17:07:38.900561+00:00,sell,AAPLUSDT,sell,autonomous,rejected,1,337.48,337.4800,,Parameter AAPLUSDT does not exist
2026-09-23T17:07:38.902639+00:00,blocked,AAPLUSDT,hold,strategy,logged,0,0.00,337.4800,,No trade signal
2026-09-23T17:07:41.627745+00:00,buy,TSLAUSDT,buy,strategy,rejected,0.01,3.78,378.3400,,Parameter TSLAUSDT does not exist
2026-09-23T17:07:43.722598+00:00,buy,TSLAUSDT,buy,strategy,rejected,0.01,3.78,378.3400,,less than the minimum amount 5 USDT
2026-09-23T17:07:44.517012+00:00,buy,TSLAUSDT,buy,autonomous,rejected,1,378.34,378.3400,,Parameter TSLAUSDT does not exist
2026-09-23T17:07:50.410000+00:00,position_opened,TSLAUSDT,buy,autonomous,submitted,1,378.34,378.3400,,Encrypted intent submitted · bb6cea2c…
2026-09-23T17:12:49.755405+00:00,blocked,AAPLUSDT,hold,strategy,logged,0,0.00,337.5000,,No trade signal
2026-09-23T17:12:51.92691+00:00,blocked,TSLAUSDT,hold,strategy,logged,0,0.00,378.3400,,No trade signal
2026-09-23T17:12:51.92798+00:00,sell,AAPLUSDT,sell,autonomous,rejected,1,337.50,337.5000,,Parameter AAPLUSDT does not exist
2026-09-23T17:12:51.927914+00:00,blocked,AAPLUSDT,hold,strategy,logged,0,0.00,337.5000,,No trade signal
2026-09-23T17:12:57.178000+00:00,position_opened,AAPLUSDT,sell,autonomous,submitted,1,337.50,337.5000,,Encrypted intent submitted · 2d678980…
2026-09-23T17:12:55.295669+00:00,blocked,TSLAUSDT,hold,strategy,logged,0,0.00,378.4100,,No trade signal
2026-09-23T17:12:58.267828+00:00,sell,TSLAUSDT,sell,autonomous,rejected,1,378.35,378.3500,,Parameter TSLAUSDT does not exist
2026-09-23T17:13:00.514000+00:00,position_closed,TSLAUSDT,close,autonomous,closed,1,378.14,378.1400,-5.35,Position closed
2026-09-23T17:16:49.961315+00:00,sell,AAPLUSDT,sell,strategy,rejected,0.01,3.38,337.6400,,Parameter AAPLUSDT does not exist
2026-09-23T17:16:49.961286+00:00,sell,AAPLUSDT,sell,strategy,rejected,0.01,3.38,337.6400,,less than the minimum amount 5 USDT
2026-09-23T17:16:49.96125+00:00,sell,AAPLUSDT,sell,autonomous,rejected,1,337.64,337.6400,,Parameter AAPLUSDT does not exist
2026-09-23T17:16:52.806000+00:00,position_opened,AAPLUSDT,sell,autonomous,submitted,1,337.64,337.6400,,Encrypted intent submitted · 9207c14c…
2026-09-23T17:18:48.155257+00:00,sell,AAPLUSDT,sell,strategy,rejected,0.01,3.38,337.8800,,less than the minimum amount 5 USDT
2026-09-23T17:18:49.441000+00:00,position_opened,AAPLUSDT,sell,autonomous,submitted,1,337.88,337.8800,,Encrypted intent submitted · b4ea65c9…
2026-09-23T17:22:42.932000+00:00,position_opened,AAPLUSDT,sell,autonomous,submitted,1,337.88,337.8800,,Encrypted intent submitted · 88f109b6…
2026-09-23T17:22:41.871691+00:00,sell,AAPLUSDT,sell,strategy,rejected,0.01,3.38,337.8800,,less than the minimum amount 5 USDT
2026-09-23T17:27:44.755000+00:00,position_opened,AAPLUSDT,sell,autonomous,submitted,1,337.06,337.0600,,Encrypted intent submitted · f84f608d…
2026-09-23T17:27:44.544645+00:00,sell,AAPLUSDT,sell,strategy,rejected,0.01,3.37,337.0600,,less than the minimum amount 5 USDT
2026-09-23T17:30:09.280223+00:00,sell,AAPLUSDT,sell,strategy,rejected,0.01,3.37,337.0300,,less than the minimum amount 5 USDT
2026-09-23T17:30:39.047000+00:00,position_opened,AAPLUSDT,sell,strategy,submitted,1,336.98,336.9800,,Encrypted intent submitted · 68e94eec…
2026-09-23T17:31:30.472000+00:00,position_opened,AAPLUSDT,sell,strategy,submitted,1,337.13,337.1300,,Encrypted intent submitted · 4e48405c…
2026-09-23T17:31:39.540000+00:00,position_opened,AAPLUSDT,sell,strategy,submitted,1,337.13,337.1300,,Encrypted intent submitted · 4e48405c…
2026-09-23T17:31:41.396000+00:00,position_opened,TSLAUSDT,buy,strategy,submitted,1,378.99,378.9900,,Encrypted intent submitted · 9c5e58ee…
2026-09-23T17:36:42.980000+00:00,position_opened,AAPLUSDT,sell,strategy,submitted,1,337.23,337.2300,,Encrypted intent submitted · 889382e5…
2026-09-23T17:36:44.006315+00:00,buy,TSLAUSDT,buy,strategy,skipped_existing_position,1,378.76,378.7600,,Position already open
2026-09-23T17:41:46.152000+00:00,position_opened,AAPLUSDT,sell,strategy,submitted,1,337.49,337.4900,,Encrypted intent submitted · 9d4790ad…
2026-09-23T17:41:46.921248+00:00,buy,TSLAUSDT,buy,strategy,rejected,1,379.49,379.4900,,The order amount exceeds the balance
2026-09-23T17:46:48.425273+00:00,sell,AAPLUSDT,sell,strategy,rejected,1,337.72,337.7200,,The order amount exceeds the balance
2026-09-23T17:46:50.447527+00:00,buy,TSLAUSDT,buy,strategy,rejected,1,379.97,379.9700,,The order amount exceeds the balance
2026-09-23T17:51:51.971073+00:00,sell,AAPLUSDT,sell,strategy,rejected,1,337.42,337.4200,,The order amount exceeds the balance
2026-09-23T17:51:53.575976+00:00,buy,TSLAUSDT,buy,strategy,rejected,1,379.40,379.4000,,The order amount exceeds the balance
2026-09-23T17:56:13.346077+00:00,sell,AAPLUSDT,sell,strategy,rejected,1,337.68,337.6800,,The order amount exceeds the balance
2026-09-23T17:56:14.825167+00:00,buy,TSLAUSDT,buy,strategy,rejected,1,379.70,379.7000,,The order amount exceeds the balance
2026-09-23T17:57:35.425949+00:00,sell,AAPLUSDT,sell,strategy,rejected,1,337.57,337.5700,,The order amount exceeds the balance
2026-09-23T17:57:35.426035+00:00,sell,AAPLUSDT,sell,strategy,rejected,1,337.57,337.5700,,Parameter AAPLUSDT does not exist
2026-09-23T17:57:40.06449+00:00,sell,AAPLUSDT,sell,strategy,rejected,1,337.57,337.5700,,Parameter AAPLUSDT does not exist
2026-09-23T17:57:40.064418+00:00,sell,AAPLUSDT,sell,strategy,rejected,1,337.57,337.5700,,The order amount exceeds the balance
2026-09-23T17:57:40.065228+00:00,sell,AAPLUSDT,sell,autonomous,rejected,1,337.57,337.5700,,The order amount exceeds the balance
2026-09-23T17:57:40.066003+00:00,sell,AAPLUSDT,sell,autonomous,rejected,1,337.57,337.5700,,Parameter AAPLUSDT does not exist
2026-09-23T17:57:44.467728+00:00,buy,TSLAUSDT,buy,strategy,rejected,1,379.70,379.7000,,Parameter TSLAUSDT does not exist
2026-09-23T17:57:45.10698+00:00,buy,TSLAUSDT,buy,strategy,rejected,1,379.70,379.7000,,The order amount exceeds the balance
2026-09-23T17:57:45.670894+00:00,buy,TSLAUSDT,buy,autonomous,rejected,1,379.70,379.7000,,The order amount exceeds the balance
2026-09-23T17:57:46.309531+00:00,buy,TSLAUSDT,buy,autonomous,rejected,1,379.70,379.7000,,Parameter TSLAUSDT does not exist
2026-09-23T18:02:49.848465+00:00,sell,AAPLUSDT,sell,strategy,rejected,1,337.74,337.7400,,Parameter AAPLUSDT does not exist
2026-09-23T18:02:51.954257+00:00,sell,AAPLUSDT,sell,autonomous,rejected,1,337.74,337.7400,,Parameter AAPLUSDT does not exist
2026-09-23T18:02:51.954203+00:00,sell,AAPLUSDT,sell,autonomous,rejected,1,337.74,337.7400,,The order amount exceeds the balance
2026-09-23T18:02:51.95406+00:00,sell,AAPLUSDT,sell,strategy,rejected,1,337.74,337.7400,,The order amount exceeds the balance
2026-09-23T18:02:53.129037+00:00,buy,TSLAUSDT,buy,strategy,rejected,1,380.00,380.0000,,Parameter TSLAUSDT does not exist
2026-09-23T18:02:57.029177+00:00,buy,TSLAUSDT,buy,autonomous,rejected,1,379.95,379.9500,,The order amount exceeds the balance
2026-09-23T18:02:57.600047+00:00,buy,TSLAUSDT,buy,autonomous,rejected,1,379.95,379.9500,,Parameter TSLAUSDT does not exist
2026-09-23T18:02:58.215289+00:00,buy,TSLAUSDT,buy,strategy,rejected,1,379.95,379.9500,,The order amount exceeds the balance
2026-09-23T18:07:58.794712+00:00,sell,AAPLUSDT,sell,strategy,rejected,1,337.67,337.6700,,Parameter AAPLUSDT does not exist
2026-09-23T18:08:01.235419+00:00,sell,AAPLUSDT,sell,autonomous,rejected,1,337.67,337.6700,,The order amount exceeds the balance
2026-09-23T18:08:02.021264+00:00,buy,TSLAUSDT,buy,strategy,rejected,1,380.29,380.2900,,Parameter TSLAUSDT does not exist
2026-09-23T18:08:02.022286+00:00,sell,AAPLUSDT,sell,autonomous,rejected,1,337.67,337.6700,,Parameter AAPLUSDT does not exist
2026-09-23T18:08:02.564964+00:00,sell,AAPLUSDT,sell,strategy,rejected,1,337.67,337.6700,,The order amount exceeds the balance
2026-09-23T18:08:05.092578+00:00,buy,TSLAUSDT,buy,autonomous,rejected,1,380.29,380.2900,,The order amount exceeds the balance
2026-09-23T18:08:07.378791+00:00,buy,TSLAUSDT,buy,autonomous,rejected,1,380.32,380.3200,,Parameter TSLAUSDT does not exist
2026-09-23T18:08:08.811784+00:00,buy,TSLAUSDT,buy,strategy,rejected,1,380.32,380.3200,,The order amount exceeds the balance
2026-09-23T18:13:08.214715+00:00,sell,AAPLUSDT,sell,strategy,rejected,1,337.56,337.5600,,Parameter AAPLUSDT does not exist
2026-09-23T18:13:11.025748+00:00,sell,AAPLUSDT,sell,autonomous,rejected,1,337.56,337.5600,,The order amount exceeds the balance
2026-09-23T18:13:11.817536+00:00,sell,AAPLUSDT,sell,autonomous,rejected,1,337.56,337.5600,,Parameter AAPLUSDT does not exist
2026-09-23T18:13:11.817279+00:00,buy,TSLAUSDT,buy,strategy,rejected,1,380.20,380.2000,,Parameter TSLAUSDT does not exist
2026-09-23T18:13:12.380773+00:00,sell,AAPLUSDT,sell,strategy,rejected,1,337.56,337.5600,,The order amount exceeds the balance
2026-09-23T18:13:13.239854+00:00,buy,TSLAUSDT,buy,autonomous,rejected,1,380.25,380.2500,,The order amount exceeds the balance
2026-09-23T18:13:17.449881+00:00,buy,TSLAUSDT,buy,autonomous,rejected,1,380.25,380.2500,,Parameter TSLAUSDT does not exist
2026-09-23T18:13:18.743778+00:00,buy,TSLAUSDT,buy,strategy,rejected,1,380.25,380.2500,,The order amount exceeds the balance
2026-09-23T18:18:18.121478+00:00,sell,AAPLUSDT,sell,strategy,rejected,1,337.37,337.3700,,Parameter AAPLUSDT does not exist
2026-09-23T18:18:20.351876+00:00,sell,AAPLUSDT,sell,autonomous,rejected,1,337.37,337.3700,,The order amount exceeds the balance
2026-09-23T18:18:21.040384+00:00,buy,TSLAUSDT,buy,strategy,rejected,1,380.08,380.0800,,Parameter TSLAUSDT does not exist
2026-09-23T18:18:22.103556+00:00,sell,AAPLUSDT,sell,autonomous,rejected,1,337.37,337.3700,,Parameter AAPLUSDT does not exist
2026-09-23T18:18:22.103188+00:00,buy,TSLAUSDT,buy,autonomous,rejected,1,380.08,380.0800,,The order amount exceeds the balance
2026-09-23T18:18:23.472048+00:00,sell,AAPLUSDT,sell,strategy,rejected,1,337.37,337.3700,,The order amount exceeds the balance
2026-09-23T18:18:26.100751+00:00,buy,TSLAUSDT,buy,autonomous,rejected,1,380.08,380.0800,,Parameter TSLAUSDT does not exist
2026-09-23T18:18:27.567065+00:00,buy,TSLAUSDT,buy,strategy,rejected,1,380.08,380.0800,,The order amount exceeds the balance
2026-09-23T18:23:25.366266+00:00,sell,AAPLUSDT,sell,strategy,rejected,1,337.04,337.0400,,Parameter AAPLUSDT does not exist
2026-09-23T18:23:27.25592+00:00,sell,AAPLUSDT,sell,autonomous,rejected,1,337.04,337.0400,,The order amount exceeds the balance
2026-09-23T18:23:27.939343+00:00,buy,TSLAUSDT,buy,strategy,rejected,1,380.00,380.0000,,Parameter TSLAUSDT does not exist
2026-09-23T18:23:30.409326+00:00,buy,TSLAUSDT,buy,autonomous,rejected,1,379.95,379.9500,,The order amount exceeds the balance
2026-09-23T18:23:30.410555+00:00,sell,AAPLUSDT,sell,autonomous,rejected,1,337.11,337.1100,,Parameter AAPLUSDT does not exist
2026-09-23T18:23:31.29218+00:00,sell,AAPLUSDT,sell,strategy,rejected,1,337.11,337.1100,,The order amount exceeds the balance
2026-09-23T18:23:33.588564+00:00,buy,TSLAUSDT,buy,autonomous,rejected,1,379.95,379.9500,,Parameter TSLAUSDT does not exist
2026-09-23T18:23:34.804984+00:00,buy,TSLAUSDT,buy,strategy,rejected,1,379.95,379.9500,,The order amount exceeds the balance
2026-09-23T18:28:31.294554+00:00,sell,AAPLUSDT,sell,strategy,rejected,1,337.28,337.2800,,Parameter AAPLUSDT does not exist
2026-09-23T18:28:34.31785+00:00,buy,TSLAUSDT,buy,strategy,rejected,1,380.05,380.0500,,Parameter TSLAUSDT does not exist
2026-09-23T18:28:34.349115+00:00,sell,AAPLUSDT,sell,autonomous,rejected,1,337.28,337.2800,,The order amount exceeds the balance
2026-09-23T18:28:36.932924+00:00,sell,AAPLUSDT,sell,autonomous,rejected,1,337.28,337.2800,,Parameter AAPLUSDT does not exist
2026-09-23T18:28:37.58342+00:00,buy,TSLAUSDT,buy,autonomous,rejected,1,380.05,380.0500,,The order amount exceeds the balance
2026-09-23T18:28:37.584637+00:00,sell,AAPLUSDT,sell,strategy,rejected,1,337.28,337.2800,,The order amount exceeds the balance
2026-09-23T18:28:39.809725+00:00,buy,TSLAUSDT,buy,autonomous,rejected,1,380.05,380.0500,,Parameter TSLAUSDT does not exist
2026-09-23T18:28:41.006868+00:00,buy,TSLAUSDT,buy,strategy,rejected,1,380.04,380.0400,,The order amount exceeds the balance
2026-09-23T18:33:36.932986+00:00,sell,AAPLUSDT,sell,strategy,rejected,1,337.24,337.2400,,Parameter AAPLUSDT does not exist
2026-09-23T18:33:40.142914+00:00,buy,TSLAUSDT,buy,strategy,rejected,1,379.52,379.5200,,Parameter TSLAUSDT does not exist
2026-09-23T18:33:40.464902+00:00,sell,AAPLUSDT,sell,autonomous,rejected,1,337.24,337.2400,,The order amount exceeds the balance
2026-09-23T18:33:43.365787+00:00,buy,TSLAUSDT,buy,autonomous,rejected,1,379.52,379.5200,,The order amount exceeds the balance
2026-09-23T18:33:43.36609+00:00,sell,AAPLUSDT,sell,autonomous,rejected,1,337.24,337.2400,,Parameter AAPLUSDT does not exist
2026-09-23T18:33:43.861999+00:00,sell,AAPLUSDT,sell,strategy,rejected,1,337.24,337.2400,,The order amount exceeds the balance
2026-09-23T18:33:47.095926+00:00,buy,TSLAUSDT,buy,autonomous,rejected,1,379.52,379.5200,,Parameter TSLAUSDT does not exist
2026-09-23T18:33:47.66891+00:00,buy,TSLAUSDT,buy,strategy,rejected,1,379.52,379.5200,,The order amount exceeds the balance
2026-09-23T18:38:42.724018+00:00,sell,AAPLUSDT,sell,strategy,rejected,1,337.02,337.0200,,Parameter AAPLUSDT does not exist
2026-09-23T18:38:45.305724+00:00,sell,TSLAUSDT,sell,strategy,rejected,1,379.15,379.1500,,Parameter TSLAUSDT does not exist
2026-09-23T18:38:47.146961+00:00,sell,AAPLUSDT,sell,autonomous,rejected,1,337.02,337.0200,,The order amount exceeds the balance
2026-09-23T18:38:49.527000+00:00,position_closed,TSLAUSDT,close,autonomous,closed,1,378.79,378.7900,-4.50,Position closed
2026-09-23T18:38:52.503000+00:00,position_opened,AAPLUSDT,sell,strategy,submitted,1,337.02,337.0200,,Encrypted intent submitted · dc211303…
2026-09-23T18:38:50.219524+00:00,sell,AAPLUSDT,sell,autonomous,rejected,1,337.02,337.0200,,Parameter AAPLUSDT does not exist
2026-09-23T18:38:52.877563+00:00,sell,TSLAUSDT,sell,autonomous,rejected,1,379.22,379.2200,,Parameter TSLAUSDT does not exist
2026-09-23T18:38:53.510382+00:00,sell,TSLAUSDT,sell,strategy,rejected,1,379.22,379.2200,,The order amount exceeds the balance
2026-09-23T18:43:47.815543+00:00,sell,AAPLUSDT,sell,strategy,rejected,1,337.12,337.1200,,Parameter AAPLUSDT does not exist
2026-09-23T18:43:50.454564+00:00,buy,TSLAUSDT,buy,strategy,rejected,1,380.26,380.2600,,Parameter TSLAUSDT does not exist
2026-09-23T18:43:52.835000+00:00,position_opened,AAPLUSDT,sell,autonomous,submitted,1,337.12,337.1200,,Encrypted intent submitted · f83e17fc…
2026-09-23T18:43:53.850114+00:00,buy,TSLAUSDT,buy,autonomous,rejected,1,380.22,380.2200,,The order amount exceeds the balance
2026-09-23T18:43:56.070148+00:00,sell,AAPLUSDT,sell,autonomous,rejected,1,337.11,337.1100,,Parameter AAPLUSDT does not exist
2026-09-23T18:43:56.672865+00:00,sell,AAPLUSDT,sell,strategy,rejected,1,337.11,337.1100,,The order amount exceeds the balance
2026-09-23T18:43:58.926409+00:00,buy,TSLAUSDT,buy,autonomous,rejected,1,380.20,380.2000,,Parameter TSLAUSDT does not exist
2026-09-23T18:43:59.55694+00:00,buy,TSLAUSDT,buy,strategy,rejected,1,380.20,380.2000,,The order amount exceeds the balance
2026-09-23T18:48:53.211942+00:00,sell,AAPLUSDT,sell,strategy,rejected,1,337.36,337.3600,,Parameter AAPLUSDT does not exist
2026-09-23T18:48:56.364838+00:00,buy,TSLAUSDT,buy,strategy,rejected,1,380.10,380.1000,,Parameter TSLAUSDT does not exist
2026-09-23T18:48:56.365712+00:00,sell,AAPLUSDT,sell,autonomous,rejected,1,337.36,337.3600,,The order amount exceeds the balance
2026-09-23T18:48:59.146924+00:00,buy,TSLAUSDT,buy,autonomous,rejected,1,380.10,380.1000,,The order amount exceeds the balance
2026-09-23T18:49:01.875235+00:00,sell,AAPLUSDT,sell,autonomous,rejected,1,337.36,337.3600,,Parameter AAPLUSDT does not exist
2026-09-23T18:49:03.66882+00:00,sell,AAPLUSDT,sell,strategy,rejected,1,337.31,337.3100,,The order amount exceeds the balance
2026-09-23T18:49:04.392075+00:00,buy,TSLAUSDT,buy,autonomous,rejected,1,380.10,380.1000,,Parameter TSLAUSDT does not exist
2026-09-23T18:49:06.746403+00:00,buy,TSLAUSDT,buy,strategy,rejected,1,380.10,380.1000,,The order amount exceeds the balance
2026-09-23T18:53:59.834071+00:00,sell,AAPLUSDT,sell,strategy,rejected,1,337.37,337.3700,,Parameter AAPLUSDT does not exist
2026-09-23T18:54:02.19148+00:00,sell,AAPLUSDT,sell,autonomous,rejected,1,337.37,337.3700,,The order amount exceeds the balance
2026-09-23T18:54:02.85335+00:00,sell,TSLAUSDT,sell,strategy,rejected,1,379.57,379.5700,,Parameter TSLAUSDT does not exist
2026-09-23T18:54:05.268834+00:00,sell,TSLAUSDT,sell,autonomous,rejected,1,379.57,379.5700,,The order amount exceeds the balance
2026-09-23T18:54:07.404356+00:00,sell,AAPLUSDT,sell,autonomous,rejected,1,337.37,337.3700,,Parameter AAPLUSDT does not exist
2026-09-23T18:54:09.285199+00:00,sell,AAPLUSDT,sell,strategy,rejected,1,337.37,337.3700,,The order amount exceeds the balance
2026-09-23T18:54:09.956019+00:00,sell,TSLAUSDT,sell,autonomous,rejected,1,379.57,379.5700,,Parameter TSLAUSDT does not exist
2026-09-23T18:54:12.408957+00:00,sell,TSLAUSDT,sell,strategy,rejected,1,379.57,379.5700,,The order amount exceeds the balance
2026-09-23T18:59:06.106138+00:00,sell,AAPLUSDT,sell,strategy,rejected,1,337.42,337.4200,,Parameter AAPLUSDT does not exist
2026-09-23T18:59:07.926902+00:00,sell,AAPLUSDT,sell,autonomous,rejected,1,337.48,337.4800,,The order amount exceeds the balance
2026-09-23T18:59:08.637921+00:00,buy,TSLAUSDT,buy,strategy,rejected,1,379.96,379.9600,,Parameter TSLAUSDT does not exist
2026-09-23T18:59:09.766592+00:00,buy,TSLAUSDT,buy,autonomous,rejected,1,379.96,379.9600,,The order amount exceeds the balance
2026-09-23T18:59:13.014029+00:00,sell,AAPLUSDT,sell,autonomous,rejected,1,337.48,337.4800,,Parameter AAPLUSDT does not exist
2026-09-23T18:59:14.960954+00:00,sell,AAPLUSDT,sell,strategy,rejected,1,337.48,337.4800,,The order amount exceeds the balance
2026-09-23T18:59:15.638854+00:00,buy,TSLAUSDT,buy,autonomous,rejected,1,380.04,380.0400,,Parameter TSLAUSDT does not exist
2026-09-23T18:59:17.798812+00:00,buy,TSLAUSDT,buy,strategy,rejected,1,380.04,380.0400,,The order amount exceeds the balance
2026-09-23T19:04:11.941907+00:00,sell,AAPLUSDT,sell,strategy,rejected,1,337.17,337.1700,,Parameter AAPLUSDT does not exist
2026-09-23T19:04:14.499459+00:00,sell,AAPLUSDT,sell,autonomous,rejected,1,337.17,337.1700,,The order amount exceeds the balance
2026-09-23T19:04:15.35322+00:00,sell,TSLAUSDT,sell,strategy,rejected,1,379.70,379.7000,,Parameter TSLAUSDT does not exist
2026-09-23T19:04:16.409255+00:00,sell,TSLAUSDT,sell,autonomous,rejected,1,379.70,379.7000,,The order amount exceeds the balance
2026-09-23T19:04:18.842202+00:00,sell,AAPLUSDT,sell,autonomous,rejected,1,337.17,337.1700,,Parameter AAPLUSDT does not exist
2026-09-23T19:04:20.970064+00:00,sell,AAPLUSDT,sell,strategy,rejected,1,337.17,337.1700,,The order amount exceeds the balance
2026-09-23T19:04:21.618784+00:00,sell,TSLAUSDT,sell,autonomous,rejected,1,379.70,379.7000,,Parameter TSLAUSDT does not exist
2026-09-23T19:04:24.103411+00:00,sell,TSLAUSDT,sell,strategy,rejected,1,379.70,379.7000,,The order amount exceeds the balance
2026-09-23T19:09:18.841677+00:00,sell,AAPLUSDT,sell,strategy,rejected,1,337.21,337.2100,,Parameter AAPLUSDT does not exist
2026-09-23T19:09:20.728409+00:00,sell,AAPLUSDT,sell,autonomous,rejected,1,337.21,337.2100,,The order amount exceeds the balance
2026-09-23T19:09:21.484495+00:00,buy,TSLAUSDT,buy,strategy,rejected,1,380.26,380.2600,,Parameter TSLAUSDT does not exist
2026-09-23T19:09:23.857311+00:00,buy,TSLAUSDT,buy,autonomous,rejected,1,380.26,380.2600,,The order amount exceeds the balance
2026-09-23T19:09:24.843859+00:00,sell,AAPLUSDT,sell,autonomous,rejected,1,337.21,337.2100,,Parameter AAPLUSDT does not exist
2026-09-23T19:09:27.117545+00:00,sell,AAPLUSDT,sell,strategy,rejected,1,337.21,337.2100,,The order amount exceeds the balance
2026-09-23T19:09:28.767868+00:00,buy,TSLAUSDT,buy,autonomous,rejected,1,380.26,380.2600,,Parameter TSLAUSDT does not exist
2026-09-23T19:09:31.230722+00:00,buy,TSLAUSDT,buy,strategy,rejected,1,380.26,380.2600,,The order amount exceeds the balance
2026-09-23T19:14:24.528079+00:00,sell,AAPLUSDT,sell,strategy,rejected,1,336.73,336.7300,,Parameter AAPLUSDT does not exist
2026-09-23T19:14:27.646768+00:00,buy,TSLAUSDT,buy,strategy,rejected,1,380.38,380.3800,,Parameter TSLAUSDT does not exist
2026-09-23T19:14:29.770081+00:00,sell,AAPLUSDT,sell,autonomous,rejected,1,336.74,336.7400,,The order amount exceeds the balance
2026-09-23T19:14:31.716726+00:00,buy,TSLAUSDT,buy,autonomous,rejected,1,380.38,380.3800,,The order amount exceeds the balance
2026-09-23T19:14:31.916373+00:00,sell,AAPLUSDT,sell,autonomous,rejected,1,336.74,336.7400,,Parameter AAPLUSDT does not exist
2026-09-23T19:14:33.725577+00:00,sell,AAPLUSDT,sell,strategy,rejected,1,336.79,336.7900,,The order amount exceeds the balance
2026-09-23T19:14:34.889102+00:00,buy,TSLAUSDT,buy,autonomous,rejected,1,380.38,380.3800,,Parameter TSLAUSDT does not exist
2026-09-23T19:14:37.347841+00:00,buy,TSLAUSDT,buy,strategy,rejected,1,380.38,380.3800,,The order amount exceeds the balance
2026-09-23T19:19:30.751249+00:00,sell,AAPLUSDT,sell,strategy,rejected,1,336.62,336.6200,,Parameter AAPLUSDT does not exist
2026-09-23T19:19:33.907611+00:00,buy,TSLAUSDT,buy,strategy,rejected,1,379.95,379.9500,,Parameter TSLAUSDT does not exist
2026-09-23T19:19:35.819519+00:00,sell,AAPLUSDT,sell,autonomous,rejected,1,336.62,336.6200,,The order amount exceeds the balance
2026-09-23T19:19:37.566357+00:00,buy,TSLAUSDT,buy,autonomous,rejected,1,379.95,379.9500,,The order amount exceeds the balance
2026-09-23T19:19:37.949741+00:00,sell,AAPLUSDT,sell,autonomous,rejected,1,336.62,336.6200,,Parameter AAPLUSDT does not exist
2026-09-23T19:19:39.605276+00:00,sell,AAPLUSDT,sell,strategy,rejected,1,336.62,336.6200,,The order amount exceeds the balance
2026-09-23T19:19:40.798383+00:00,buy,TSLAUSDT,buy,autonomous,rejected,1,379.95,379.9500,,Parameter TSLAUSDT does not exist
2026-09-23T19:19:43.0672+00:00,buy,TSLAUSDT,buy,strategy,rejected,1,379.95,379.9500,,The order amount exceeds the balance
2026-09-23T19:24:36.524341+00:00,sell,AAPLUSDT,sell,strategy,rejected,1,336.53,336.5300,,Parameter AAPLUSDT does not exist
2026-09-23T19:24:39.099766+00:00,buy,TSLAUSDT,buy,strategy,rejected,1,380.42,380.4200,,Parameter TSLAUSDT does not exist
2026-09-23T19:24:40.919755+00:00,sell,AAPLUSDT,sell,autonomous,rejected,1,336.53,336.5300,,The order amount exceeds the balance
2026-09-23T19:24:42.643265+00:00,buy,TSLAUSDT,buy,autonomous,rejected,1,380.42,380.4200,,The order amount exceeds the balance
2026-09-23T19:24:43.688233+00:00,sell,AAPLUSDT,sell,autonomous,rejected,1,336.53,336.5300,,Parameter AAPLUSDT does not exist
2026-09-23T19:24:45.978117+00:00,sell,AAPLUSDT,sell,strategy,rejected,1,336.53,336.5300,,The order amount exceeds the balance
2026-09-23T19:24:46.862717+00:00,buy,TSLAUSDT,buy,autonomous,rejected,1,380.42,380.4200,,Parameter TSLAUSDT does not exist
2026-09-23T19:24:49.69166+00:00,buy,TSLAUSDT,buy,strategy,rejected,1,380.46,380.4600,,The order amount exceeds the balance
2026-09-23T19:29:41.623976+00:00,sell,AAPLUSDT,sell,strategy,rejected,1,336.58,336.5800,,Parameter AAPLUSDT does not exist
2026-09-23T19:29:44.277232+00:00,buy,TSLAUSDT,buy,strategy,rejected,1,380.02,380.0200,,Parameter TSLAUSDT does not exist
2026-09-23T19:29:44.467925+00:00,sell,AAPLUSDT,sell,autonomous,rejected,1,336.58,336.5800,,The order amount exceeds the balance
2026-09-23T19:29:47.776818+00:00,buy,TSLAUSDT,buy,autonomous,rejected,1,380.02,380.0200,,The order amount exceeds the balance
2026-09-23T19:29:50.284192+00:00,sell,AAPLUSDT,sell,autonomous,rejected,1,336.58,336.5800,,Parameter AAPLUSDT does not exist
2026-09-23T19:29:52.338921+00:00,sell,AAPLUSDT,sell,strategy,rejected,1,336.58,336.5800,,The order amount exceeds the balance
2026-09-23T19:29:53.02015+00:00,buy,TSLAUSDT,buy,autonomous,rejected,1,380.02,380.0200,,Parameter TSLAUSDT does not exist
2026-09-23T19:29:55.490551+00:00,buy,TSLAUSDT,buy,strategy,rejected,1,380.02,380.0200,,The order amount exceeds the balance
2026-09-23T19:34:47.197785+00:00,sell,AAPLUSDT,sell,strategy,rejected,1,336.67,336.6700,,Parameter AAPLUSDT does not exist
2026-09-23T19:34:49.352564+00:00,sell,AAPLUSDT,sell,autonomous,rejected,1,336.67,336.6700,,The order amount exceeds the balance
2026-09-23T19:34:50.042759+00:00,buy,TSLAUSDT,buy,strategy,rejected,1,380.09,380.0900,,Parameter TSLAUSDT does not exist
2026-09-23T19:34:51.148164+00:00,buy,TSLAUSDT,buy,autonomous,rejected,1,380.09,380.0900,,The order amount exceeds the balance
2026-09-23T19:34:56.099115+00:00,sell,AAPLUSDT,sell,autonomous,rejected,1,336.74,336.7400,,Parameter AAPLUSDT does not exist
2026-09-23T19:34:58.274019+00:00,sell,AAPLUSDT,sell,strategy,rejected,1,336.74,336.7400,,The order amount exceeds the balance
2026-09-23T19:34:58.999051+00:00,buy,TSLAUSDT,buy,autonomous,rejected,1,380.09,380.0900,,Parameter TSLAUSDT does not exist
2026-09-23T19:35:01.568423+00:00,buy,TSLAUSDT,buy,strategy,rejected,1,380.09,380.0900,,The order amount exceeds the balance
2026-09-23T19:39:53.555545+00:00,sell,AAPLUSDT,sell,strategy,rejected,1,336.81,336.8100,,Parameter AAPLUSDT does not exist
2026-09-23T19:39:56.139023+00:00,sell,AAPLUSDT,sell,autonomous,rejected,1,336.81,336.8100,,The order amount exceeds the balance
2026-09-23T19:39:56.884184+00:00,sell,TSLAUSDT,sell,strategy,rejected,1,379.92,379.9200,,Parameter TSLAUSDT does not exist
2026-09-23T19:39:59.509632+00:00,sell,TSLAUSDT,sell,autonomous,rejected,1,379.94,379.9400,,The order amount exceeds the balance
2026-09-23T19:40:02.302988+00:00,sell,AAPLUSDT,sell,autonomous,rejected,1,336.81,336.8100,,Parameter AAPLUSDT does not exist
2026-09-23T19:40:04.260847+00:00,sell,AAPLUSDT,sell,strategy,rejected,1,336.81,336.8100,,The order amount exceeds the balance
2026-09-23T19:40:04.931785+00:00,sell,TSLAUSDT,sell,autonomous,rejected,1,379.94,379.9400,,Parameter TSLAUSDT does not exist
2026-09-23T19:40:08.063117+00:00,sell,TSLAUSDT,sell,strategy,rejected,1,379.94,379.9400,,The order amount exceeds the balance
2026-09-23T19:45:00.079778+00:00,sell,AAPLUSDT,sell,strategy,rejected,1,336.61,336.6100,,Parameter AAPLUSDT does not exist
2026-09-23T19:45:02.798537+00:00,sell,AAPLUSDT,sell,autonomous,rejected,1,336.61,336.6100,,The order amount exceeds the balance
2026-09-23T19:45:03.535424+00:00,sell,TSLAUSDT,sell,strategy,rejected,1,379.53,379.5300,,Parameter TSLAUSDT does not exist
2026-09-23T19:45:04.586903+00:00,sell,TSLAUSDT,sell,autonomous,rejected,1,379.53,379.5300,,The order amount exceeds the balance
2026-09-23T19:45:08.716094+00:00,sell,AAPLUSDT,sell,autonomous,rejected,1,336.75,336.7500,,Parameter AAPLUSDT does not exist
2026-09-23T19:45:10.74668+00:00,sell,AAPLUSDT,sell,strategy,rejected,1,336.75,336.7500,,The order amount exceeds the balance
2026-09-23T19:45:11.798848+00:00,sell,TSLAUSDT,sell,autonomous,rejected,1,379.69,379.6900,,Parameter TSLAUSDT does not exist
2026-09-23T19:45:14.05576+00:00,sell,TSLAUSDT,sell,strategy,rejected,1,379.69,379.6900,,The order amount exceeds the balance
2026-09-23T19:50:07.01796+00:00,sell,AAPLUSDT,sell,strategy,rejected,1,336.65,336.6500,,Parameter AAPLUSDT does not exist
2026-09-23T19:50:09.069881+00:00,sell,AAPLUSDT,sell,autonomous,rejected,1,336.66,336.6600,,The order amount exceeds the balance
2026-09-23T19:50:09.813223+00:00,sell,TSLAUSDT,sell,strategy,rejected,1,379.84,379.8400,,Parameter TSLAUSDT does not exist
2026-09-23T19:50:12.376713+00:00,sell,TSLAUSDT,sell,autonomous,rejected,1,379.96,379.9600,,The order amount exceeds the balance
2026-09-23T19:50:14.637878+00:00,sell,AAPLUSDT,sell,autonomous,rejected,1,336.67,336.6700,,Parameter AAPLUSDT does not exist
2026-09-23T19:50:16.791969+00:00,sell,AAPLUSDT,sell,strategy,rejected,1,336.67,336.6700,,The order amount exceeds the balance
2026-09-23T19:50:17.534425+00:00,blocked,TSLAUSDT,hold,autonomous,logged,0,0.00,380.0100,,No trade signal
2026-09-23T19:50:21.330457+00:00,buy,TSLAUSDT,buy,strategy,rejected,1,380.06,380.0600,,The order amount exceeds the balance
2026-09-23T19:55:13.103714+00:00,sell,AAPLUSDT,sell,strategy,rejected,1,336.76,336.7600,,Parameter AAPLUSDT does not exist
2026-09-23T19:55:15.297482+00:00,sell,AAPLUSDT,sell,autonomous,rejected,1,336.81,336.8100,,The order amount exceeds the balance
2026-09-23T19:55:16.011764+00:00,buy,TSLAUSDT,buy,strategy,rejected,1,380.06,380.0600,,Parameter TSLAUSDT does not exist
2026-09-23T19:55:18.811746+00:00,buy,TSLAUSDT,buy,autonomous,rejected,1,380.07,380.0700,,The order amount exceeds the balance
2026-09-23T19:55:20.867316+00:00,sell,AAPLUSDT,sell,autonomous,rejected,1,336.85,336.8500,,Parameter AAPLUSDT does not exist
2026-09-23T19:55:23.49024+00:00,sell,AAPLUSDT,sell,strategy,rejected,1,337.03,337.0300,,The order amount exceeds the balance
2026-09-23T19:55:24.365729+00:00,buy,TSLAUSDT,buy,autonomous,rejected,1,380.10,380.1000,,Parameter TSLAUSDT does not exist
2026-09-23T19:55:25.437382+00:00,buy,TSLAUSDT,buy,strategy,rejected,1,380.10,380.1000,,The order amount exceeds the balance
2026-09-23T20:00:19.771743+00:00,sell,AAPLUSDT,sell,strategy,rejected,1,336.94,336.9400,,Parameter AAPLUSDT does not exist
2026-09-23T20:00:22.303376+00:00,sell,AAPLUSDT,sell,autonomous,rejected,1,336.90,336.9000,,The order amount exceeds the balance
2026-09-23T20:00:23.039226+00:00,buy,TSLAUSDT,buy,strategy,rejected,1,380.41,380.4100,,Parameter TSLAUSDT does not exist
2026-09-23T20:00:25.88458+00:00,buy,TSLAUSDT,buy,autonomous,rejected,1,380.41,380.4100,,The order amount exceeds the balance
2026-09-23T20:00:28.075512+00:00,sell,AAPLUSDT,sell,autonomous,rejected,1,336.85,336.8500,,Parameter AAPLUSDT does not exist
2026-09-23T20:00:30.576182+00:00,sell,AAPLUSDT,sell,strategy,rejected,1,336.85,336.8500,,The order amount exceeds the balance
2026-09-23T20:00:31.328321+00:00,buy,TSLAUSDT,buy,autonomous,rejected,1,380.38,380.3800,,Parameter TSLAUSDT does not exist
2026-09-23T20:00:32.400337+00:00,buy,TSLAUSDT,buy,strategy,rejected,1,380.38,380.3800,,The order amount exceeds the balance
2026-09-23T20:05:26.481211+00:00,sell,AAPLUSDT,sell,strategy,rejected,1,337.16,337.1600,,Parameter AAPLUSDT does not exist
2026-09-23T20:05:28.759163+00:00,sell,AAPLUSDT,sell,autonomous,rejected,1,337.16,337.1600,,The order amount exceeds the balance
2026-09-23T20:05:29.53049+00:00,buy,TSLAUSDT,buy,strategy,rejected,1,380.14,380.1400,,Parameter TSLAUSDT does not exist
2026-09-23T20:05:30.6638+00:00,buy,TSLAUSDT,buy,autonomous,rejected,1,380.14,380.1400,,The order amount exceeds the balance
2026-09-23T20:05:34.938049+00:00,sell,AAPLUSDT,sell,autonomous,rejected,1,337.16,337.1600,,Parameter AAPLUSDT does not exist
2026-09-23T20:05:37.668717+00:00,sell,AAPLUSDT,sell,strategy,rejected,1,337.17,337.1700,,The order amount exceeds the balance
2026-09-23T20:05:38.410237+00:00,buy,TSLAUSDT,buy,autonomous,rejected,1,380.14,380.1400,,Parameter TSLAUSDT does not exist
2026-09-23T20:05:41.038466+00:00,buy,TSLAUSDT,buy,strategy,rejected,1,380.14,380.1400,,The order amount exceeds the balance
2026-09-23T20:10:33.282692+00:00,sell,AAPLUSDT,sell,strategy,rejected,1,337.12,337.1200,,Parameter AAPLUSDT does not exist
2026-09-23T20:10:36.297268+00:00,sell,AAPLUSDT,sell,autonomous,rejected,1,337.12,337.1200,,The order amount exceeds the balance
2026-09-23T20:10:37.043593+00:00,buy,TSLAUSDT,buy,strategy,rejected,1,380.27,380.2700,,Parameter TSLAUSDT does not exist
2026-09-23T20:10:39.853573+00:00,buy,TSLAUSDT,buy,autonomous,rejected,1,380.27,380.2700,,The order amount exceeds the balance
2026-09-23T20:10:41.621559+00:00,sell,AAPLUSDT,sell,autonomous,rejected,1,337.12,337.1200,,Parameter AAPLUSDT does not exist
2026-09-23T20:10:43.476081+00:00,sell,AAPLUSDT,sell,strategy,rejected,1,337.12,337.1200,,The order amount exceeds the balance
2026-09-23T20:10:44.241102+00:00,buy,TSLAUSDT,buy,autonomous,rejected,1,380.27,380.2700,,Parameter TSLAUSDT does not exist
2026-09-23T20:10:46.925271+00:00,buy,TSLAUSDT,buy,strategy,rejected,1,380.27,380.2700,,The order amount exceeds the balance
2026-09-23T20:15:40.443747+00:00,sell,AAPLUSDT,sell,strategy,rejected,1,337.05,337.0500,,Parameter AAPLUSDT does not exist
2026-09-23T20:15:42.981687+00:00,sell,AAPLUSDT,sell,autonomous,rejected,1,337.05,337.0500,,The order amount exceeds the balance
2026-09-23T20:15:43.724015+00:00,buy,TSLAUSDT,buy,strategy,rejected,1,380.27,380.2700,,Parameter TSLAUSDT does not exist
2026-09-23T20:15:46.51058+00:00,buy,TSLAUSDT,buy,autonomous,rejected,1,380.27,380.2700,,The order amount exceeds the balance
2026-09-23T20:15:47.535695+00:00,sell,AAPLUSDT,sell,autonomous,rejected,1,337.05,337.0500,,Parameter AAPLUSDT does not exist
2026-09-23T20:15:50.150836+00:00,sell,AAPLUSDT,sell,strategy,rejected,1,337.05,337.0500,,The order amount exceeds the balance
2026-09-23T20:15:50.814091+00:00,buy,TSLAUSDT,buy,autonomous,rejected,1,380.27,380.2700,,Parameter TSLAUSDT does not exist
2026-09-23T20:15:51.88529+00:00,buy,TSLAUSDT,buy,strategy,rejected,1,380.27,380.2700,,The order amount exceeds the balance
2026-09-23T20:20:47.161346+00:00,sell,AAPLUSDT,sell,strategy,rejected,1,337.15,337.1500,,Parameter AAPLUSDT does not exist
2026-09-23T20:20:49.273527+00:00,sell,AAPLUSDT,sell,autonomous,rejected,1,337.15,337.1500,,The order amount exceeds the balance
2026-09-23T20:20:50.014063+00:00,buy,TSLAUSDT,buy,strategy,rejected,1,380.23,380.2300,,Parameter TSLAUSDT does not exist
2026-09-23T20:20:52.805775+00:00,buy,TSLAUSDT,buy,autonomous,rejected,1,380.23,380.2300,,The order amount exceeds the balance
2026-09-23T20:20:54.585071+00:00,sell,AAPLUSDT,sell,autonomous,rejected,1,337.15,337.1500,,Parameter AAPLUSDT does not exist
2026-09-23T20:20:54.744718+00:00,sell,AAPLUSDT,sell,strategy,rejected,1,337.15,337.1500,,The order amount exceeds the balance
2026-09-23T20:20:57.652042+00:00,buy,TSLAUSDT,buy,autonomous,rejected,1,380.23,380.2300,,Parameter TSLAUSDT does not exist
2026-09-23T20:20:58.30498+00:00,buy,TSLAUSDT,buy,strategy,rejected,1,380.23,380.2300,,The order amount exceeds the balance
2026-09-23T20:25:53.436486+00:00,sell,AAPLUSDT,sell,strategy,rejected,1,337.07,337.0700,,Parameter AAPLUSDT does not exist
2026-09-23T20:25:56.003611+00:00,sell,AAPLUSDT,sell,autonomous,rejected,1,337.07,337.0700,,The order amount exceeds the balance
2026-09-23T20:25:56.686562+00:00,buy,TSLAUSDT,buy,strategy,rejected,1,380.11,380.1100,,Parameter TSLAUSDT does not exist
2026-09-23T20:25:59.368368+00:00,buy,TSLAUSDT,buy,autonomous,rejected,1,380.11,380.1100,,The order amount exceeds the balance
2026-09-23T20:26:01.374371+00:00,sell,AAPLUSDT,sell,autonomous,rejected,1,337.07,337.0700,,Parameter AAPLUSDT does not exist
2026-09-23T20:26:01.561783+00:00,sell,AAPLUSDT,sell,strategy,rejected,1,337.07,337.0700,,The order amount exceeds the balance
2026-09-23T20:26:05.285316+00:00,buy,TSLAUSDT,buy,strategy,rejected,1,380.11,380.1100,,The order amount exceeds the balance
2026-09-23T20:26:05.879214+00:00,buy,TSLAUSDT,buy,autonomous,rejected,1,380.11,380.1100,,Parameter TSLAUSDT does not exist
2026-09-23T20:31:00.003772+00:00,sell,AAPLUSDT,sell,strategy,rejected,1,337.05,337.0500,,Parameter AAPLUSDT does not exist
2026-09-23T20:31:02.393504+00:00,sell,AAPLUSDT,sell,autonomous,rejected,1,337.05,337.0500,,The order amount exceeds the balance
2026-09-23T20:31:03.169207+00:00,buy,TSLAUSDT,buy,strategy,rejected,1,380.05,380.0500,,Parameter TSLAUSDT does not exist
2026-09-23T20:31:05.870688+00:00,buy,TSLAUSDT,buy,autonomous,rejected,1,380.05,380.0500,,The order amount exceeds the balance
2026-09-23T20:31:08.649514+00:00,sell,AAPLUSDT,sell,strategy,rejected,1,337.05,337.0500,,The order amount exceeds the balance
2026-09-23T20:31:09.313144+00:00,sell,AAPLUSDT,sell,autonomous,rejected,1,337.05,337.0500,,Parameter AAPLUSDT does not exist
2026-09-23T20:31:10.155168+00:00,buy,TSLAUSDT,buy,strategy,rejected,1,380.05,380.0500,,The order amount exceeds the balance
2026-09-23T20:31:12.79554+00:00,buy,TSLAUSDT,buy,autonomous,rejected,1,380.05,380.0500,,Parameter TSLAUSDT does not exist
2026-09-23T20:34:04.174466+00:00,sell,AAPLUSDT,sell,strategy,rejected,1,337.06,337.0600,,The order amount exceeds the balance
2026-09-23T20:34:04.17587+00:00,sell,AAPLUSDT,sell,strategy,rejected,1,337.06,337.0600,,Parameter AAPLUSDT does not exist
2026-09-23T20:34:04.176902+00:00,sell,AAPLUSDT,sell,autonomous,rejected,1,337.06,337.0600,,The order amount exceeds the balance
2026-09-23T20:34:04.17775+00:00,sell,AAPLUSDT,sell,autonomous,rejected,1,337.06,337.0600,,Parameter AAPLUSDT does not exist
2026-09-23T20:34:09.469117+00:00,buy,TSLAUSDT,buy,strategy,rejected,1,380.01,380.0100,,The order amount exceeds the balance
2026-09-23T20:34:10.038234+00:00,buy,TSLAUSDT,buy,autonomous,rejected,1,380.01,380.0100,,The order amount exceeds the balance
2026-09-23T20:34:10.633342+00:00,buy,TSLAUSDT,buy,strategy,rejected,1,380.01,380.0100,,Parameter TSLAUSDT does not exist
2026-09-23T20:34:11.326327+00:00,buy,TSLAUSDT,buy,autonomous,rejected,1,380.01,380.0100,,Parameter TSLAUSDT does not exist
2026-09-23T20:39:16.159387+00:00,sell,AAPLUSDT,sell,strategy,rejected,1,337.13,337.1300,,The order amount exceeds the balance
2026-09-23T20:39:16.791065+00:00,sell,AAPLUSDT,sell,autonomous,rejected,1,337.13,337.1300,,The order amount exceeds the balance
2026-09-23T20:39:17.690689+00:00,buy,TSLAUSDT,buy,strategy,rejected,1,380.21,380.2100,,The order amount exceeds the balance
2026-09-23T20:39:17.691679+00:00,sell,AAPLUSDT,sell,strategy,rejected,1,337.13,337.1300,,Parameter AAPLUSDT does not exist
2026-09-23T20:39:17.93376+00:00,sell,AAPLUSDT,sell,autonomous,rejected,1,337.13,337.1300,,Parameter AAPLUSDT does not exist
2026-09-23T20:39:19.232042+00:00,buy,TSLAUSDT,buy,autonomous,rejected,1,380.21,380.2100,,The order amount exceeds the balance
2026-09-23T20:39:24.229356+00:00,buy,TSLAUSDT,buy,strategy,rejected,1,380.21,380.2100,,Parameter TSLAUSDT does not exist
2026-09-23T20:39:24.870686+00:00,buy,TSLAUSDT,buy,autonomous,rejected,1,380.21,380.2100,,Parameter TSLAUSDT does not exist
2026-09-23T20:44:23.351283+00:00,sell,AAPLUSDT,sell,strategy,rejected,1,337.13,337.1300,,The order amount exceeds the balance
2026-09-23T20:44:24.809635+00:00,buy,TSLAUSDT,buy,strategy,rejected,1,380.12,380.1200,,The order amount exceeds the balance
2026-09-23T20:44:25.568713+00:00,sell,AAPLUSDT,sell,autonomous,rejected,1,337.13,337.1300,,The order amount exceeds the balance
2026-09-23T20:44:27.388707+00:00,buy,TSLAUSDT,buy,autonomous,rejected,1,380.12,380.1200,,The order amount exceeds the balance
2026-09-23T20:44:29.67482+00:00,sell,AAPLUSDT,sell,strategy,rejected,1,337.13,337.1300,,Parameter AAPLUSDT does not exist
2026-09-23T20:44:31.82871+00:00,sell,AAPLUSDT,sell,autonomous,rejected,1,337.13,337.1300,,Parameter AAPLUSDT does not exist
2026-09-23T20:44:32.547686+00:00,buy,TSLAUSDT,buy,strategy,rejected,1,380.12,380.1200,,Parameter TSLAUSDT does not exist
2026-09-23T20:44:36.662432+00:00,buy,TSLAUSDT,buy,autonomous,rejected,1,380.12,380.1200,,Parameter TSLAUSDT does not exist
2026-09-23T20:49:26.401127+00:00,sell,AAPLUSDT,sell,strategy,rejected,1,337.14,337.1400,,The order amount exceeds the balance
2026-09-23T20:49:27.888189+00:00,buy,TSLAUSDT,buy,strategy,rejected,1,380.13,380.1300,,The order amount exceeds the balance
2026-09-23T20:49:29.470621+00:00,sell,AAPLUSDT,sell,autonomous,rejected,1,337.14,337.1400,,The order amount exceeds the balance
2026-09-23T20:49:30.967035+00:00,buy,TSLAUSDT,buy,autonomous,rejected,1,380.13,380.1300,,The order amount exceeds the balance
2026-09-23T20:49:37.296573+00:00,sell,AAPLUSDT,sell,strategy,rejected,1,337.14,337.1400,,Parameter AAPLUSDT does not exist
2026-09-23T20:49:40.378933+00:00,sell,AAPLUSDT,sell,autonomous,rejected,1,337.14,337.1400,,Parameter AAPLUSDT does not exist
2026-09-23T20:49:40.378621+00:00,buy,TSLAUSDT,buy,strategy,rejected,1,380.13,380.1300,,Parameter TSLAUSDT does not exist
2026-09-23T20:49:45.59001+00:00,buy,TSLAUSDT,buy,autonomous,rejected,1,380.13,380.1300,,Parameter TSLAUSDT does not exist
2026-09-23T20:54:29.471065+00:00,sell,AAPLUSDT,sell,strategy,rejected,1,337.13,337.1300,,The order amount exceeds the balance
2026-09-23T20:54:31.009412+00:00,buy,TSLAUSDT,buy,strategy,rejected,1,380.09,380.0900,,The order amount exceeds the balance
2026-09-23T20:54:32.748302+00:00,sell,AAPLUSDT,sell,autonomous,rejected,1,337.13,337.1300,,The order amount exceeds the balance
2026-09-23T20:54:34.173937+00:00,buy,TSLAUSDT,buy,autonomous,rejected,1,380.09,380.0900,,The order amount exceeds the balance
2026-09-23T20:54:45.002831+00:00,sell,AAPLUSDT,sell,strategy,rejected,1,337.13,337.1300,,Parameter AAPLUSDT does not exist
2026-09-23T20:54:47.83985+00:00,buy,TSLAUSDT,buy,strategy,rejected,1,380.09,380.0900,,Parameter TSLAUSDT does not exist
2026-09-23T20:54:50.081581+00:00,sell,AAPLUSDT,sell,autonomous,rejected,1,337.13,337.1300,,Parameter AAPLUSDT does not exist
2026-09-23T20:54:53.511511+00:00,buy,TSLAUSDT,buy,autonomous,rejected,1,380.09,380.0900,,Parameter TSLAUSDT does not exist
2026-09-23T20:59:32.600316+00:00,sell,AAPLUSDT,sell,strategy,rejected,1,337.16,337.1600,,The order amount exceeds the balance
2026-09-23T20:59:35.305412+00:00,buy,TSLAUSDT,buy,strategy,rejected,1,380.07,380.0700,,The order amount exceeds the balance
2026-09-23T20:59:35.752541+00:00,sell,AAPLUSDT,sell,autonomous,rejected,1,337.16,337.1600,,The order amount exceeds the balance
2026-09-23T20:59:37.931693+00:00,buy,TSLAUSDT,buy,autonomous,rejected,1,380.07,380.0700,,The order amount exceeds the balance
2026-09-23T20:59:50.767821+00:00,sell,AAPLUSDT,sell,strategy,rejected,1,337.16,337.1600,,Parameter AAPLUSDT does not exist
2026-09-23T20:59:53.671885+00:00,buy,TSLAUSDT,buy,strategy,rejected,1,380.07,380.0700,,Parameter TSLAUSDT does not exist
2026-09-23T20:59:58.200326+00:00,sell,AAPLUSDT,sell,autonomous,rejected,1,337.16,337.1600,,Parameter AAPLUSDT does not exist
2026-09-23T21:00:01.153654+00:00,buy,TSLAUSDT,buy,autonomous,rejected,1,380.03,380.0300,,Parameter TSLAUSDT does not exist
2026-09-23T21:04:37.366574+00:00,sell,AAPLUSDT,sell,strategy,rejected,1,337.17,337.1700,,The order amount exceeds the balance
2026-09-23T21:04:38.804092+00:00,buy,TSLAUSDT,buy,strategy,rejected,1,380.03,380.0300,,The order amount exceeds the balance
2026-09-23T21:04:39.530346+00:00,sell,AAPLUSDT,sell,autonomous,rejected,1,337.17,337.1700,,The order amount exceeds the balance
2026-09-23T21:04:41.482368+00:00,buy,TSLAUSDT,buy,autonomous,rejected,1,380.03,380.0300,,The order amount exceeds the balance
2026-09-23T21:04:56.588273+00:00,sell,AAPLUSDT,sell,strategy,rejected,1,337.17,337.1700,,Parameter AAPLUSDT does not exist
2026-09-23T21:04:59.758579+00:00,buy,TSLAUSDT,buy,strategy,rejected,1,380.03,380.0300,,Parameter TSLAUSDT does not exist
2026-09-23T21:05:04.132217+00:00,sell,AAPLUSDT,sell,autonomous,rejected,1,337.17,337.1700,,Parameter AAPLUSDT does not exist
2026-09-23T21:05:07.079266+00:00,buy,TSLAUSDT,buy,autonomous,rejected,1,380.03,380.0300,,Parameter TSLAUSDT does not exist
2026-09-23T21:09:40.415328+00:00,sell,AAPLUSDT,sell,strategy,rejected,1,337.10,337.1000,,The order amount exceeds the balance
2026-09-23T21:09:41.848494+00:00,buy,TSLAUSDT,buy,strategy,rejected,1,379.98,379.9800,,The order amount exceeds the balance
2026-09-23T21:09:43.449101+00:00,sell,AAPLUSDT,sell,autonomous,rejected,1,337.10,337.1000,,The order amount exceeds the balance
2026-09-23T21:09:44.898206+00:00,buy,TSLAUSDT,buy,autonomous,rejected,1,379.98,379.9800,,The order amount exceeds the balance
2026-09-23T21:10:02.369833+00:00,sell,AAPLUSDT,sell,strategy,rejected,1,337.10,337.1000,,Parameter AAPLUSDT does not exist
2026-09-23T21:10:06.229022+00:00,buy,TSLAUSDT,buy,strategy,rejected,1,379.98,379.9800,,Parameter TSLAUSDT does not exist
2026-09-23T21:10:10.517035+00:00,sell,AAPLUSDT,sell,autonomous,rejected,1,337.10,337.1000,,Parameter AAPLUSDT does not exist
2026-09-23T21:10:13.409181+00:00,buy,TSLAUSDT,buy,autonomous,rejected,1,379.98,379.9800,,Parameter TSLAUSDT does not exist
2026-09-23T21:14:43.448738+00:00,sell,AAPLUSDT,sell,strategy,rejected,1,337.10,337.1000,,The order amount exceeds the balance
2026-09-23T21:14:44.86849+00:00,buy,TSLAUSDT,buy,strategy,rejected,1,380.05,380.0500,,The order amount exceeds the balance
2026-09-23T21:14:46.69255+00:00,sell,AAPLUSDT,sell,autonomous,rejected,1,337.10,337.1000,,The order amount exceeds the balance
2026-09-23T21:14:48.159154+00:00,buy,TSLAUSDT,buy,autonomous,rejected,1,380.05,380.0500,,The order amount exceeds the balance
2026-09-23T21:15:09.049719+00:00,sell,AAPLUSDT,sell,strategy,rejected,1,337.10,337.1000,,Parameter AAPLUSDT does not exist
2026-09-23T21:15:12.240663+00:00,buy,TSLAUSDT,buy,strategy,rejected,1,380.05,380.0500,,Parameter TSLAUSDT does not exist
2026-09-23T21:15:16.257139+00:00,sell,AAPLUSDT,sell,autonomous,rejected,1,337.10,337.1000,,Parameter AAPLUSDT does not exist
2026-09-23T21:15:19.210517+00:00,buy,TSLAUSDT,buy,autonomous,rejected,1,380.05,380.0500,,Parameter TSLAUSDT does not exist
2026-09-23T21:19:46.53039+00:00,sell,AAPLUSDT,sell,strategy,rejected,1,337.11,337.1100,,The order amount exceeds the balance
2026-09-23T21:19:48.27792+00:00,buy,TSLAUSDT,buy,strategy,rejected,1,380.04,380.0400,,The order amount exceeds the balance
2026-09-23T21:19:49.968894+00:00,sell,AAPLUSDT,sell,autonomous,rejected,1,337.11,337.1100,,The order amount exceeds the balance
2026-09-23T21:19:51.479161+00:00,buy,TSLAUSDT,buy,autonomous,rejected,1,380.04,380.0400,,The order amount exceeds the balance
2026-09-23T21:20:14.757997+00:00,sell,AAPLUSDT,sell,strategy,rejected,1,337.11,337.1100,,Parameter AAPLUSDT does not exist
2026-09-23T21:20:17.666622+00:00,buy,TSLAUSDT,buy,strategy,rejected,1,380.04,380.0400,,Parameter TSLAUSDT does not exist
2026-09-23T21:20:22.13319+00:00,sell,AAPLUSDT,sell,autonomous,rejected,1,337.11,337.1100,,Parameter AAPLUSDT does not exist
2026-09-23T21:20:24.729774+00:00,buy,TSLAUSDT,buy,autonomous,rejected,1,380.04,380.0400,,Parameter TSLAUSDT does not exist
2026-09-23T21:24:00.961566+00:00,sell,AAPLUSDT,sell,strategy,rejected,1,337.09,337.0900,,The order amount exceeds the balance
2026-09-23T21:24:00.962628+00:00,sell,AAPLUSDT,sell,strategy,rejected,1,337.09,337.0900,,Parameter AAPLUSDT does not exist
2026-09-23T21:24:00.96365+00:00,sell,AAPLUSDT,sell,autonomous,rejected,1,337.09,337.0900,,The order amount exceeds the balance
2026-09-23T21:24:00.964052+00:00,sell,AAPLUSDT,sell,autonomous,rejected,1,337.09,337.0900,,Parameter AAPLUSDT does not exist
2026-09-23T21:24:06.003721+00:00,buy,TSLAUSDT,buy,autonomous,rejected,1,380.10,380.1000,,The order amount exceeds the balance
2026-09-23T21:24:06.66286+00:00,buy,TSLAUSDT,buy,strategy,rejected,1,380.10,380.1000,,Parameter TSLAUSDT does not exist
2026-09-23T21:24:07.263427+00:00,buy,TSLAUSDT,buy,strategy,rejected,1,380.10,380.1000,,The order amount exceeds the balance
2026-09-23T21:24:07.870326+00:00,buy,TSLAUSDT,buy,autonomous,rejected,1,380.10,380.1000,,Parameter TSLAUSDT does not exist
2026-09-23T21:29:12.537763+00:00,sell,AAPLUSDT,sell,autonomous,rejected,1,337.06,337.0600,,The order amount exceeds the balance
2026-09-23T21:29:13.119621+00:00,sell,AAPLUSDT,sell,strategy,rejected,1,337.06,337.0600,,Parameter AAPLUSDT does not exist
2026-09-23T21:29:14.032408+00:00,buy,TSLAUSDT,buy,autonomous,rejected,1,380.11,380.1100,,The order amount exceeds the balance
2026-09-23T21:29:14.033521+00:00,sell,AAPLUSDT,sell,strategy,rejected,1,337.06,337.0600,,The order amount exceeds the balance
2026-09-23T21:29:15.824213+00:00,sell,AAPLUSDT,sell,autonomous,rejected,1,337.06,337.0600,,Parameter AAPLUSDT does not exist
2026-09-23T21:29:16.862344+00:00,buy,TSLAUSDT,buy,strategy,rejected,1,380.11,380.1100,,Parameter TSLAUSDT does not exist
2026-09-23T21:29:19.220944+00:00,buy,TSLAUSDT,buy,strategy,rejected,1,380.11,380.1100,,The order amount exceeds the balance
2026-09-23T21:29:22.216423+00:00,buy,TSLAUSDT,buy,autonomous,rejected,1,380.11,380.1100,,Parameter TSLAUSDT does not exist
2026-09-23T21:31:52.714721+00:00,sell,AAPLUSDT,sell,strategy,rejected,1,336.93,336.9300,,The order amount exceeds the balance
2026-09-23T21:31:52.715855+00:00,sell,AAPLUSDT,sell,strategy,rejected,1,336.93,336.9300,,Parameter AAPLUSDT does not exist
2026-09-23T21:31:52.716392+00:00,sell,AAPLUSDT,sell,autonomous,rejected,1,336.93,336.9300,,The order amount exceeds the balance
2026-09-23T21:31:52.717731+00:00,sell,AAPLUSDT,sell,autonomous,rejected,1,336.93,336.9300,,Parameter AAPLUSDT does not exist
2026-09-23T21:31:58.151632+00:00,buy,TSLAUSDT,buy,autonomous,rejected,1,379.95,379.9500,,Parameter TSLAUSDT does not exist
2026-09-23T21:31:58.829707+00:00,buy,TSLAUSDT,buy,autonomous,rejected,1,379.95,379.9500,,The order amount exceeds the balance
2026-09-23T21:31:59.392014+00:00,buy,TSLAUSDT,buy,strategy,rejected,1,379.95,379.9500,,Parameter TSLAUSDT does not exist
2026-09-23T21:32:00.041806+00:00,buy,TSLAUSDT,buy,strategy,rejected,1,379.95,379.9500,,The order amount exceeds the balance
2026-09-23T21:37:04.717817+00:00,sell,AAPLUSDT,sell,autonomous,rejected,1,337.00,337.0000,,Parameter AAPLUSDT does not exist
2026-09-23T21:37:06.601175+00:00,sell,AAPLUSDT,sell,strategy,rejected,1,337.00,337.0000,,The order amount exceeds the balance
2026-09-23T21:37:06.601138+00:00,sell,AAPLUSDT,sell,strategy,rejected,1,337.00,337.0000,,Parameter AAPLUSDT does not exist
2026-09-23T21:37:06.601089+00:00,sell,AAPLUSDT,sell,autonomous,rejected,1,337.00,337.0000,,The order amount exceeds the balance
2026-09-23T21:37:07.56004+00:00,buy,TSLAUSDT,buy,autonomous,rejected,1,379.93,379.9300,,Parameter TSLAUSDT does not exist
2026-09-23T21:37:11.881255+00:00,buy,TSLAUSDT,buy,strategy,rejected,1,379.93,379.9300,,Parameter TSLAUSDT does not exist
2026-09-23T21:37:12.503639+00:00,buy,TSLAUSDT,buy,autonomous,rejected,1,379.93,379.9300,,The order amount exceeds the balance
2026-09-23T21:37:13.149481+00:00,buy,TSLAUSDT,buy,strategy,rejected,1,379.93,379.9300,,The order amount exceeds the balance
2026-09-23T21:42:13.78939+00:00,sell,AAPLUSDT,sell,autonomous,rejected,1,336.99,336.9900,,Parameter AAPLUSDT does not exist
2026-09-23T21:42:16.975598+00:00,buy,TSLAUSDT,buy,autonomous,rejected,1,379.80,379.8000,,Parameter TSLAUSDT does not exist
2026-09-23T21:42:17.044037+00:00,sell,AAPLUSDT,sell,strategy,rejected,1,336.99,336.9900,,Parameter AAPLUSDT does not exist
2026-09-23T21:42:17.293374+00:00,sell,AAPLUSDT,sell,autonomous,rejected,1,336.99,336.9900,,The order amount exceeds the balance
2026-09-23T21:42:19.211019+00:00,sell,AAPLUSDT,sell,strategy,rejected,1,336.99,336.9900,,The order amount exceeds the balance
2026-09-23T21:42:22.456312+00:00,buy,TSLAUSDT,buy,strategy,rejected,1,379.76,379.7600,,Parameter TSLAUSDT does not exist
2026-09-23T21:42:23.089351+00:00,buy,TSLAUSDT,buy,autonomous,rejected,1,379.76,379.7600,,The order amount exceeds the balance
2026-09-23T21:42:23.662053+00:00,buy,TSLAUSDT,buy,strategy,rejected,1,379.76,379.7600,,The order amount exceeds the balance
2026-09-23T21:47:21.675631+00:00,sell,AAPLUSDT,sell,autonomous,rejected,1,337.11,337.1100,,Parameter AAPLUSDT does not exist
2026-09-23T21:47:25.58225+00:00,buy,TSLAUSDT,buy,autonomous,rejected,1,379.81,379.8100,,Parameter TSLAUSDT does not exist
2026-09-23T21:47:27.805232+00:00,sell,AAPLUSDT,sell,strategy,rejected,1,337.11,337.1100,,The order amount exceeds the balance
2026-09-23T21:47:27.80509+00:00,sell,AAPLUSDT,sell,autonomous,rejected,1,337.11,337.1100,,The order amount exceeds the balance
2026-09-23T21:47:27.80504+00:00,sell,AAPLUSDT,sell,strategy,rejected,1,337.11,337.1100,,Parameter AAPLUSDT does not exist
2026-09-23T21:47:31.496672+00:00,buy,TSLAUSDT,buy,strategy,rejected,1,379.81,379.8100,,Parameter TSLAUSDT does not exist
2026-09-23T21:47:32.115769+00:00,buy,TSLAUSDT,buy,autonomous,rejected,1,379.81,379.8100,,The order amount exceeds the balance
2026-09-23T21:47:32.695841+00:00,buy,TSLAUSDT,buy,strategy,rejected,1,379.81,379.8100,,The order amount exceeds the balance
2026-09-23T21:50:35.499978+00:00,sell,AAPLUSDT,sell,strategy,rejected,1,337.24,337.2400,,The order amount exceeds the balance
2026-09-23T21:50:35.501273+00:00,sell,AAPLUSDT,sell,strategy,rejected,1,337.24,337.2400,,Parameter AAPLUSDT does not exist
2026-09-23T21:50:35.502486+00:00,sell,AAPLUSDT,sell,autonomous,rejected,1,337.24,337.2400,,The order amount exceeds the balance
2026-09-23T21:50:35.503247+00:00,sell,AAPLUSDT,sell,autonomous,rejected,1,337.24,337.2400,,Parameter AAPLUSDT does not exist
2026-09-23T21:50:40.961355+00:00,buy,TSLAUSDT,buy,autonomous,rejected,1,379.81,379.8100,,The order amount exceeds the balance
2026-09-23T21:50:41.60871+00:00,buy,TSLAUSDT,buy,strategy,rejected,1,379.81,379.8100,,The order amount exceeds the balance
2026-09-23T21:50:42.632325+00:00,buy,TSLAUSDT,buy,strategy,rejected,1,379.81,379.8100,,Parameter TSLAUSDT does not exist
2026-09-23T21:50:43.713212+00:00,buy,TSLAUSDT,buy,autonomous,rejected,1,379.81,379.8100,,Parameter TSLAUSDT does not exist
2026-09-23T21:52:45.230906+00:00,blocked,AAPLUSDT,hold,strategy,logged,0,0.00,337.2500,,No trade signal
2026-09-23T21:52:45.232143+00:00,blocked,AAPLUSDT,hold,strategy,logged,0,0.00,337.2500,,No trade signal
2026-09-23T21:52:45.233389+00:00,blocked,AAPLUSDT,hold,autonomous,logged,0,0.00,337.2500,,No trade signal
2026-09-23T21:52:45.234202+00:00,blocked,AAPLUSDT,hold,autonomous,logged,0,0.00,337.2500,,No trade signal
2026-09-23T21:52:48.677884+00:00,blocked,TSLAUSDT,hold,strategy,logged,0,0.00,379.8100,,No trade signal
2026-09-23T21:52:51.148657+00:00,blocked,TSLAUSDT,hold,autonomous,logged,0,0.00,379.8100,,No trade signal
2026-09-23T21:52:51.891752+00:00,blocked,TSLAUSDT,hold,strategy,logged,0,0.00,379.8100,,No trade signal
2026-09-23T21:52:52.627301+00:00,blocked,TSLAUSDT,hold,autonomous,logged,0,0.00,379.8100,,No trade signal
2026-09-23T21:57:55.066594+00:00,blocked,AAPLUSDT,hold,strategy,logged,0,0.00,337.1700,,No trade signal
2026-09-23T21:57:58.067274+00:00,blocked,TSLAUSDT,hold,strategy,logged,0,0.00,379.8400,,No trade signal
2026-09-23T21:57:58.077548+00:00,blocked,AAPLUSDT,hold,autonomous,logged,0,0.00,337.1700,,No trade signal
2026-09-23T21:58:01.063567+00:00,blocked,TSLAUSDT,hold,autonomous,logged,0,0.00,379.8400,,No trade signal
2026-09-23T21:58:01.064609+00:00,blocked,AAPLUSDT,hold,autonomous,logged,0,0.00,337.1700,,No trade signal
2026-09-23T21:58:01.064543+00:00,blocked,AAPLUSDT,hold,strategy,logged,0,0.00,337.1700,,No trade signal
2026-09-23T21:58:06.600225+00:00,blocked,TSLAUSDT,hold,autonomous,logged,0,0.00,379.8400,,No trade signal
2026-09-23T21:58:07.304427+00:00,blocked,TSLAUSDT,hold,strategy,logged,0,0.00,379.8400,,No trade signal
2026-09-23T22:03:03.36194+00:00,blocked,AAPLUSDT,hold,strategy,logged,0,0.00,337.3800,,No trade signal
2026-09-23T22:03:08.586295+00:00,blocked,TSLAUSDT,hold,strategy,logged,0,0.00,379.9800,,No trade signal
2026-09-23T22:03:08.587454+00:00,blocked,AAPLUSDT,hold,autonomous,logged,0,0.00,337.3800,,No trade signal
2026-09-23T22:03:08.58738+00:00,blocked,AAPLUSDT,hold,autonomous,logged,0,0.00,337.3800,,No trade signal
2026-09-23T22:03:08.787086+00:00,blocked,AAPLUSDT,hold,strategy,logged,0,0.00,337.3800,,No trade signal
2026-09-23T22:03:12.402491+00:00,blocked,TSLAUSDT,hold,autonomous,logged,0,0.00,379.9800,,No trade signal
2026-09-23T22:03:13.108834+00:00,blocked,TSLAUSDT,hold,strategy,logged,0,0.00,379.9800,,No trade signal
2026-09-23T22:03:15.558454+00:00,blocked,TSLAUSDT,hold,autonomous,logged,0,0.00,379.9800,,No trade signal
2026-09-23T22:07:51.956746+00:00,blocked,AAPLUSDT,hold,strategy,logged,0,0.00,337.4000,,No trade signal
2026-09-23T22:07:51.957905+00:00,blocked,AAPLUSDT,hold,strategy,logged,0,0.00,337.4000,,No trade signal
2026-09-23T22:07:51.958946+00:00,blocked,AAPLUSDT,hold,autonomous,logged,0,0.00,337.4000,,No trade signal
2026-09-23T22:07:51.959967+00:00,blocked,AAPLUSDT,hold,autonomous,logged,0,0.00,337.4000,,No trade signal
2026-09-23T22:07:53.767597+00:00,blocked,TSLAUSDT,hold,strategy,logged,0,0.00,380.1600,,No trade signal
2026-09-23T22:07:56.392091+00:00,blocked,TSLAUSDT,hold,strategy,logged,0,0.00,380.1600,,No trade signal
2026-09-23T22:07:58.887678+00:00,blocked,TSLAUSDT,hold,autonomous,logged,0,0.00,380.1600,,No trade signal
2026-09-23T22:07:59.608252+00:00,blocked,TSLAUSDT,hold,autonomous,logged,0,0.00,380.1600,,No trade signal
2026-09-23T22:13:00.425949+00:00,blocked,AAPLUSDT,hold,strategy,logged,0,0.00,337.3600,,No trade signal
2026-09-23T22:13:01.820453+00:00,blocked,TSLAUSDT,hold,strategy,logged,0,0.00,380.1100,,No trade signal
2026-09-23T22:13:02.94276+00:00,blocked,AAPLUSDT,hold,strategy,logged,0,0.00,337.4000,,No trade signal
2026-09-23T22:13:05.901665+00:00,blocked,TSLAUSDT,hold,strategy,logged,0,0.00,380.1100,,No trade signal
2026-09-23T22:13:05.902625+00:00,blocked,AAPLUSDT,hold,autonomous,logged,0,0.00,337.4000,,No trade signal
2026-09-23T22:13:06.184333+00:00,blocked,AAPLUSDT,hold,autonomous,logged,0,0.00,337.4000,,No trade signal
2026-09-23T22:13:09.912852+00:00,blocked,TSLAUSDT,hold,autonomous,logged,0,0.00,380.1100,,No trade signal
2026-09-23T22:13:10.633868+00:00,blocked,TSLAUSDT,hold,autonomous,logged,0,0.00,380.1100,,No trade signal
2026-09-23T22:18:02.942852+00:00,blocked,AAPLUSDT,hold,strategy,logged,0,0.00,337.3700,,No trade signal
2026-09-23T22:18:04.178653+00:00,blocked,TSLAUSDT,hold,strategy,logged,0,0.00,380.1900,,No trade signal
2026-09-23T22:18:13.324593+00:00,blocked,AAPLUSDT,hold,strategy,logged,0,0.00,337.3800,,No trade signal
2026-09-23T22:18:16.388512+00:00,blocked,TSLAUSDT,hold,strategy,logged,0,0.00,380.1900,,No trade signal
2026-09-23T22:18:16.389946+00:00,blocked,AAPLUSDT,hold,autonomous,logged,0,0.00,337.3800,,No trade signal
2026-09-23T22:18:16.53938+00:00,blocked,AAPLUSDT,hold,autonomous,logged,0,0.00,337.3800,,No trade signal
2026-09-23T22:18:19.210646+00:00,blocked,TSLAUSDT,hold,autonomous,logged,0,0.00,380.1900,,No trade signal
2026-09-23T22:18:22.462416+00:00,blocked,TSLAUSDT,hold,autonomous,logged,0,0.00,380.1900,,No trade signal
2026-09-23T22:23:05.397542+00:00,blocked,AAPLUSDT,hold,strategy,logged,0,0.00,337.3800,,No trade signal
2026-09-23T22:23:07.067437+00:00,blocked,TSLAUSDT,hold,strategy,logged,0,0.00,380.1100,,No trade signal
2026-09-23T22:23:21.730154+00:00,blocked,AAPLUSDT,hold,strategy,logged,0,0.00,337.3800,,No trade signal
2026-09-23T22:23:24.819584+00:00,blocked,TSLAUSDT,hold,strategy,logged,0,0.00,380.1100,,No trade signal
2026-09-23T22:23:24.905619+00:00,blocked,AAPLUSDT,hold,autonomous,logged,0,0.00,337.3800,,No trade signal
2026-09-23T22:23:28.30561+00:00,blocked,AAPLUSDT,hold,autonomous,logged,0,0.00,337.3800,,No trade signal
2026-09-23T22:23:30.883743+00:00,blocked,TSLAUSDT,hold,autonomous,logged,0,0.00,380.1100,,No trade signal
2026-09-23T22:23:31.630706+00:00,blocked,TSLAUSDT,hold,autonomous,logged,0,0.00,380.1100,,No trade signal
2026-09-23T22:26:40.489828+00:00,blocked,AAPLUSDT,hold,strategy,logged,0,0.00,337.3600,,No trade signal
2026-09-23T22:26:40.489261+00:00,blocked,AAPLUSDT,hold,strategy,logged,0,0.00,337.3600,,No trade signal
2026-09-23T22:26:40.491721+00:00,blocked,AAPLUSDT,hold,autonomous,logged,0,0.00,337.3600,,No trade signal
2026-09-23T22:26:40.491346+00:00,blocked,AAPLUSDT,hold,autonomous,logged,0,0.00,337.3600,,No trade signal
2026-09-23T22:26:43.912816+00:00,blocked,TSLAUSDT,hold,strategy,logged,0,0.00,380.1200,,No trade signal
2026-09-23T22:26:44.635614+00:00,blocked,TSLAUSDT,hold,strategy,logged,0,0.00,380.1200,,No trade signal
2026-09-23T22:26:47.162938+00:00,blocked,TSLAUSDT,hold,autonomous,logged,0,0.00,380.1200,,No trade signal
2026-09-23T22:26:47.87762+00:00,blocked,TSLAUSDT,hold,autonomous,logged,0,0.00,380.1200,,No trade signal
2026-09-23T22:31:50.320157+00:00,blocked,AAPLUSDT,hold,strategy,logged,0,0.00,337.3600,,No trade signal
2026-09-23T22:31:53.421532+00:00,blocked,AAPLUSDT,hold,strategy,logged,0,0.00,337.3600,,No trade signal
2026-09-23T22:31:53.421171+00:00,blocked,TSLAUSDT,hold,strategy,logged,0,0.00,380.1400,,No trade signal
2026-09-23T22:31:53.596155+00:00,blocked,AAPLUSDT,hold,autonomous,logged,0,0.00,337.3600,,No trade signal
2026-09-23T22:31:56.509279+00:00,blocked,AAPLUSDT,hold,autonomous,logged,0,0.00,337.3600,,No trade signal
2026-09-23T22:31:57.253683+00:00,blocked,TSLAUSDT,hold,strategy,logged,0,0.00,380.1400,,No trade signal
2026-09-23T22:32:00.000733+00:00,blocked,TSLAUSDT,hold,autonomous,logged,0,0.00,380.1400,,No trade signal
2026-09-23T22:32:01.025486+00:00,blocked,TSLAUSDT,hold,autonomous,logged,0,0.00,380.1200,,No trade signal
2026-09-23T22:36:56.509277+00:00,blocked,AAPLUSDT,hold,strategy,logged,0,0.00,337.3500,,No trade signal
2026-09-23T22:37:00.040163+00:00,blocked,TSLAUSDT,hold,strategy,logged,0,0.00,380.2000,,No trade signal
2026-09-23T22:37:03.028454+00:00,blocked,AAPLUSDT,hold,strategy,logged,0,0.00,337.3500,,No trade signal
2026-09-23T22:37:04.369322+00:00,blocked,TSLAUSDT,hold,strategy,logged,0,0.00,380.2000,,No trade signal
2026-09-23T22:37:04.52884+00:00,blocked,AAPLUSDT,hold,autonomous,logged,0,0.00,337.3500,,No trade signal
2026-09-23T22:37:05.619287+00:00,blocked,AAPLUSDT,hold,autonomous,logged,0,0.00,337.3500,,No trade signal
2026-09-23T22:37:08.096622+00:00,blocked,TSLAUSDT,hold,autonomous,logged,0,0.00,380.2000,,No trade signal
2026-09-23T22:37:08.837889+00:00,blocked,TSLAUSDT,hold,autonomous,logged,0,0.00,380.2000,,No trade signal
2026-09-23T22:42:03.028474+00:00,blocked,AAPLUSDT,hold,strategy,logged,0,0.00,337.3600,,No trade signal
2026-09-23T22:42:06.239487+00:00,blocked,TSLAUSDT,hold,strategy,logged,0,0.00,380.2100,,No trade signal
2026-09-23T22:42:06.303822+00:00,blocked,AAPLUSDT,hold,strategy,logged,0,0.00,337.3600,,No trade signal
2026-09-23T22:42:09.853082+00:00,blocked,TSLAUSDT,hold,strategy,logged,0,0.00,380.2100,,No trade signal
2026-09-23T22:42:11.436263+00:00,blocked,AAPLUSDT,hold,autonomous,logged,0,0.00,337.3600,,No trade signal
2026-09-23T22:42:14.419261+00:00,blocked,TSLAUSDT,hold,autonomous,logged,0,0.00,380.2100,,No trade signal
2026-09-23T22:42:14.420304+00:00,blocked,AAPLUSDT,hold,autonomous,logged,0,0.00,337.3600,,No trade signal
2026-09-23T22:42:17.972985+00:00,blocked,TSLAUSDT,hold,autonomous,logged,0,0.00,380.2100,,No trade signal
2026-09-23T22:47:09.117205+00:00,blocked,AAPLUSDT,hold,strategy,logged,0,0.00,337.4000,,No trade signal
2026-09-23T22:47:12.552358+00:00,blocked,TSLAUSDT,hold,strategy,logged,0,0.00,380.1600,,No trade signal
2026-09-23T22:47:12.620667+00:00,blocked,AAPLUSDT,hold,strategy,logged,0,0.00,337.3900,,No trade signal
2026-09-23T22:47:16.251921+00:00,blocked,TSLAUSDT,hold,strategy,logged,0,0.00,380.1600,,No trade signal
2026-09-23T22:47:17.341795+00:00,blocked,AAPLUSDT,hold,autonomous,logged,0,0.00,337.3900,,No trade signal
2026-09-23T22:47:20.323419+00:00,blocked,TSLAUSDT,hold,autonomous,logged,0,0.00,380.1600,,No trade signal
2026-09-23T22:47:20.3477+00:00,blocked,AAPLUSDT,hold,autonomous,logged,0,0.00,337.3900,,No trade signal
2026-09-23T22:47:23.9291+00:00,blocked,TSLAUSDT,hold,autonomous,logged,0,0.00,380.1300,,No trade signal
2026-09-23T23:10:36.522254+00:00,blocked,AAPLUSDT,hold,strategy,logged,0,0.00,337.3700,,No trade signal
2026-09-23T23:10:36.525586+00:00,blocked,AAPLUSDT,hold,strategy,logged,0,0.00,337.3700,,No trade signal
2026-09-23T23:10:36.529582+00:00,blocked,AAPLUSDT,hold,autonomous,logged,0,0.00,337.3700,,No trade signal
2026-09-23T23:10:36.530101+00:00,blocked,AAPLUSDT,hold,autonomous,logged,0,0.00,337.3700,,No trade signal
2026-09-23T23:10:40.425237+00:00,blocked,TSLAUSDT,hold,autonomous,logged,0,0.00,380.1600,,No trade signal
2026-09-23T23:10:41.181536+00:00,blocked,TSLAUSDT,hold,strategy,logged,0,0.00,380.1600,,No trade signal
2026-09-23T23:10:43.641304+00:00,blocked,TSLAUSDT,hold,strategy,logged,0,0.00,380.1600,,No trade signal
2026-09-23T23:10:44.387046+00:00,blocked,TSLAUSDT,hold,autonomous,logged,0,0.00,380.1600,,No trade signal
2026-09-23T23:15:46.634227+00:00,blocked,AAPLUSDT,hold,autonomous,logged,0,0.00,337.2900,,No trade signal
2026-09-23T23:15:50.269096+00:00,blocked,TSLAUSDT,hold,autonomous,logged,0,0.00,380.1200,,No trade signal
2026-09-23T23:15:50.270261+00:00,blocked,AAPLUSDT,hold,strategy,logged,0,0.00,337.2900,,No trade signal
2026-09-23T23:15:50.270198+00:00,blocked,AAPLUSDT,hold,strategy,logged,0,0.00,337.2900,,No trade signal
2026-09-23T23:15:50.382782+00:00,blocked,AAPLUSDT,hold,autonomous,logged,0,0.00,337.2900,,No trade signal
2026-09-23T23:15:56.144246+00:00,blocked,TSLAUSDT,hold,strategy,logged,0,0.00,380.1200,,No trade signal
2026-09-23T23:15:56.84422+00:00,blocked,TSLAUSDT,hold,strategy,logged,0,0.00,380.1200,,No trade signal
2026-09-23T23:15:57.555238+00:00,blocked,TSLAUSDT,hold,autonomous,logged,0,0.00,380.1200,,No trade signal
2026-09-23T23:20:53.537236+00:00,blocked,AAPLUSDT,hold,autonomous,logged,0,0.00,337.2800,,No trade signal
2026-09-23T23:20:56.967032+00:00,blocked,TSLAUSDT,hold,autonomous,logged,0,0.00,380.0400,,No trade signal
2026-09-23T23:21:00.135837+00:00,blocked,AAPLUSDT,hold,strategy,logged,0,0.00,337.2800,,No trade signal
2026-09-23T23:21:03.137555+00:00,blocked,TSLAUSDT,hold,strategy,logged,0,0.00,380.0400,,No trade signal
2026-09-23T23:21:03.212925+00:00,blocked,AAPLUSDT,hold,autonomous,logged,0,0.00,337.2800,,No trade signal
2026-09-23T23:21:03.212842+00:00,blocked,AAPLUSDT,hold,strategy,logged,0,0.00,337.2800,,No trade signal
2026-09-23T23:21:07.273868+00:00,blocked,TSLAUSDT,hold,strategy,logged,0,0.00,380.0400,,No trade signal
2026-09-23T23:21:08.014448+00:00,blocked,TSLAUSDT,hold,autonomous,logged,0,0.00,380.0400,,No trade signal
2026-09-23T23:25:59.951259+00:00,blocked,AAPLUSDT,hold,autonomous,logged,0,0.00,337.3200,,No trade signal
2026-09-23T23:26:03.355304+00:00,blocked,TSLAUSDT,hold,autonomous,logged,0,0.00,379.9500,,No trade signal
2026-09-23T23:26:06.566791+00:00,blocked,AAPLUSDT,hold,strategy,logged,0,0.00,337.3200,,No trade signal
2026-09-23T23:26:09.532472+00:00,blocked,TSLAUSDT,hold,strategy,logged,0,0.00,379.9500,,No trade signal
2026-09-23T23:26:09.621982+00:00,blocked,AAPLUSDT,hold,autonomous,logged,0,0.00,337.3200,,No trade signal
2026-09-23T23:26:09.621877+00:00,blocked,AAPLUSDT,hold,strategy,logged,0,0.00,337.3200,,No trade signal
2026-09-23T23:26:13.12705+00:00,blocked,TSLAUSDT,hold,strategy,logged,0,0.00,379.9500,,No trade signal
2026-09-23T23:26:13.844573+00:00,blocked,TSLAUSDT,hold,autonomous,logged,0,0.00,379.9500,,No trade signal
2026-09-23T23:31:06.457864+00:00,blocked,AAPLUSDT,hold,autonomous,logged,0,0.00,337.3100,,No trade signal
2026-09-23T23:31:09.776162+00:00,blocked,TSLAUSDT,hold,autonomous,logged,0,0.00,380.1700,,No trade signal
2026-09-23T23:31:12.663229+00:00,blocked,AAPLUSDT,hold,strategy,logged,0,0.00,337.3100,,No trade signal
2026-09-23T23:31:15.140464+00:00,blocked,TSLAUSDT,hold,strategy,logged,0,0.00,380.1700,,No trade signal
2026-09-23T23:31:15.141479+00:00,blocked,AAPLUSDT,hold,strategy,logged,0,0.00,337.3100,,No trade signal
2026-09-23T23:31:15.24675+00:00,blocked,AAPLUSDT,hold,autonomous,logged,0,0.00,337.3100,,No trade signal
2026-09-23T23:31:16.520598+00:00,blocked,TSLAUSDT,hold,strategy,logged,0,0.00,380.1700,,No trade signal
2026-09-23T23:31:19.566719+00:00,blocked,TSLAUSDT,hold,autonomous,logged,0,0.00,380.1700,,No trade signal
2026-09-23T23:36:12.663486+00:00,blocked,AAPLUSDT,hold,autonomous,logged,0,0.00,337.3100,,No trade signal
2026-09-23T23:36:19.335665+00:00,blocked,TSLAUSDT,hold,autonomous,logged,0,0.00,380.1700,,No trade signal
2026-09-23T23:36:19.336737+00:00,blocked,AAPLUSDT,hold,strategy,logged,0,0.00,337.3100,,No trade signal
2026-09-23T23:36:22.467715+00:00,blocked,AAPLUSDT,hold,autonomous,logged,0,0.00,337.3100,,No trade signal
2026-09-23T23:36:22.467618+00:00,blocked,AAPLUSDT,hold,strategy,logged,0,0.00,337.3100,,No trade signal
2026-09-23T23:36:24.93337+00:00,blocked,TSLAUSDT,hold,strategy,logged,0,0.00,380.1700,,No trade signal
2026-09-23T23:36:25.674881+00:00,blocked,TSLAUSDT,hold,autonomous,logged,0,0.00,380.1700,,No trade signal
2026-09-23T23:36:26.402206+00:00,blocked,TSLAUSDT,hold,strategy,logged,0,0.00,380.1700,,No trade signal
2026-09-23T23:41:22.466822+00:00,blocked,AAPLUSDT,hold,autonomous,logged,0,0.00,337.3900,,No trade signal
2026-09-23T23:41:24.919592+00:00,blocked,TSLAUSDT,hold,autonomous,logged,0,0.00,380.2300,,No trade signal
2026-09-23T23:41:29.05523+00:00,blocked,AAPLUSDT,hold,strategy,logged,0,0.00,337.3900,,No trade signal
2026-09-23T23:41:31.866818+00:00,blocked,TSLAUSDT,hold,strategy,logged,0,0.00,380.2300,,No trade signal
2026-09-23T23:41:31.867928+00:00,blocked,AAPLUSDT,hold,strategy,logged,0,0.00,337.3900,,No trade signal
2026-09-23T23:41:31.867865+00:00,blocked,AAPLUSDT,hold,autonomous,logged,0,0.00,337.3900,,No trade signal
2026-09-23T23:41:33.146329+00:00,blocked,TSLAUSDT,hold,strategy,logged,0,0.00,380.2300,,No trade signal
2026-09-23T23:41:33.906884+00:00,blocked,TSLAUSDT,hold,autonomous,logged,0,0.00,380.2300,,No trade signal
2026-09-23T23:46:27.375359+00:00,blocked,AAPLUSDT,hold,autonomous,logged,0,0.00,337.2800,,No trade signal
2026-09-23T23:46:30.891101+00:00,blocked,TSLAUSDT,hold,autonomous,logged,0,0.00,380.1700,,No trade signal
2026-09-23T23:46:36.428459+00:00,blocked,AAPLUSDT,hold,strategy,logged,0,0.00,337.2800,,No trade signal
2026-09-23T23:46:37.13322+00:00,blocked,AAPLUSDT,hold,strategy,logged,0,0.00,337.2800,,No trade signal
2026-09-23T23:46:40.641931+00:00,blocked,TSLAUSDT,hold,strategy,logged,0,0.00,380.1700,,No trade signal
2026-09-23T23:46:40.643011+00:00,blocked,AAPLUSDT,hold,autonomous,logged,0,0.00,337.2800,,No trade signal
2026-09-23T23:46:41.556913+00:00,blocked,TSLAUSDT,hold,strategy,logged,0,0.00,380.1700,,No trade signal
2026-09-23T23:46:42.375043+00:00,blocked,TSLAUSDT,hold,autonomous,logged,0,0.00,380.1700,,No trade signal
2026-09-23T23:51:35.484001+00:00,blocked,AAPLUSDT,hold,autonomous,logged,0,0.00,337.1800,,No trade signal
2026-09-23T23:51:38.35798+00:00,blocked,TSLAUSDT,hold,autonomous,logged,0,0.00,380.0800,,No trade signal
2026-09-23T23:51:44.762755+00:00,blocked,AAPLUSDT,hold,strategy,logged,0,0.00,337.1800,,No trade signal
2026-09-23T23:51:47.736875+00:00,blocked,TSLAUSDT,hold,strategy,logged,0,0.00,380.0800,,No trade signal
2026-09-23T23:51:47.743278+00:00,blocked,AAPLUSDT,hold,autonomous,logged,0,0.00,337.1800,,No trade signal
2026-09-23T23:51:47.743173+00:00,blocked,AAPLUSDT,hold,strategy,logged,0,0.00,337.1800,,No trade signal
2026-09-23T23:51:51.261757+00:00,blocked,TSLAUSDT,hold,autonomous,logged,0,0.00,380.0800,,No trade signal
2026-09-23T23:51:51.964472+00:00,blocked,TSLAUSDT,hold,strategy,logged,0,0.00,380.0800,,No trade signal
2026-09-23T23:56:42.774686+00:00,blocked,AAPLUSDT,hold,autonomous,logged,0,0.00,337.1900,,No trade signal
2026-09-23T23:56:45.561434+00:00,blocked,TSLAUSDT,hold,autonomous,logged,0,0.00,380.1800,,No trade signal
2026-09-23T23:56:50.527664+00:00,blocked,AAPLUSDT,hold,strategy,logged,0,0.00,337.1900,,No trade signal
2026-09-23T23:56:53.63759+00:00,blocked,TSLAUSDT,hold,strategy,logged,0,0.00,380.1800,,No trade signal
2026-09-23T23:56:53.638739+00:00,blocked,AAPLUSDT,hold,strategy,logged,0,0.00,337.1900,,No trade signal
2026-09-23T23:56:53.638624+00:00,blocked,AAPLUSDT,hold,autonomous,logged,0,0.00,337.1900,,No trade signal
2026-09-23T23:56:54.945676+00:00,blocked,TSLAUSDT,hold,autonomous,logged,0,0.00,380.1800,,No trade signal
2026-09-23T23:56:55.640653+00:00,blocked,TSLAUSDT,hold,strategy,logged,0,0.00,380.1800,,No trade signal
2026-09-23T23:58:41.090754+00:00,blocked,AAPLUSDT,hold,strategy,logged,0,0.00,337.0300,,No trade signal
2026-09-23T23:58:41.090166+00:00,blocked,AAPLUSDT,hold,strategy,logged,0,0.00,337.0300,,No trade signal
2026-09-23T23:58:41.092751+00:00,blocked,AAPLUSDT,hold,autonomous,logged,0,0.00,337.0300,,No trade signal
2026-09-23T23:58:41.09239+00:00,blocked,AAPLUSDT,hold,autonomous,logged,0,0.00,337.0300,,No trade signal
2026-09-23T23:58:42.876778+00:00,blocked,TSLAUSDT,hold,strategy,logged,0,0.00,380.2600,,No trade signal
2026-09-23T23:58:43.597984+00:00,blocked,TSLAUSDT,hold,autonomous,logged,0,0.00,380.2600,,No trade signal
2026-09-23T23:58:45.959909+00:00,blocked,TSLAUSDT,hold,autonomous,logged,0,0.00,380.2600,,No trade signal
2026-09-23T23:58:48.352628+00:00,blocked,TSLAUSDT,hold,strategy,logged,0,0.00,380.2600,,No trade signal
2026-09-24T00:03:49.082892+00:00,blocked,AAPLUSDT,hold,strategy,logged,0,0.00,336.9700,,No trade signal
2026-09-24T00:03:50.400548+00:00,blocked,TSLAUSDT,hold,strategy,logged,0,0.00,380.2700,,No trade signal
2026-09-24T00:03:50.447839+00:00,blocked,AAPLUSDT,hold,autonomous,logged,0,0.00,336.9700,,No trade signal
2026-09-24T00:03:52.420948+00:00,blocked,TSLAUSDT,hold,autonomous,logged,0,0.00,380.2700,,No trade signal
2026-09-24T00:03:52.52135+00:00,blocked,AAPLUSDT,hold,autonomous,logged,0,0.00,336.9700,,No trade signal
2026-09-24T00:03:56.04887+00:00,blocked,TSLAUSDT,hold,autonomous,logged,0,0.00,380.2700,,No trade signal
2026-09-24T00:03:56.049157+00:00,blocked,AAPLUSDT,hold,strategy,logged,0,0.00,336.9900,,No trade signal
2026-09-24T00:03:58.870414+00:00,blocked,TSLAUSDT,hold,strategy,logged,0,0.00,380.2700,,No trade signal
2026-09-24T00:08:51.672169+00:00,blocked,AAPLUSDT,hold,strategy,logged,0,0.00,336.7400,,No trade signal
2026-09-24T00:08:52.967018+00:00,blocked,TSLAUSDT,hold,strategy,logged,0,0.00,379.8200,,No trade signal
2026-09-24T00:08:54.229028+00:00,blocked,AAPLUSDT,hold,autonomous,logged,0,0.00,336.7400,,No trade signal
2026-09-24T00:08:55.412078+00:00,blocked,TSLAUSDT,hold,autonomous,logged,0,0.00,379.8200,,No trade signal
2026-09-24T00:09:01.380286+00:00,blocked,AAPLUSDT,hold,autonomous,logged,0,0.00,336.7400,,No trade signal
2026-09-24T00:09:04.1698+00:00,blocked,TSLAUSDT,hold,autonomous,logged,0,0.00,379.8200,,No trade signal
2026-09-24T00:09:04.170822+00:00,blocked,AAPLUSDT,hold,strategy,logged,0,0.00,336.7400,,No trade signal
2026-09-24T00:09:07.082857+00:00,blocked,TSLAUSDT,hold,strategy,logged,0,0.00,379.8200,,No trade signal
2026-09-24T00:13:54.228736+00:00,blocked,AAPLUSDT,hold,strategy,logged,0,0.00,336.8900,,No trade signal
2026-09-24T00:13:55.385209+00:00,blocked,TSLAUSDT,hold,strategy,logged,0,0.00,379.7700,,No trade signal
2026-09-24T00:13:56.570724+00:00,blocked,AAPLUSDT,hold,autonomous,logged,0,0.00,336.8900,,No trade signal
2026-09-24T00:13:57.775776+00:00,blocked,TSLAUSDT,hold,autonomous,logged,0,0.00,379.7700,,No trade signal
2026-09-24T00:14:09.667984+00:00,blocked,AAPLUSDT,hold,autonomous,logged,0,0.00,336.8900,,No trade signal
2026-09-24T00:14:12.480687+00:00,blocked,TSLAUSDT,hold,autonomous,logged,0,0.00,379.7700,,No trade signal
2026-09-24T00:14:12.576086+00:00,blocked,AAPLUSDT,hold,strategy,logged,0,0.00,336.8900,,No trade signal
2026-09-24T00:14:17.582563+00:00,blocked,TSLAUSDT,hold,strategy,logged,0,0.00,379.7700,,No trade signal
2026-09-24T00:18:56.498904+00:00,blocked,AAPLUSDT,hold,strategy,logged,0,0.00,336.8600,,No trade signal
2026-09-24T00:18:58.022926+00:00,blocked,TSLAUSDT,hold,strategy,logged,0,0.00,379.9100,,No trade signal
2026-09-24T00:18:59.464018+00:00,blocked,AAPLUSDT,hold,autonomous,logged,0,0.00,336.8600,,No trade signal
2026-09-24T00:19:00.63532+00:00,blocked,TSLAUSDT,hold,autonomous,logged,0,0.00,379.9100,,No trade signal
2026-09-24T00:19:15.239147+00:00,blocked,AAPLUSDT,hold,autonomous,logged,0,0.00,336.8600,,No trade signal
2026-09-24T00:19:18.158379+00:00,blocked,TSLAUSDT,hold,autonomous,logged,0,0.00,379.9100,,No trade signal
2026-09-24T00:19:22.220769+00:00,blocked,AAPLUSDT,hold,strategy,logged,0,0.00,336.8600,,No trade signal
2026-09-24T00:19:25.573524+00:00,blocked,TSLAUSDT,hold,strategy,logged,0,0.00,379.9100,,No trade signal
2026-09-24T00:21:34.062788+00:00,blocked,AAPLUSDT,hold,strategy,logged,0,0.00,336.8600,,No trade signal
2026-09-24T00:21:34.064724+00:00,blocked,AAPLUSDT,hold,strategy,logged,0,0.00,336.8600,,No trade signal
2026-09-24T00:21:34.066035+00:00,blocked,AAPLUSDT,hold,autonomous,logged,0,0.00,336.8600,,No trade signal
2026-09-24T00:21:34.067243+00:00,blocked,AAPLUSDT,hold,autonomous,logged,0,0.00,336.8600,,No trade signal
2026-09-24T00:21:35.723719+00:00,blocked,TSLAUSDT,hold,strategy,logged,0,0.00,380.0200,,No trade signal
2026-09-24T00:21:36.487437+00:00,blocked,TSLAUSDT,hold,autonomous,logged,0,0.00,380.0200,,No trade signal
2026-09-24T00:21:38.888126+00:00,blocked,TSLAUSDT,hold,autonomous,logged,0,0.00,380.0900,,No trade signal
2026-09-24T00:21:41.00219+00:00,blocked,TSLAUSDT,hold,strategy,logged,0,0.00,380.0900,,No trade signal
2026-09-24T00:26:41.764162+00:00,blocked,AAPLUSDT,hold,strategy,logged,0,0.00,336.7200,,No trade signal
2026-09-24T00:26:42.943025+00:00,blocked,TSLAUSDT,hold,strategy,logged,0,0.00,379.8500,,No trade signal
2026-09-24T00:26:42.999357+00:00,blocked,AAPLUSDT,hold,autonomous,logged,0,0.00,336.7200,,No trade signal
2026-09-24T00:26:45.091534+00:00,blocked,TSLAUSDT,hold,autonomous,logged,0,0.00,379.8500,,No trade signal
2026-09-24T00:26:45.19196+00:00,blocked,AAPLUSDT,hold,autonomous,logged,0,0.00,336.7200,,No trade signal
2026-09-24T00:26:48.602946+00:00,blocked,AAPLUSDT,hold,strategy,logged,0,0.00,336.7200,,No trade signal
2026-09-24T00:26:48.602649+00:00,blocked,TSLAUSDT,hold,autonomous,logged,0,0.00,379.8500,,No trade signal
2026-09-24T00:26:51.700477+00:00,blocked,TSLAUSDT,hold,strategy,logged,0,0.00,379.8500,,No trade signal
2026-09-24T00:28:46.234083+00:00,blocked,AAPLUSDT,hold,strategy,logged,0,0.00,336.7200,,No trade signal
2026-09-24T00:28:46.235693+00:00,blocked,AAPLUSDT,hold,autonomous,logged,0,0.00,336.7200,,No trade signal
2026-09-24T00:28:46.23511+00:00,blocked,AAPLUSDT,hold,strategy,logged,0,0.00,336.7200,,No trade signal
2026-09-24T00:28:46.236941+00:00,blocked,AAPLUSDT,hold,autonomous,logged,0,0.00,336.7200,,No trade signal
2026-09-24T00:28:49.983518+00:00,blocked,TSLAUSDT,hold,strategy,logged,0,0.00,379.8200,,No trade signal
2026-09-24T00:28:50.731024+00:00,blocked,TSLAUSDT,hold,autonomous,logged,0,0.00,379.8200,,No trade signal
2026-09-24T00:28:51.517887+00:00,blocked,TSLAUSDT,hold,strategy,logged,0,0.00,379.8200,,No trade signal
2026-09-24T00:28:54.191941+00:00,blocked,TSLAUSDT,hold,autonomous,logged,0,0.00,379.8200,,No trade signal
2026-09-24T00:33:56.697553+00:00,blocked,AAPLUSDT,hold,strategy,logged,0,0.00,336.6600,,No trade signal
2026-09-24T00:33:59.5731+00:00,blocked,TSLAUSDT,hold,strategy,logged,0,0.00,379.9300,,No trade signal
2026-09-24T00:33:59.665813+00:00,blocked,AAPLUSDT,hold,strategy,logged,0,0.00,336.6600,,No trade signal
2026-09-24T00:33:59.665676+00:00,blocked,AAPLUSDT,hold,autonomous,logged,0,0.00,336.6600,,No trade signal
2026-09-24T00:34:02.98034+00:00,blocked,AAPLUSDT,hold,autonomous,logged,0,0.00,336.6600,,No trade signal
2026-09-24T00:34:03.761313+00:00,blocked,TSLAUSDT,hold,autonomous,logged,0,0.00,379.9300,,No trade signal
2026-09-24T00:34:04.454785+00:00,blocked,TSLAUSDT,hold,strategy,logged,0,0.00,379.9300,,No trade signal
2026-09-24T00:34:07.06359+00:00,blocked,TSLAUSDT,hold,autonomous,logged,0,0.00,379.9300,,No trade signal
2026-09-24T00:39:02.979608+00:00,blocked,AAPLUSDT,hold,strategy,logged,0,0.00,336.6200,,No trade signal
2026-09-24T00:39:06.698446+00:00,blocked,TSLAUSDT,hold,strategy,logged,0,0.00,379.8500,,No trade signal
2026-09-24T00:39:09.902565+00:00,blocked,AAPLUSDT,hold,strategy,logged,0,0.00,336.6200,,No trade signal
2026-09-24T00:39:09.902472+00:00,blocked,AAPLUSDT,hold,autonomous,logged,0,0.00,336.6200,,No trade signal
2026-09-24T00:39:11.111649+00:00,blocked,AAPLUSDT,hold,autonomous,logged,0,0.00,336.6200,,No trade signal
2026-09-24T00:39:11.11141+00:00,blocked,TSLAUSDT,hold,autonomous,logged,0,0.00,379.8500,,No trade signal
2026-09-24T00:39:11.966175+00:00,blocked,TSLAUSDT,hold,strategy,logged,0,0.00,379.8500,,No trade signal
2026-09-24T00:39:15.361433+00:00,blocked,TSLAUSDT,hold,autonomous,logged,0,0.00,379.8500,,No trade signal
2026-09-24T00:44:09.902598+00:00,blocked,AAPLUSDT,hold,strategy,logged,0,0.00,336.7400,,No trade signal
2026-09-24T00:44:13.266072+00:00,blocked,TSLAUSDT,hold,strategy,logged,0,0.00,379.6900,,No trade signal
2026-09-24T00:44:13.267182+00:00,blocked,AAPLUSDT,hold,autonomous,logged,0,0.00,336.7400,,No trade signal
2026-09-24T00:44:16.474865+00:00,blocked,AAPLUSDT,hold,strategy,logged,0,0.00,336.7400,,No trade signal
2026-09-24T00:44:17.396957+00:00,blocked,TSLAUSDT,hold,autonomous,logged,0,0.00,379.6900,,No trade signal
2026-09-24T00:44:18.120548+00:00,blocked,TSLAUSDT,hold,strategy,logged,0,0.00,379.6900,,No trade signal
2026-09-24T00:44:19.545013+00:00,blocked,AAPLUSDT,hold,autonomous,logged,0,0.00,336.7400,,No trade signal
2026-09-24T00:44:22.796042+00:00,blocked,TSLAUSDT,hold,autonomous,logged,0,0.00,379.6900,,No trade signal
2026-09-24T00:50:21.634277+00:00,blocked,AAPLUSDT,hold,strategy,logged,0,0.00,336.6500,,No trade signal
2026-09-24T00:50:21.635768+00:00,blocked,AAPLUSDT,hold,strategy,logged,0,0.00,336.6500,,No trade signal
2026-09-24T00:50:21.63847+00:00,blocked,AAPLUSDT,hold,autonomous,logged,0,0.00,336.6500,,No trade signal
2026-09-24T00:50:21.638059+00:00,blocked,AAPLUSDT,hold,autonomous,logged,0,0.00,336.6500,,No trade signal
2026-09-24T00:50:23.749939+00:00,blocked,TSLAUSDT,hold,autonomous,logged,0,0.00,379.4300,,No trade signal
2026-09-24T00:50:26.260612+00:00,blocked,TSLAUSDT,hold,autonomous,logged,0,0.00,379.4300,,No trade signal
2026-09-24T00:50:27.332679+00:00,blocked,TSLAUSDT,hold,strategy,logged,0,0.00,379.4300,,No trade signal
2026-09-24T00:50:29.979392+00:00,blocked,TSLAUSDT,hold,strategy,logged,0,0.00,379.4300,,No trade signal
2026-09-24T00:55:31.173806+00:00,blocked,AAPLUSDT,hold,autonomous,logged,0,0.00,336.7700,,No trade signal
2026-09-24T00:55:32.852538+00:00,blocked,TSLAUSDT,hold,autonomous,logged,0,0.00,379.0600,,No trade signal
2026-09-24T00:55:34.477912+00:00,blocked,AAPLUSDT,hold,autonomous,logged,0,0.00,336.7700,,No trade signal
2026-09-24T00:55:34.852615+00:00,blocked,AAPLUSDT,hold,strategy,logged,0,0.00,336.7700,,No trade signal
2026-09-24T00:55:37.573193+00:00,blocked,TSLAUSDT,hold,autonomous,logged,0,0.00,379.0600,,No trade signal
2026-09-24T00:55:38.757262+00:00,blocked,TSLAUSDT,hold,strategy,logged,0,0.00,379.1500,,No trade signal
2026-09-24T00:55:38.759029+00:00,blocked,AAPLUSDT,hold,strategy,logged,0,0.00,336.7000,,No trade signal
2026-09-24T00:55:45.259616+00:00,blocked,TSLAUSDT,hold,strategy,logged,0,0.00,379.1500,,No trade signal
2026-09-24T01:00:34.477431+00:00,blocked,AAPLUSDT,hold,autonomous,logged,0,0.00,336.6600,,No trade signal
2026-09-24T01:00:36.060764+00:00,blocked,TSLAUSDT,hold,autonomous,logged,0,0.00,379.4400,,No trade signal
2026-09-24T01:00:41.24842+00:00,blocked,AAPLUSDT,hold,autonomous,logged,0,0.00,336.6600,,No trade signal
2026-09-24T01:00:44.388222+00:00,blocked,TSLAUSDT,hold,autonomous,logged,0,0.00,379.4400,,No trade signal
2026-09-24T01:00:44.389261+00:00,blocked,AAPLUSDT,hold,strategy,logged,0,0.00,336.6600,,No trade signal
2026-09-24T01:00:48.686072+00:00,blocked,TSLAUSDT,hold,strategy,logged,0,0.00,379.4400,,No trade signal
2026-09-24T01:00:50.278634+00:00,blocked,AAPLUSDT,hold,strategy,logged,0,0.00,336.6600,,No trade signal
2026-09-24T01:00:53.080631+00:00,blocked,TSLAUSDT,hold,strategy,logged,0,0.00,379.4400,,No trade signal
2026-09-24T01:05:37.667044+00:00,blocked,AAPLUSDT,hold,autonomous,logged,0,0.00,336.6900,,No trade signal
2026-09-24T01:05:39.345986+00:00,blocked,TSLAUSDT,hold,autonomous,logged,0,0.00,379.6000,,No trade signal
2026-09-24T01:05:47.466665+00:00,blocked,AAPLUSDT,hold,autonomous,logged,0,0.00,336.6900,,No trade signal
2026-09-24T01:05:50.658777+00:00,blocked,TSLAUSDT,hold,autonomous,logged,0,0.00,379.6000,,No trade signal
2026-09-24T01:05:50.659747+00:00,blocked,AAPLUSDT,hold,strategy,logged,0,0.00,336.6900,,No trade signal
2026-09-24T01:05:52.147437+00:00,blocked,TSLAUSDT,hold,strategy,logged,0,0.00,379.6000,,No trade signal
2026-09-24T01:05:56.175585+00:00,blocked,AAPLUSDT,hold,strategy,logged,0,0.00,336.6900,,No trade signal
2026-09-24T01:05:59.176056+00:00,blocked,TSLAUSDT,hold,strategy,logged,0,0.00,379.6000,,No trade signal
2026-09-24T01:10:40.960228+00:00,blocked,AAPLUSDT,hold,autonomous,logged,0,0.00,336.9500,,No trade signal
2026-09-24T01:10:42.593019+00:00,blocked,TSLAUSDT,hold,autonomous,logged,0,0.00,379.8200,,No trade signal
2026-09-24T01:10:54.834577+00:00,blocked,AAPLUSDT,hold,autonomous,logged,0,0.00,336.9000,,No trade signal
2026-09-24T01:10:58.067394+00:00,blocked,TSLAUSDT,hold,autonomous,logged,0,0.00,379.7800,,No trade signal
2026-09-24T01:10:58.137692+00:00,blocked,AAPLUSDT,hold,strategy,logged,0,0.00,336.9000,,No trade signal
2026-09-24T01:11:02.573514+00:00,blocked,TSLAUSDT,hold,strategy,logged,0,0.00,379.7800,,No trade signal
2026-09-24T01:11:02.574418+00:00,blocked,AAPLUSDT,hold,strategy,logged,0,0.00,336.9000,,No trade signal
2026-09-24T01:11:05.747639+00:00,blocked,TSLAUSDT,hold,strategy,logged,0,0.00,379.7800,,No trade signal
2026-09-24T01:15:44.257923+00:00,blocked,AAPLUSDT,hold,autonomous,logged,0,0.00,336.6200,,No trade signal
2026-09-24T01:15:45.84581+00:00,blocked,TSLAUSDT,hold,autonomous,logged,0,0.00,379.9200,,No trade signal
2026-09-24T01:16:01.220114+00:00,blocked,AAPLUSDT,hold,autonomous,logged,0,0.00,336.6200,,No trade signal
2026-09-24T01:16:04.470893+00:00,blocked,TSLAUSDT,hold,autonomous,logged,0,0.00,379.9200,,No trade signal
2026-09-24T01:16:08.553192+00:00,blocked,AAPLUSDT,hold,strategy,logged,0,0.00,336.6200,,No trade signal
2026-09-24T01:16:09.356644+00:00,blocked,AAPLUSDT,hold,strategy,logged,0,0.00,336.6200,,No trade signal
2026-09-24T01:16:12.450074+00:00,blocked,TSLAUSDT,hold,strategy,logged,0,0.00,379.9200,,No trade signal
2026-09-24T01:16:15.371881+00:00,blocked,TSLAUSDT,hold,strategy,logged,0,0.00,379.9200,,No trade signal
2026-09-24T01:20:47.74961+00:00,blocked,AAPLUSDT,hold,autonomous,logged,0,0.00,336.6700,,No trade signal
2026-09-24T01:20:49.433739+00:00,blocked,TSLAUSDT,hold,autonomous,logged,0,0.00,379.8700,,No trade signal
2026-09-24T01:21:08.552582+00:00,blocked,AAPLUSDT,hold,autonomous,logged,0,0.00,336.7100,,No trade signal
2026-09-24T01:21:11.678001+00:00,blocked,TSLAUSDT,hold,autonomous,logged,0,0.00,379.9800,,No trade signal
2026-09-24T01:21:16.540491+00:00,blocked,AAPLUSDT,hold,strategy,logged,0,0.00,336.7100,,No trade signal
2026-09-24T01:21:18.146765+00:00,blocked,TSLAUSDT,hold,strategy,logged,0,0.00,379.9800,,No trade signal
2026-09-24T01:21:19.756191+00:00,blocked,AAPLUSDT,hold,strategy,logged,0,0.00,336.7100,,No trade signal
2026-09-24T01:21:22.931002+00:00,blocked,TSLAUSDT,hold,strategy,logged,0,0.00,379.9800,,No trade signal
2026-09-24T01:25:51.051346+00:00,blocked,AAPLUSDT,hold,autonomous,logged,0,0.00,336.7100,,No trade signal
2026-09-24T01:25:52.678395+00:00,blocked,TSLAUSDT,hold,autonomous,logged,0,0.00,379.7000,,No trade signal
2026-09-24T01:26:14.757874+00:00,blocked,AAPLUSDT,hold,autonomous,logged,0,0.00,336.7100,,No trade signal
2026-09-24T01:26:17.500486+00:00,blocked,TSLAUSDT,hold,autonomous,logged,0,0.00,379.7000,,No trade signal
2026-09-24T01:26:20.462825+00:00,blocked,AAPLUSDT,hold,strategy,logged,0,0.00,336.7100,,No trade signal
2026-09-24T01:26:22.049024+00:00,blocked,TSLAUSDT,hold,strategy,logged,0,0.00,379.7000,,No trade signal
2026-09-24T01:26:25.749371+00:00,blocked,AAPLUSDT,hold,strategy,logged,0,0.00,336.7100,,No trade signal
2026-09-24T01:26:28.524654+00:00,blocked,TSLAUSDT,hold,strategy,logged,0,0.00,379.7000,,No trade signal
2026-09-24T01:30:54.44308+00:00,blocked,AAPLUSDT,hold,autonomous,logged,0,0.00,336.7500,,No trade signal
2026-09-24T01:30:56.734689+00:00,blocked,TSLAUSDT,hold,autonomous,logged,0,0.00,379.7200,,No trade signal
2026-09-24T01:31:20.462548+00:00,blocked,AAPLUSDT,hold,autonomous,logged,0,0.00,336.6800,,No trade signal
2026-09-24T01:31:23.876431+00:00,blocked,AAPLUSDT,hold,strategy,logged,0,0.00,336.6800,,No trade signal
2026-09-24T01:31:23.87613+00:00,blocked,TSLAUSDT,hold,autonomous,logged,0,0.00,379.7200,,No trade signal
2026-09-24T01:31:28.158907+00:00,blocked,TSLAUSDT,hold,strategy,logged,0,0.00,379.7200,,No trade signal
2026-09-24T01:31:31.545229+00:00,blocked,AAPLUSDT,hold,strategy,logged,0,0.00,336.6800,,No trade signal
2026-09-24T01:31:35.061996+00:00,blocked,TSLAUSDT,hold,strategy,logged,0,0.00,379.7200,,No trade signal
2026-09-24T01:35:58.270466+00:00,sell,AAPLUSDT,sell,autonomous,rejected,1,336.70,336.7000,,The order amount exceeds the balance
2026-09-24T01:36:00.704713+00:00,blocked,TSLAUSDT,hold,autonomous,logged,0,0.00,379.9900,,No trade signal
2026-09-24T01:36:26.95879+00:00,blocked,AAPLUSDT,sell,autonomous,logged,1,336.70,336.7000,,
2026-09-24T01:36:30.158015+00:00,blocked,TSLAUSDT,hold,autonomous,logged,0,0.00,379.9000,,No trade signal
2026-09-24T01:36:33.381883+00:00,sell,AAPLUSDT,sell,strategy,rejected,1,336.70,336.7000,,The order amount exceeds the balance
2026-09-24T01:36:35.234015+00:00,blocked,TSLAUSDT,hold,strategy,logged,0,0.00,379.9000,,No trade signal
2026-09-24T01:36:38.048594+00:00,blocked,AAPLUSDT,sell,strategy,logged,1,336.70,336.7000,,
2026-09-24T01:36:41.149578+00:00,blocked,TSLAUSDT,hold,strategy,logged,0,0.00,379.9000,,No trade signal
2026-09-24T01:41:02.230208+00:00,sell,AAPLUSDT,sell,autonomous,rejected,1,336.68,336.6800,,The order amount exceeds the balance
2026-09-24T01:41:04.261734+00:00,blocked,TSLAUSDT,hold,autonomous,logged,0,0.00,379.9600,,No trade signal
2026-09-24T01:41:33.381739+00:00,blocked,AAPLUSDT,sell,autonomous,logged,1,336.72,336.7200,,
2026-09-24T01:41:36.456431+00:00,blocked,TSLAUSDT,hold,autonomous,logged,0,0.00,379.9600,,No trade signal
2026-09-24T01:41:39.451526+00:00,sell,AAPLUSDT,sell,strategy,rejected,1,336.72,336.7200,,The order amount exceeds the balance
2026-09-24T01:41:41.34896+00:00,blocked,TSLAUSDT,hold,strategy,logged,0,0.00,379.9600,,No trade signal
2026-09-24T01:41:44.156825+00:00,blocked,AAPLUSDT,sell,strategy,logged,1,336.72,336.7200,,
2026-09-24T01:41:47.344653+00:00,blocked,TSLAUSDT,hold,strategy,logged,0,0.00,379.9600,,No trade signal
2026-09-24T01:46:05.863345+00:00,sell,AAPLUSDT,sell,autonomous,rejected,1,336.74,336.7400,,The order amount exceeds the balance
2026-09-24T01:46:07.882272+00:00,blocked,TSLAUSDT,hold,autonomous,logged,0,0.00,379.7800,,No trade signal
2026-09-24T01:46:39.451056+00:00,blocked,AAPLUSDT,sell,autonomous,logged,1,336.74,336.7400,,
2026-09-24T01:46:44.071829+00:00,blocked,TSLAUSDT,hold,autonomous,logged,0,0.00,379.7000,,No trade signal
2026-09-24T01:46:44.073028+00:00,sell,AAPLUSDT,sell,strategy,rejected,1,336.74,336.7400,,The order amount exceeds the balance
2026-09-24T01:46:49.079764+00:00,blocked,TSLAUSDT,hold,strategy,logged,0,0.00,379.7000,,No trade signal
2026-09-24T01:46:50.851997+00:00,blocked,AAPLUSDT,sell,strategy,logged,1,336.74,336.7400,,
2026-09-24T01:46:55.349539+00:00,blocked,TSLAUSDT,hold,strategy,logged,0,0.00,379.7000,,No trade signal
2026-09-24T01:51:09.562463+00:00,sell,AAPLUSDT,sell,autonomous,rejected,1,336.93,336.9300,,The order amount exceeds the balance
2026-09-24T01:51:11.765247+00:00,blocked,TSLAUSDT,hold,autonomous,logged,0,0.00,379.6300,,No trade signal
2026-09-24T01:51:48.05081+00:00,blocked,AAPLUSDT,sell,autonomous,logged,1,336.93,336.9300,,
2026-09-24T01:51:51.246581+00:00,sell,AAPLUSDT,sell,strategy,rejected,1,336.93,336.9300,,The order amount exceeds the balance
2026-09-24T01:51:51.246157+00:00,blocked,TSLAUSDT,hold,autonomous,logged,0,0.00,379.6300,,No trade signal
2026-09-24T01:51:55.469009+00:00,blocked,TSLAUSDT,hold,strategy,logged,0,0.00,379.6300,,No trade signal
2026-09-24T01:51:58.870315+00:00,blocked,AAPLUSDT,sell,strategy,logged,1,336.93,336.9300,,
2026-09-24T01:52:01.929818+00:00,blocked,TSLAUSDT,hold,strategy,logged,0,0.00,379.6300,,No trade signal
2026-09-24T01:56:13.394324+00:00,sell,AAPLUSDT,sell,autonomous,rejected,1,336.99,336.9900,,The order amount exceeds the balance
2026-09-24T01:56:16.759879+00:00,blocked,TSLAUSDT,hold,autonomous,logged,0,0.00,379.7200,,No trade signal
2026-09-24T01:56:54.435946+00:00,blocked,AAPLUSDT,sell,autonomous,logged,1,336.99,336.9900,,
2026-09-24T01:56:57.85283+00:00,blocked,TSLAUSDT,hold,autonomous,logged,0,0.00,379.7200,,No trade signal
2026-09-24T01:56:57.920153+00:00,sell,AAPLUSDT,sell,strategy,rejected,1,336.99,336.9900,,The order amount exceeds the balance
2026-09-24T01:57:02.749418+00:00,blocked,TSLAUSDT,hold,strategy,logged,0,0.00,379.7200,,No trade signal
2026-09-24T01:57:05.17732+00:00,blocked,AAPLUSDT,sell,strategy,logged,1,336.99,336.9900,,
2026-09-24T01:57:08.355683+00:00,blocked,TSLAUSDT,hold,strategy,logged,0,0.00,379.7200,,No trade signal
2026-09-24T02:01:18.355229+00:00,sell,AAPLUSDT,sell,autonomous,rejected,1,336.98,336.9800,,The order amount exceeds the balance
2026-09-24T02:01:20.863619+00:00,blocked,TSLAUSDT,hold,autonomous,logged,0,0.00,379.9100,,No trade signal
2026-09-24T02:02:01.266081+00:00,blocked,AAPLUSDT,sell,autonomous,logged,1,336.98,336.9800,,
2026-09-24T02:02:04.54288+00:00,blocked,TSLAUSDT,hold,autonomous,logged,0,0.00,379.8500,,No trade signal
2026-09-24T02:02:04.54409+00:00,sell,AAPLUSDT,sell,strategy,rejected,1,336.98,336.9800,,The order amount exceeds the balance
2026-09-24T02:02:09.161603+00:00,blocked,TSLAUSDT,hold,strategy,logged,0,0.00,379.8500,,No trade signal
2026-09-24T02:02:11.659975+00:00,blocked,AAPLUSDT,sell,strategy,logged,1,336.98,336.9800,,
2026-09-24T02:02:14.885526+00:00,blocked,TSLAUSDT,hold,strategy,logged,0,0.00,379.8500,,No trade signal
2026-09-24T02:06:22.50181+00:00,sell,AAPLUSDT,sell,autonomous,rejected,1,337.00,337.0000,,The order amount exceeds the balance
2026-09-24T02:06:24.47411+00:00,blocked,TSLAUSDT,hold,autonomous,logged,0,0.00,379.5800,,No trade signal
2026-09-24T02:07:08.163606+00:00,blocked,AAPLUSDT,sell,autonomous,logged,1,336.94,336.9400,,
2026-09-24T02:07:11.37901+00:00,blocked,TSLAUSDT,hold,autonomous,logged,0,0.00,379.5500,,No trade signal
2026-09-24T02:07:11.380263+00:00,sell,AAPLUSDT,sell,strategy,rejected,1,336.94,336.9400,,The order amount exceeds the balance
2026-09-24T02:07:15.848934+00:00,blocked,TSLAUSDT,hold,strategy,logged,0,0.00,379.5600,,No trade signal
2026-09-24T02:07:18.351389+00:00,blocked,AAPLUSDT,sell,strategy,logged,1,336.94,336.9400,,
2026-09-24T02:07:21.568951+00:00,blocked,TSLAUSDT,hold,strategy,logged,0,0.00,379.5600,,No trade signal
2026-09-24T02:11:26.158561+00:00,sell,AAPLUSDT,sell,autonomous,rejected,1,336.91,336.9100,,The order amount exceeds the balance
2026-09-24T02:11:28.480294+00:00,blocked,TSLAUSDT,hold,autonomous,logged,0,0.00,379.5200,,No trade signal
2026-09-24T02:12:14.4277+00:00,blocked,AAPLUSDT,sell,autonomous,logged,1,336.91,336.9100,,
2026-09-24T02:12:17.567881+00:00,blocked,TSLAUSDT,hold,autonomous,logged,0,0.00,379.5200,,No trade signal
2026-09-24T02:12:17.629141+00:00,sell,AAPLUSDT,sell,strategy,rejected,1,336.91,336.9100,,The order amount exceeds the balance
2026-09-24T02:12:22.54552+00:00,blocked,TSLAUSDT,hold,strategy,logged,0,0.00,379.5200,,No trade signal
2026-09-24T02:12:24.48295+00:00,blocked,AAPLUSDT,sell,strategy,logged,1,336.91,336.9100,,
2026-09-24T02:12:27.446928+00:00,blocked,TSLAUSDT,hold,strategy,logged,0,0.00,379.5200,,No trade signal
2026-09-24T02:16:30.090272+00:00,sell,AAPLUSDT,sell,autonomous,rejected,1,336.95,336.9500,,The order amount exceeds the balance
2026-09-24T02:16:32.613372+00:00,blocked,TSLAUSDT,hold,autonomous,logged,0,0.00,379.7300,,No trade signal
2026-09-24T02:17:20.942715+00:00,blocked,AAPLUSDT,sell,autonomous,logged,1,336.95,336.9500,,
2026-09-24T02:17:23.94914+00:00,blocked,TSLAUSDT,hold,autonomous,logged,0,0.00,379.7500,,No trade signal
2026-09-24T02:17:24.12871+00:00,sell,AAPLUSDT,sell,strategy,rejected,1,336.95,336.9500,,The order amount exceeds the balance
2026-09-24T02:17:28.646965+00:00,blocked,TSLAUSDT,hold,strategy,logged,0,0.00,379.7300,,No trade signal
2026-09-24T02:17:30.777376+00:00,blocked,AAPLUSDT,sell,strategy,logged,1,336.95,336.9500,,
2026-09-24T02:17:34.302372+00:00,blocked,TSLAUSDT,hold,strategy,logged,0,0.00,379.7300,,No trade signal
2026-09-24T02:21:34.393487+00:00,blocked,AAPLUSDT,hold,autonomous,logged,0,0.00,337.1500,,No trade signal
2026-09-24T02:21:36.394432+00:00,blocked,TSLAUSDT,hold,autonomous,logged,0,0.00,379.6500,,No trade signal
2026-09-24T02:22:27.185145+00:00,blocked,AAPLUSDT,hold,autonomous,logged,0,0.00,337.1800,,No trade signal
2026-09-24T02:22:30.262434+00:00,blocked,TSLAUSDT,hold,autonomous,logged,0,0.00,379.6500,,No trade signal
2026-09-24T02:22:30.263518+00:00,blocked,AAPLUSDT,hold,strategy,logged,0,0.00,337.1800,,No trade signal
2026-09-24T02:22:31.91763+00:00,blocked,TSLAUSDT,hold,strategy,logged,0,0.00,379.6500,,No trade signal
2026-09-24T02:22:37.14667+00:00,blocked,AAPLUSDT,hold,strategy,logged,0,0.00,337.1800,,No trade signal
2026-09-24T02:22:41.770087+00:00,blocked,TSLAUSDT,hold,strategy,logged,0,0.00,379.5800,,No trade signal
2026-09-24T02:26:37.971969+00:00,sell,AAPLUSDT,sell,autonomous,rejected,1,337.15,337.1500,,The order amount exceeds the balance
2026-09-24T02:26:40.576011+00:00,blocked,TSLAUSDT,hold,autonomous,logged,0,0.00,379.6100,,No trade signal
2026-09-24T02:27:34.96473+00:00,blocked,AAPLUSDT,sell,autonomous,logged,1,337.15,337.1500,,
2026-09-24T02:27:38.16145+00:00,blocked,TSLAUSDT,hold,autonomous,logged,0,0.00,379.5600,,No trade signal
2026-09-24T02:27:38.224788+00:00,sell,AAPLUSDT,sell,strategy,rejected,1,337.15,337.1500,,The order amount exceeds the balance
2026-09-24T02:27:42.963973+00:00,blocked,TSLAUSDT,hold,strategy,logged,0,0.00,379.5600,,No trade signal
2026-09-24T02:27:45.710154+00:00,blocked,AAPLUSDT,sell,strategy,logged,1,337.15,337.1500,,
2026-09-24T02:27:48.938374+00:00,blocked,TSLAUSDT,hold,strategy,logged,0,0.00,379.4600,,No trade signal
2026-09-24T02:31:42.19828+00:00,sell,AAPLUSDT,sell,autonomous,rejected,1,337.14,337.1400,,The order amount exceeds the balance
2026-09-24T02:31:44.765525+00:00,blocked,TSLAUSDT,hold,autonomous,logged,0,0.00,379.6700,,No trade signal
2026-09-24T02:32:41.546283+00:00,blocked,AAPLUSDT,sell,autonomous,logged,1,337.14,337.1400,,
2026-09-24T02:32:44.838369+00:00,blocked,TSLAUSDT,hold,autonomous,logged,0,0.00,379.6700,,No trade signal
2026-09-24T02:32:44.839611+00:00,sell,AAPLUSDT,sell,strategy,rejected,1,337.14,337.1400,,The order amount exceeds the balance
2026-09-24T02:32:50.057641+00:00,blocked,TSLAUSDT,hold,strategy,logged,0,0.00,379.6700,,No trade signal
2026-09-24T02:32:52.248667+00:00,blocked,AAPLUSDT,sell,strategy,logged,1,337.14,337.1400,,
2026-09-24T02:32:55.479968+00:00,blocked,TSLAUSDT,hold,strategy,logged,0,0.00,379.6700,,No trade signal
2026-09-24T02:33:46.558163+00:00,sell,AAPLUSDT,sell,strategy,rejected,1,337.14,337.1400,,The order amount exceeds the balance
2026-09-24T02:33:46.559279+00:00,blocked,AAPLUSDT,sell,strategy,logged,1,337.14,337.1400,,
2026-09-24T02:33:46.56028+00:00,sell,AAPLUSDT,sell,autonomous,rejected,1,337.14,337.1400,,The order amount exceeds the balance
2026-09-24T02:33:46.561153+00:00,blocked,AAPLUSDT,sell,autonomous,logged,1,337.14,337.1400,,
2026-09-24T02:33:50.413574+00:00,blocked,TSLAUSDT,hold,strategy,logged,0,0.00,379.6700,,No trade signal
2026-09-24T02:33:53.36034+00:00,blocked,TSLAUSDT,hold,autonomous,logged,0,0.00,379.6700,,No trade signal
2026-09-24T02:33:54.293323+00:00,blocked,TSLAUSDT,hold,strategy,logged,0,0.00,379.6700,,No trade signal
2026-09-24T02:33:55.436869+00:00,blocked,TSLAUSDT,hold,autonomous,logged,0,0.00,379.6700,,No trade signal
2026-09-24T02:38:58.247199+00:00,blocked,AAPLUSDT,sell,strategy,logged,1,337.03,337.0300,,
2026-09-24T02:39:01.549575+00:00,blocked,AAPLUSDT,sell,autonomous,logged,1,337.03,337.0300,,
2026-09-24T02:39:01.549079+00:00,blocked,TSLAUSDT,hold,strategy,logged,0,0.00,379.8800,,No trade signal
2026-09-24T02:39:04.937344+00:00,sell,AAPLUSDT,sell,autonomous,rejected,1,337.01,337.0100,,The order amount exceeds the balance
2026-09-24T02:39:04.937251+00:00,sell,AAPLUSDT,sell,strategy,rejected,1,337.01,337.0100,,The order amount exceeds the balance
2026-09-24T02:39:07.835756+00:00,blocked,TSLAUSDT,hold,autonomous,logged,0,0.00,379.8800,,No trade signal
2026-09-24T02:39:12.065301+00:00,blocked,TSLAUSDT,hold,strategy,logged,0,0.00,379.8400,,No trade signal
2026-09-24T02:39:13.355973+00:00,blocked,TSLAUSDT,hold,autonomous,logged,0,0.00,379.8400,,No trade signal
2026-09-24T02:44:04.937237+00:00,blocked,AAPLUSDT,sell,strategy,logged,1,337.02,337.0200,,
2026-09-24T02:44:09.149627+00:00,blocked,TSLAUSDT,hold,strategy,logged,0,0.00,379.8300,,No trade signal
2026-09-24T02:44:12.450243+00:00,blocked,AAPLUSDT,sell,autonomous,logged,1,337.02,337.0200,,
2026-09-24T02:44:15.638799+00:00,blocked,TSLAUSDT,hold,autonomous,logged,0,0.00,379.8300,,No trade signal
2026-09-24T02:44:15.639841+00:00,sell,AAPLUSDT,sell,strategy,rejected,1,337.02,337.0200,,The order amount exceeds the balance
2026-09-24T02:44:15.751427+00:00,sell,AAPLUSDT,sell,autonomous,rejected,1,337.02,337.0200,,The order amount exceeds the balance
2026-09-24T02:44:20.459733+00:00,blocked,TSLAUSDT,hold,strategy,logged,0,0.00,379.8300,,No trade signal
2026-09-24T02:44:21.47059+00:00,blocked,TSLAUSDT,hold,autonomous,logged,0,0.00,379.8300,,No trade signal
2026-09-24T02:49:12.450191+00:00,blocked,AAPLUSDT,sell,strategy,logged,1,336.89,336.8900,,
2026-09-24T02:49:16.173206+00:00,blocked,TSLAUSDT,hold,strategy,logged,0,0.00,379.8400,,No trade signal
2026-09-24T02:49:19.639958+00:00,blocked,AAPLUSDT,sell,autonomous,logged,1,336.89,336.8900,,
2026-09-24T02:49:22.866997+00:00,blocked,TSLAUSDT,hold,autonomous,logged,0,0.00,379.8400,,No trade signal
2026-09-24T02:49:22.868407+00:00,sell,AAPLUSDT,sell,strategy,rejected,1,336.89,336.8900,,The order amount exceeds the balance
2026-09-24T02:49:26.337264+00:00,sell,AAPLUSDT,sell,autonomous,rejected,1,336.89,336.8900,,The order amount exceeds the balance
2026-09-24T02:49:27.320834+00:00,blocked,TSLAUSDT,hold,strategy,logged,0,0.00,379.8400,,No trade signal
2026-09-24T02:49:28.776734+00:00,blocked,TSLAUSDT,hold,autonomous,logged,0,0.00,379.8400,,No trade signal
2026-09-24T02:54:19.639839+00:00,blocked,AAPLUSDT,sell,strategy,logged,1,336.94,336.9400,,
2026-09-24T02:54:23.868493+00:00,blocked,TSLAUSDT,hold,strategy,logged,0,0.00,379.8400,,No trade signal
2026-09-24T02:54:27.053959+00:00,blocked,AAPLUSDT,sell,autonomous,logged,1,336.94,336.9400,,
2026-09-24T02:54:30.372921+00:00,blocked,TSLAUSDT,hold,autonomous,logged,0,0.00,379.8400,,No trade signal
2026-09-24T02:54:30.380208+00:00,sell,AAPLUSDT,sell,strategy,rejected,1,336.94,336.9400,,The order amount exceeds the balance
2026-09-24T02:54:33.61337+00:00,sell,AAPLUSDT,sell,autonomous,rejected,1,336.94,336.9400,,The order amount exceeds the balance
2026-09-24T02:54:35.25704+00:00,blocked,TSLAUSDT,hold,strategy,logged,0,0.00,379.8400,,No trade signal
2026-09-24T02:54:36.388878+00:00,blocked,TSLAUSDT,hold,autonomous,logged,0,0.00,379.8400,,No trade signal
2026-09-24T02:59:27.053469+00:00,blocked,AAPLUSDT,sell,strategy,logged,1,336.77,336.7700,,
2026-09-24T02:59:30.864247+00:00,blocked,TSLAUSDT,hold,strategy,logged,0,0.00,379.7200,,No trade signal
2026-09-24T02:59:34.340499+00:00,blocked,AAPLUSDT,sell,autonomous,logged,1,336.77,336.7700,,
2026-09-24T02:59:37.744775+00:00,blocked,TSLAUSDT,hold,autonomous,logged,0,0.00,379.7200,,No trade signal
2026-09-24T02:59:37.745091+00:00,sell,AAPLUSDT,sell,strategy,rejected,1,336.77,336.7700,,The order amount exceeds the balance
2026-09-24T02:59:40.734254+00:00,sell,AAPLUSDT,sell,autonomous,rejected,1,336.77,336.7700,,The order amount exceeds the balance
2026-09-24T02:59:42.341195+00:00,blocked,TSLAUSDT,hold,strategy,logged,0,0.00,379.7200,,No trade signal
2026-09-24T02:59:43.471232+00:00,blocked,TSLAUSDT,hold,autonomous,logged,0,0.00,379.7200,,No trade signal
2026-09-24T03:04:34.340642+00:00,blocked,AAPLUSDT,sell,strategy,logged,1,336.71,336.7100,,
2026-09-24T03:04:38.466864+00:00,blocked,TSLAUSDT,hold,strategy,logged,0,0.00,379.7300,,No trade signal
2026-09-24T03:04:41.845676+00:00,blocked,AAPLUSDT,sell,autonomous,logged,1,336.71,336.7100,,
2026-09-24T03:04:45.139348+00:00,blocked,TSLAUSDT,hold,autonomous,logged,0,0.00,379.7300,,No trade signal
2026-09-24T03:04:45.217728+00:00,sell,AAPLUSDT,sell,strategy,rejected,1,336.71,336.7100,,The order amount exceeds the balance
2026-09-24T03:04:48.338894+00:00,sell,AAPLUSDT,sell,autonomous,rejected,1,336.71,336.7100,,The order amount exceeds the balance
2026-09-24T03:04:49.850856+00:00,blocked,TSLAUSDT,hold,strategy,logged,0,0.00,379.7300,,No trade signal
2026-09-24T03:04:50.915313+00:00,blocked,TSLAUSDT,hold,autonomous,logged,0,0.00,379.7300,,No trade signal
2026-09-24T05:21:32.425927+00:00,blocked,AAPLUSDT,sell,strategy,logged,1,336.49,336.4900,,
2026-09-24T05:21:32.425308+00:00,sell,AAPLUSDT,sell,strategy,rejected,1,336.49,336.4900,,The order amount exceeds the balance
2026-09-24T05:21:32.42801+00:00,sell,AAPLUSDT,sell,autonomous,rejected,1,336.49,336.4900,,The order amount exceeds the balance
2026-09-24T05:21:32.431211+00:00,blocked,AAPLUSDT,sell,autonomous,logged,1,336.49,336.4900,,
2026-09-24T05:21:37.607658+00:00,blocked,TSLAUSDT,hold,autonomous,logged,0,0.00,378.9100,,No trade signal
2026-09-24T05:21:40.404018+00:00,blocked,TSLAUSDT,hold,strategy,logged,0,0.00,378.9100,,No trade signal
2026-09-24T05:21:41.570237+00:00,blocked,TSLAUSDT,hold,autonomous,logged,0,0.00,378.9100,,No trade signal
2026-09-24T05:21:42.705015+00:00,blocked,TSLAUSDT,hold,strategy,logged,0,0.00,378.9100,,No trade signal
2026-09-24T05:26:45.23443+00:00,blocked,AAPLUSDT,sell,autonomous,logged,1,336.52,336.5200,,
2026-09-24T05:26:49.160151+00:00,blocked,TSLAUSDT,hold,autonomous,logged,0,0.00,379.0100,,No trade signal
2026-09-24T05:26:49.16126+00:00,blocked,AAPLUSDT,sell,strategy,logged,1,336.52,336.5200,,
2026-09-24T05:26:49.170629+00:00,sell,AAPLUSDT,sell,autonomous,rejected,1,336.52,336.5200,,The order amount exceeds the balance
2026-09-24T05:26:52.561633+00:00,blocked,TSLAUSDT,hold,strategy,logged,0,0.00,379.0100,,No trade signal
2026-09-24T05:26:52.562748+00:00,sell,AAPLUSDT,sell,strategy,rejected,1,336.52,336.5200,,The order amount exceeds the balance
2026-09-24T05:26:59.085398+00:00,blocked,TSLAUSDT,hold,autonomous,logged,0,0.00,379.0000,,No trade signal
2026-09-24T05:27:00.548771+00:00,blocked,TSLAUSDT,hold,strategy,logged,0,0.00,379.0000,,No trade signal
2026-09-24T05:31:55.260961+00:00,blocked,AAPLUSDT,sell,autonomous,logged,1,336.54,336.5400,,
2026-09-24T05:31:58.997489+00:00,blocked,TSLAUSDT,hold,autonomous,logged,0,0.00,379.1400,,No trade signal
2026-09-24T05:31:58.998708+00:00,blocked,AAPLUSDT,sell,strategy,logged,1,336.51,336.5100,,
2026-09-24T05:32:02.58719+00:00,blocked,TSLAUSDT,hold,strategy,logged,0,0.00,379.1400,,No trade signal
2026-09-24T05:32:02.588477+00:00,sell,AAPLUSDT,sell,autonomous,rejected,1,336.49,336.4900,,The order amount exceeds the balance
2026-09-24T05:32:05.459983+00:00,sell,AAPLUSDT,sell,strategy,rejected,1,336.53,336.5300,,The order amount exceeds the balance
2026-09-24T05:32:09.867528+00:00,blocked,TSLAUSDT,hold,autonomous,logged,0,0.00,379.1400,,No trade signal
2026-09-24T05:32:10.893281+00:00,blocked,TSLAUSDT,hold,strategy,logged,0,0.00,379.1400,,No trade signal
2026-09-24T05:37:05.459722+00:00,blocked,AAPLUSDT,sell,autonomous,logged,1,336.47,336.4700,,
2026-09-24T05:37:09.21146+00:00,blocked,TSLAUSDT,hold,autonomous,logged,0,0.00,378.9600,,No trade signal
2026-09-24T05:37:09.212415+00:00,blocked,AAPLUSDT,sell,strategy,logged,1,336.47,336.4700,,
2026-09-24T05:37:12.150366+00:00,sell,AAPLUSDT,sell,autonomous,rejected,1,336.47,336.4700,,The order amount exceeds the balance
2026-09-24T05:37:14.259674+00:00,blocked,TSLAUSDT,hold,strategy,logged,0,0.00,378.9300,,No trade signal
2026-09-24T05:37:14.260997+00:00,sell,AAPLUSDT,sell,strategy,rejected,1,336.47,336.4700,,The order amount exceeds the balance
2026-09-24T05:37:18.667307+00:00,blocked,TSLAUSDT,hold,autonomous,logged,0,0.00,378.9300,,No trade signal
2026-09-24T05:37:19.755662+00:00,blocked,TSLAUSDT,hold,strategy,logged,0,0.00,378.9300,,No trade signal
2026-09-24T05:42:12.150345+00:00,blocked,AAPLUSDT,sell,autonomous,logged,1,336.35,336.3500,,
2026-09-24T05:42:16.197417+00:00,blocked,TSLAUSDT,hold,autonomous,logged,0,0.00,378.9000,,No trade signal
2026-09-24T05:42:19.87114+00:00,blocked,AAPLUSDT,sell,strategy,logged,1,336.35,336.3500,,
2026-09-24T05:42:22.833021+00:00,blocked,TSLAUSDT,hold,strategy,logged,0,0.00,378.9000,,No trade signal
2026-09-24T05:42:22.834211+00:00,sell,AAPLUSDT,sell,autonomous,rejected,1,336.35,336.3500,,The order amount exceeds the balance
2026-09-24T05:42:22.87447+00:00,sell,AAPLUSDT,sell,strategy,rejected,1,336.35,336.3500,,The order amount exceeds the balance
2026-09-24T05:42:27.679837+00:00,blocked,TSLAUSDT,hold,autonomous,logged,0,0.00,378.9000,,No trade signal
2026-09-24T05:42:28.767052+00:00,blocked,TSLAUSDT,hold,strategy,logged,0,0.00,378.9000,,No trade signal
2026-09-24T05:47:19.87052+00:00,blocked,AAPLUSDT,sell,autonomous,logged,1,336.41,336.4100,,
2026-09-24T05:47:24.664433+00:00,blocked,TSLAUSDT,hold,autonomous,logged,0,0.00,378.6700,,No trade signal
2026-09-24T05:47:28.584703+00:00,blocked,AAPLUSDT,sell,strategy,logged,1,336.41,336.4100,,
2026-09-24T05:47:32.016326+00:00,blocked,TSLAUSDT,hold,strategy,logged,0,0.00,378.6700,,No trade signal
2026-09-24T05:47:32.083946+00:00,sell,AAPLUSDT,sell,strategy,rejected,1,336.41,336.4100,,The order amount exceeds the balance
2026-09-24T05:47:32.083818+00:00,sell,AAPLUSDT,sell,autonomous,rejected,1,336.41,336.4100,,The order amount exceeds the balance
2026-09-24T05:47:37.069129+00:00,blocked,TSLAUSDT,hold,autonomous,logged,0,0.00,378.6700,,No trade signal
2026-09-24T05:47:38.163944+00:00,blocked,TSLAUSDT,hold,strategy,logged,0,0.00,378.6700,,No trade signal
2026-09-24T05:52:28.584693+00:00,blocked,AAPLUSDT,sell,autonomous,logged,1,336.44,336.4400,,
2026-09-24T05:52:32.566274+00:00,blocked,TSLAUSDT,hold,autonomous,logged,0,0.00,378.5000,,No trade signal
2026-09-24T05:52:35.866598+00:00,blocked,AAPLUSDT,sell,strategy,logged,1,336.44,336.4400,,
2026-09-24T05:52:39.184616+00:00,blocked,TSLAUSDT,hold,strategy,logged,0,0.00,378.5000,,No trade signal
2026-09-24T05:52:42.078666+00:00,sell,AAPLUSDT,sell,autonomous,rejected,1,336.44,336.4400,,The order amount exceeds the balance
2026-09-24T05:52:42.08887+00:00,sell,AAPLUSDT,sell,strategy,rejected,1,336.44,336.4400,,The order amount exceeds the balance
2026-09-24T05:52:44.071728+00:00,blocked,TSLAUSDT,hold,autonomous,logged,0,0.00,378.5000,,No trade signal
2026-09-24T05:52:45.244464+00:00,blocked,TSLAUSDT,hold,strategy,logged,0,0.00,378.5000,,No trade signal
2026-09-24T05:57:35.867171+00:00,blocked,AAPLUSDT,sell,autonomous,logged,1,336.15,336.1500,,
2026-09-24T05:57:39.4738+00:00,blocked,TSLAUSDT,hold,autonomous,logged,0,0.00,378.1300,,No trade signal
2026-09-24T05:57:42.854327+00:00,blocked,AAPLUSDT,sell,strategy,logged,1,336.15,336.1500,,
2026-09-24T05:57:45.86484+00:00,blocked,TSLAUSDT,hold,strategy,logged,0,0.00,378.1300,,No trade signal
2026-09-24T05:57:49.149585+00:00,sell,AAPLUSDT,sell,strategy,rejected,1,336.15,336.1500,,The order amount exceeds the balance
2026-09-24T05:57:49.149487+00:00,sell,AAPLUSDT,sell,autonomous,rejected,1,336.15,336.1500,,The order amount exceeds the balance
2026-09-24T05:57:51.06329+00:00,blocked,TSLAUSDT,hold,strategy,logged,0,0.00,378.1300,,No trade signal
2026-09-24T05:57:52.368226+00:00,blocked,TSLAUSDT,hold,autonomous,logged,0,0.00,378.1300,,No trade signal
2026-09-24T06:02:42.854067+00:00,blocked,AAPLUSDT,sell,autonomous,logged,1,336.21,336.2100,,
2026-09-24T06:02:46.226834+00:00,blocked,TSLAUSDT,hold,autonomous,logged,0,0.00,377.8800,,No trade signal
2026-09-24T06:02:49.373795+00:00,blocked,AAPLUSDT,sell,strategy,logged,1,336.21,336.2100,,
2026-09-24T06:02:54.965896+00:00,blocked,TSLAUSDT,hold,strategy,logged,0,0.00,377.7500,,No trade signal
2026-09-24T06:02:54.967272+00:00,sell,AAPLUSDT,sell,autonomous,rejected,1,336.21,336.2100,,The order amount exceeds the balance
2026-09-24T06:02:54.967064+00:00,sell,AAPLUSDT,sell,strategy,rejected,1,336.21,336.2100,,The order amount exceeds the balance
2026-09-24T06:03:01.106667+00:00,blocked,TSLAUSDT,hold,autonomous,logged,0,0.00,377.8300,,No trade signal
2026-09-24T06:03:02.159998+00:00,blocked,TSLAUSDT,hold,strategy,logged,0,0.00,377.8300,,No trade signal
2026-09-24T06:07:49.373948+00:00,blocked,AAPLUSDT,sell,autonomous,logged,1,336.44,336.4400,,
2026-09-24T06:07:52.759236+00:00,blocked,TSLAUSDT,hold,autonomous,logged,0,0.00,378.1400,,No trade signal
2026-09-24T06:07:59.562068+00:00,blocked,AAPLUSDT,sell,strategy,logged,1,336.51,336.5100,,
2026-09-24T06:08:03.067515+00:00,blocked,TSLAUSDT,hold,strategy,logged,0,0.00,378.1800,,No trade signal
2026-09-24T06:08:03.36771+00:00,sell,AAPLUSDT,sell,autonomous,rejected,1,336.51,336.5100,,The order amount exceeds the balance
2026-09-24T06:08:06.468973+00:00,sell,AAPLUSDT,sell,strategy,rejected,1,336.51,336.5100,,The order amount exceeds the balance
2026-09-24T06:08:08.245733+00:00,blocked,TSLAUSDT,hold,autonomous,logged,0,0.00,378.1800,,No trade signal
2026-09-24T06:08:09.348684+00:00,blocked,TSLAUSDT,hold,strategy,logged,0,0.00,378.1800,,No trade signal
2026-09-24T06:12:55.895997+00:00,blocked,AAPLUSDT,sell,autonomous,logged,1,336.54,336.5400,,
2026-09-24T06:12:59.58523+00:00,blocked,TSLAUSDT,hold,autonomous,logged,0,0.00,378.2100,,No trade signal
2026-09-24T06:13:06.468418+00:00,blocked,AAPLUSDT,sell,strategy,logged,1,336.54,336.5400,,
2026-09-24T06:13:09.663286+00:00,blocked,TSLAUSDT,hold,strategy,logged,0,0.00,378.2100,,No trade signal
2026-09-24T06:13:12.664847+00:00,sell,AAPLUSDT,sell,strategy,rejected,1,336.54,336.5400,,The order amount exceeds the balance
2026-09-24T06:13:12.664764+00:00,sell,AAPLUSDT,sell,autonomous,rejected,1,336.54,336.5400,,The order amount exceeds the balance
2026-09-24T06:13:14.684317+00:00,blocked,TSLAUSDT,hold,autonomous,logged,0,0.00,378.2100,,No trade signal
2026-09-24T06:13:15.773671+00:00,blocked,TSLAUSDT,hold,strategy,logged,0,0.00,378.2100,,No trade signal
2026-09-24T06:18:03.181628+00:00,blocked,AAPLUSDT,sell,autonomous,logged,1,336.40,336.4000,,
2026-09-24T06:18:07.283521+00:00,blocked,TSLAUSDT,hold,autonomous,logged,0,0.00,378.3500,,No trade signal
2026-09-24T06:18:12.665146+00:00,blocked,AAPLUSDT,sell,strategy,logged,1,336.40,336.4000,,
2026-09-24T06:18:15.983215+00:00,blocked,TSLAUSDT,hold,strategy,logged,0,0.00,378.3700,,No trade signal
2026-09-24T06:18:19.190875+00:00,sell,AAPLUSDT,sell,strategy,rejected,1,336.40,336.4000,,The order amount exceeds the balance
2026-09-24T06:18:19.190794+00:00,sell,AAPLUSDT,sell,autonomous,rejected,1,336.40,336.4000,,The order amount exceeds the balance
2026-09-24T06:18:21.264624+00:00,blocked,TSLAUSDT,hold,strategy,logged,0,0.00,378.3500,,No trade signal
2026-09-24T06:18:22.271074+00:00,blocked,TSLAUSDT,hold,autonomous,logged,0,0.00,378.3500,,No trade signal
2026-09-24T06:42:41.852927+00:00,sell,AAPLUSDT,sell,strategy,rejected,1,336.43,336.4300,,The order amount exceeds the balance
2026-09-24T06:42:41.853585+00:00,blocked,AAPLUSDT,sell,strategy,logged,1,336.43,336.4300,,
2026-09-24T06:42:41.85518+00:00,sell,AAPLUSDT,sell,autonomous,rejected,1,336.43,336.4300,,The order amount exceeds the balance
2026-09-24T06:42:41.856033+00:00,blocked,AAPLUSDT,sell,autonomous,logged,1,336.43,336.4300,,
2026-09-24T06:42:45.659814+00:00,blocked,TSLAUSDT,hold,strategy,logged,0,0.00,377.6800,,No trade signal
2026-09-24T06:42:48.364511+00:00,blocked,TSLAUSDT,hold,autonomous,logged,0,0.00,377.6800,,No trade signal
2026-09-24T06:42:52.628464+00:00,blocked,TSLAUSDT,hold,autonomous,logged,0,0.00,377.7700,,No trade signal
2026-09-24T06:42:56.124773+00:00,blocked,TSLAUSDT,hold,strategy,logged,0,0.00,377.7700,,No trade signal
2026-09-24T06:47:51.254225+00:00,blocked,AAPLUSDT,sell,strategy,logged,1,336.40,336.4000,,
2026-09-24T06:47:54.356298+00:00,blocked,TSLAUSDT,hold,strategy,logged,0,0.00,377.8700,,No trade signal
2026-09-24T06:47:58.127987+00:00,blocked,AAPLUSDT,sell,autonomous,logged,1,336.40,336.4000,,
2026-09-24T06:47:58.128137+00:00,sell,AAPLUSDT,sell,autonomous,rejected,1,336.40,336.4000,,The order amount exceeds the balance
2026-09-24T06:47:58.828156+00:00,sell,AAPLUSDT,sell,strategy,rejected,1,336.40,336.4000,,The order amount exceeds the balance
2026-09-24T06:48:03.65736+00:00,blocked,TSLAUSDT,hold,autonomous,logged,0,0.00,377.8700,,No trade signal
2026-09-24T06:48:04.82053+00:00,blocked,TSLAUSDT,hold,autonomous,logged,0,0.00,377.8700,,No trade signal
2026-09-24T06:48:08.76057+00:00,blocked,TSLAUSDT,hold,strategy,logged,0,0.00,377.8700,,No trade signal
2026-09-24T06:52:58.127903+00:00,blocked,AAPLUSDT,sell,strategy,logged,1,336.48,336.4800,,
2026-09-24T06:53:02.165319+00:00,blocked,TSLAUSDT,hold,strategy,logged,0,0.00,377.8300,,No trade signal
2026-09-24T06:53:07.679593+00:00,blocked,AAPLUSDT,sell,autonomous,logged,1,336.48,336.4800,,
2026-09-24T06:53:11.065995+00:00,sell,AAPLUSDT,sell,autonomous,rejected,1,336.48,336.4800,,The order amount exceeds the balance
2026-09-24T06:53:11.065604+00:00,blocked,TSLAUSDT,hold,autonomous,logged,0,0.00,377.8300,,No trade signal
2026-09-24T06:53:14.358985+00:00,sell,AAPLUSDT,sell,strategy,rejected,1,336.48,336.4800,,The order amount exceeds the balance
2026-09-24T06:53:16.034329+00:00,blocked,TSLAUSDT,hold,autonomous,logged,0,0.00,377.7300,,No trade signal
2026-09-24T06:53:17.261548+00:00,blocked,TSLAUSDT,hold,strategy,logged,0,0.00,377.7300,,No trade signal
2026-09-24T06:58:05.416641+00:00,blocked,AAPLUSDT,sell,strategy,logged,1,336.33,336.3300,,
2026-09-24T06:58:08.893504+00:00,blocked,TSLAUSDT,hold,strategy,logged,0,0.00,377.7100,,No trade signal
2026-09-24T06:58:14.359099+00:00,blocked,AAPLUSDT,sell,autonomous,logged,1,336.33,336.3300,,
2026-09-24T06:58:17.660869+00:00,blocked,TSLAUSDT,hold,autonomous,logged,0,0.00,377.7100,,No trade signal
2026-09-24T06:58:20.880976+00:00,sell,AAPLUSDT,sell,autonomous,rejected,1,336.33,336.3300,,The order amount exceeds the balance
2026-09-24T06:58:20.881056+00:00,sell,AAPLUSDT,sell,strategy,rejected,1,336.33,336.3300,,The order amount exceeds the balance
2026-09-24T06:58:22.85886+00:00,blocked,TSLAUSDT,hold,strategy,logged,0,0.00,377.7100,,No trade signal
2026-09-24T06:58:23.85791+00:00,blocked,TSLAUSDT,hold,autonomous,logged,0,0.00,377.7100,,No trade signal
2026-09-24T07:03:12.167361+00:00,blocked,AAPLUSDT,sell,strategy,logged,1,336.25,336.2500,,
2026-09-24T07:03:16.560341+00:00,blocked,TSLAUSDT,hold,strategy,logged,0,0.00,377.5500,,No trade signal
2026-09-24T07:03:20.880771+00:00,blocked,AAPLUSDT,sell,autonomous,logged,1,336.12,336.1200,,
2026-09-24T07:03:24.479634+00:00,blocked,TSLAUSDT,hold,autonomous,logged,0,0.00,377.4900,,No trade signal
2026-09-24T07:03:27.766849+00:00,sell,AAPLUSDT,sell,autonomous,rejected,1,336.12,336.1200,,The order amount exceeds the balance
2026-09-24T07:03:27.766737+00:00,sell,AAPLUSDT,sell,strategy,rejected,1,336.12,336.1200,,The order amount exceeds the balance
2026-09-24T07:03:30.109523+00:00,blocked,TSLAUSDT,hold,autonomous,logged,0,0.00,377.4900,,No trade signal
2026-09-24T07:03:31.387233+00:00,blocked,TSLAUSDT,hold,strategy,logged,0,0.00,377.4900,,No trade signal
2026-09-24T07:08:19.968357+00:00,blocked,AAPLUSDT,sell,strategy,logged,1,336.23,336.2300,,
2026-09-24T07:08:23.548528+00:00,blocked,TSLAUSDT,hold,strategy,logged,0,0.00,378.0400,,No trade signal
2026-09-24T07:08:27.766834+00:00,blocked,AAPLUSDT,sell,autonomous,logged,1,336.23,336.2300,,
2026-09-24T07:08:31.122003+00:00,blocked,TSLAUSDT,hold,autonomous,logged,0,0.00,378.0400,,No trade signal
2026-09-24T07:08:34.330707+00:00,sell,AAPLUSDT,sell,strategy,rejected,1,336.23,336.2300,,The order amount exceeds the balance
2026-09-24T07:08:34.330556+00:00,sell,AAPLUSDT,sell,autonomous,rejected,1,336.23,336.2300,,The order amount exceeds the balance
2026-09-24T07:08:36.462435+00:00,blocked,TSLAUSDT,hold,strategy,logged,0,0.00,378.0400,,No trade signal
2026-09-24T07:08:37.536395+00:00,blocked,TSLAUSDT,hold,autonomous,logged,0,0.00,378.0400,,No trade signal
2026-09-24T07:13:26.73376+00:00,blocked,AAPLUSDT,sell,strategy,logged,1,336.31,336.3100,,
2026-09-24T07:13:30.445413+00:00,blocked,TSLAUSDT,hold,strategy,logged,0,0.00,378.4900,,No trade signal
2026-09-24T07:13:34.33058+00:00,blocked,AAPLUSDT,sell,autonomous,logged,1,336.31,336.3100,,
2026-09-24T07:13:37.627776+00:00,blocked,TSLAUSDT,hold,autonomous,logged,0,0.00,378.4900,,No trade signal
2026-09-24T07:13:40.8333+00:00,sell,AAPLUSDT,sell,autonomous,rejected,1,336.26,336.2600,,The order amount exceeds the balance
2026-09-24T07:13:40.833212+00:00,sell,AAPLUSDT,sell,strategy,rejected,1,336.26,336.2600,,The order amount exceeds the balance
2026-09-24T07:13:45.030999+00:00,blocked,TSLAUSDT,hold,strategy,logged,0,0.00,378.4900,,No trade signal
2026-09-24T07:13:46.259377+00:00,blocked,TSLAUSDT,hold,autonomous,logged,0,0.00,378.4900,,No trade signal
2026-09-24T07:18:33.638473+00:00,blocked,AAPLUSDT,sell,strategy,logged,1,336.35,336.3500,,
2026-09-24T07:18:38.557864+00:00,blocked,TSLAUSDT,hold,strategy,logged,0,0.00,378.6400,,No trade signal
2026-09-24T07:18:41.449535+00:00,blocked,AAPLUSDT,sell,autonomous,logged,1,336.35,336.3500,,
2026-09-24T07:18:44.351675+00:00,blocked,TSLAUSDT,hold,autonomous,logged,0,0.00,378.6400,,No trade signal
2026-09-24T07:18:47.751073+00:00,sell,AAPLUSDT,sell,strategy,rejected,1,336.35,336.3500,,The order amount exceeds the balance
2026-09-24T07:18:49.936843+00:00,blocked,TSLAUSDT,hold,strategy,logged,0,0.00,378.6400,,No trade signal
2026-09-24T07:18:49.956201+00:00,sell,AAPLUSDT,sell,autonomous,rejected,1,336.35,336.3500,,The order amount exceeds the balance
2026-09-24T07:18:52.967342+00:00,blocked,TSLAUSDT,hold,autonomous,logged,0,0.00,378.6400,,No trade signal
2026-09-24T07:23:41.449691+00:00,blocked,AAPLUSDT,sell,strategy,logged,1,336.40,336.4000,,
2026-09-24T07:23:45.564822+00:00,blocked,TSLAUSDT,hold,strategy,logged,0,0.00,378.6600,,No trade signal
2026-09-24T07:23:48.439933+00:00,blocked,AAPLUSDT,sell,autonomous,logged,1,336.40,336.4000,,
2026-09-24T07:23:51.516415+00:00,blocked,TSLAUSDT,hold,autonomous,logged,0,0.00,378.6600,,No trade signal
2026-09-24T07:23:51.944435+00:00,sell,AAPLUSDT,sell,strategy,rejected,1,336.35,336.3500,,The order amount exceeds the balance
2026-09-24T07:23:54.623941+00:00,sell,AAPLUSDT,sell,autonomous,rejected,1,336.35,336.3500,,The order amount exceeds the balance
2026-09-24T07:23:56.053062+00:00,blocked,TSLAUSDT,hold,strategy,logged,0,0.00,378.6600,,No trade signal
2026-09-24T07:23:58.654686+00:00,blocked,TSLAUSDT,hold,autonomous,logged,0,0.00,378.6600,,No trade signal
2026-09-24T07:28:48.44204+00:00,blocked,AAPLUSDT,sell,strategy,logged,1,336.32,336.3200,,
2026-09-24T07:28:51.868652+00:00,blocked,TSLAUSDT,hold,strategy,logged,0,0.00,378.9900,,No trade signal
2026-09-24T07:28:54.633494+00:00,blocked,AAPLUSDT,sell,autonomous,logged,1,336.32,336.3200,,
2026-09-24T07:28:57.852762+00:00,blocked,TSLAUSDT,hold,autonomous,logged,0,0.00,378.9900,,No trade signal
2026-09-24T07:28:57.921145+00:00,sell,AAPLUSDT,sell,strategy,rejected,1,336.32,336.3200,,The order amount exceeds the balance
2026-09-24T07:29:00.653009+00:00,sell,AAPLUSDT,sell,autonomous,rejected,1,336.32,336.3200,,The order amount exceeds the balance
2026-09-24T07:29:02.331711+00:00,blocked,TSLAUSDT,hold,strategy,logged,0,0.00,379.0400,,No trade signal
2026-09-24T07:29:03.453163+00:00,blocked,TSLAUSDT,hold,autonomous,logged,0,0.00,379.0400,,No trade signal
2026-09-24T07:33:54.636897+00:00,blocked,AAPLUSDT,sell,strategy,logged,1,336.52,336.5200,,
2026-09-24T07:33:59.768168+00:00,blocked,TSLAUSDT,hold,strategy,logged,0,0.00,380.2600,,No trade signal
2026-09-24T07:34:03.432007+00:00,blocked,AAPLUSDT,sell,autonomous,logged,1,336.52,336.5200,,
2026-09-24T07:34:06.675882+00:00,blocked,TSLAUSDT,hold,autonomous,logged,0,0.00,380.4500,,No trade signal
2026-09-24T07:34:06.738428+00:00,sell,AAPLUSDT,sell,autonomous,rejected,1,336.45,336.4500,,The order amount exceeds the balance
2026-09-24T07:34:06.738237+00:00,sell,AAPLUSDT,sell,strategy,rejected,1,336.52,336.5200,,The order amount exceeds the balance
2026-09-24T07:34:12.42915+00:00,blocked,TSLAUSDT,hold,autonomous,logged,0,0.00,380.4700,,No trade signal
2026-09-24T07:34:13.857854+00:00,blocked,TSLAUSDT,hold,strategy,logged,0,0.00,380.6200,,No trade signal
2026-09-24T07:39:03.431562+00:00,blocked,AAPLUSDT,sell,strategy,logged,1,336.51,336.5100,,
2026-09-24T07:39:07.959183+00:00,blocked,TSLAUSDT,hold,strategy,logged,0,0.00,380.9600,,No trade signal
2026-09-24T07:39:10.76224+00:00,blocked,AAPLUSDT,sell,autonomous,logged,1,336.51,336.5100,,
2026-09-24T07:39:14.027279+00:00,blocked,TSLAUSDT,hold,autonomous,logged,0,0.00,380.9600,,No trade signal
2026-09-24T07:39:17.130894+00:00,sell,AAPLUSDT,sell,autonomous,rejected,1,336.51,336.5100,,The order amount exceeds the balance
2026-09-24T07:39:19.059742+00:00,sell,AAPLUSDT,sell,strategy,rejected,1,336.51,336.5100,,The order amount exceeds the balance
2026-09-24T07:39:19.059283+00:00,blocked,TSLAUSDT,hold,autonomous,logged,0,0.00,380.9600,,No trade signal
2026-09-24T07:39:21.947891+00:00,blocked,TSLAUSDT,hold,strategy,logged,0,0.00,380.9600,,No trade signal
2026-09-24T07:44:10.761873+00:00,blocked,AAPLUSDT,sell,strategy,logged,1,336.50,336.5000,,
2026-09-24T07:44:14.680276+00:00,blocked,TSLAUSDT,hold,strategy,logged,0,0.00,380.6000,,No trade signal
2026-09-24T07:44:18.17128+00:00,blocked,AAPLUSDT,sell,autonomous,logged,1,336.50,336.5000,,
2026-09-24T07:44:21.350169+00:00,blocked,TSLAUSDT,hold,autonomous,logged,0,0.00,380.6600,,No trade signal
2026-09-24T07:44:21.44251+00:00,sell,AAPLUSDT,sell,autonomous,rejected,1,336.50,336.5000,,The order amount exceeds the balance
2026-09-24T07:44:24.749178+00:00,sell,AAPLUSDT,sell,strategy,rejected,1,336.50,336.5000,,The order amount exceeds the balance
2026-09-24T07:44:26.353844+00:00,blocked,TSLAUSDT,hold,autonomous,logged,0,0.00,380.6200,,No trade signal
2026-09-24T07:44:27.864514+00:00,blocked,TSLAUSDT,hold,strategy,logged,0,0.00,380.6200,,No trade signal
2026-09-24T07:49:18.170148+00:00,blocked,AAPLUSDT,sell,strategy,logged,1,336.44,336.4400,,
2026-09-24T07:49:22.179448+00:00,blocked,TSLAUSDT,hold,strategy,logged,0,0.00,379.6900,,No trade signal
2026-09-24T07:49:25.04138+00:00,blocked,AAPLUSDT,sell,autonomous,logged,1,336.44,336.4400,,
2026-09-24T07:49:28.255604+00:00,blocked,TSLAUSDT,hold,autonomous,logged,0,0.00,379.6900,,No trade signal
2026-09-24T07:49:31.237526+00:00,sell,AAPLUSDT,sell,strategy,rejected,1,336.44,336.4400,,The order amount exceeds the balance
2026-09-24T07:49:31.237419+00:00,sell,AAPLUSDT,sell,autonomous,rejected,1,336.44,336.4400,,The order amount exceeds the balance
2026-09-24T07:49:33.351092+00:00,blocked,TSLAUSDT,hold,autonomous,logged,0,0.00,379.6900,,No trade signal
2026-09-24T07:49:34.353933+00:00,blocked,TSLAUSDT,hold,strategy,logged,0,0.00,379.6900,,No trade signal
2026-09-24T15:25:47.144792+00:00,blocked,AAPLUSDT,hold,strategy,logged,0,0.00,336.4600,,No trade signal
2026-09-24T15:25:47.146799+00:00,blocked,AAPLUSDT,hold,autonomous,logged,0,0.00,336.4600,,No trade signal
2026-09-24T15:25:47.146072+00:00,blocked,AAPLUSDT,hold,strategy,logged,0,0.00,336.4600,,No trade signal
2026-09-24T15:25:47.148195+00:00,blocked,AAPLUSDT,hold,autonomous,logged,0,0.00,336.4600,,No trade signal
2026-09-24T15:25:51.728573+00:00,blocked,TSLAUSDT,sell,strategy,logged,1,377.17,377.1700,,
2026-09-24T15:25:53.494328+00:00,sell,TSLAUSDT,sell,strategy,rejected,1,377.10,377.1000,,The order amount exceeds the balance
2026-09-24T15:25:54.801975+00:00,sell,TSLAUSDT,sell,autonomous,rejected,1,377.08,377.0800,,The order amount exceeds the balance
2026-09-24T15:25:57.46202+00:00,blocked,TSLAUSDT,sell,autonomous,logged,1,377.08,377.0800,,
2026-09-24T15:30:59.883891+00:00,blocked,AAPLUSDT,hold,strategy,logged,0,0.00,336.5100,,No trade signal
2026-09-24T15:31:03.977723+00:00,blocked,TSLAUSDT,sell,strategy,logged,1,376.77,376.7700,,
2026-09-24T15:31:04.055089+00:00,blocked,AAPLUSDT,hold,autonomous,logged,0,0.00,336.5100,,No trade signal
2026-09-24T15:31:05.051781+00:00,blocked,AAPLUSDT,hold,strategy,logged,0,0.00,336.5100,,No trade signal
2026-09-24T15:31:10.67547+00:00,blocked,TSLAUSDT,sell,autonomous,logged,1,376.77,376.7700,,
2026-09-24T15:31:10.676751+00:00,blocked,AAPLUSDT,hold,autonomous,logged,0,0.00,336.5100,,No trade signal
2026-09-24T15:31:15.802523+00:00,sell,TSLAUSDT,sell,strategy,rejected,1,376.77,376.7700,,The order amount exceeds the balance
2026-09-24T15:31:20.312329+00:00,sell,TSLAUSDT,sell,autonomous,rejected,1,376.77,376.7700,,The order amount exceeds the balance
2026-09-24T15:36:14.483535+00:00,blocked,AAPLUSDT,hold,strategy,logged,0,0.00,336.3600,,No trade signal
2026-09-24T15:36:18.902092+00:00,blocked,TSLAUSDT,hold,strategy,logged,0,0.00,377.0200,,No trade signal
2026-09-24T15:36:18.903292+00:00,blocked,AAPLUSDT,hold,autonomous,logged,0,0.00,336.3600,,No trade signal
2026-09-24T15:36:22.701325+00:00,blocked,TSLAUSDT,hold,autonomous,logged,0,0.00,377.0200,,No trade signal
2026-09-24T15:36:26.328594+00:00,blocked,AAPLUSDT,hold,autonomous,logged,0,0.00,336.3600,,No trade signal
2026-09-24T15:36:26.328495+00:00,blocked,AAPLUSDT,hold,strategy,logged,0,0.00,336.3600,,No trade signal
2026-09-24T15:36:31.502753+00:00,blocked,TSLAUSDT,hold,strategy,logged,0,0.00,376.9800,,No trade signal
2026-09-24T15:36:32.89112+00:00,blocked,TSLAUSDT,hold,autonomous,logged,0,0.00,376.9800,,No trade signal
2026-09-24T15:41:26.329262+00:00,blocked,AAPLUSDT,hold,strategy,logged,0,0.00,336.3200,,No trade signal
2026-09-24T15:41:30.192539+00:00,blocked,TSLAUSDT,sell,strategy,logged,1,376.92,376.9200,,
2026-09-24T15:41:30.247918+00:00,blocked,AAPLUSDT,hold,autonomous,logged,0,0.00,336.3200,,No trade signal
2026-09-24T15:41:36.511716+00:00,blocked,TSLAUSDT,sell,autonomous,logged,1,376.85,376.8500,,
2026-09-24T15:41:36.512126+00:00,blocked,AAPLUSDT,hold,autonomous,logged,0,0.00,336.3200,,No trade signal
2026-09-24T15:41:36.512064+00:00,blocked,AAPLUSDT,hold,strategy,logged,0,0.00,336.3200,,No trade signal
2026-09-24T15:41:38.679812+00:00,sell,TSLAUSDT,sell,strategy,rejected,1,376.85,376.8500,,The order amount exceeds the balance
2026-09-24T15:41:40.092087+00:00,sell,TSLAUSDT,sell,autonomous,rejected,1,376.85,376.8500,,The order amount exceeds the balance
2026-09-24T15:46:33.836569+00:00,blocked,AAPLUSDT,hold,strategy,logged,0,0.00,336.4600,,No trade signal
2026-09-24T15:46:37.679873+00:00,blocked,TSLAUSDT,sell,strategy,logged,1,376.91,376.9100,,
2026-09-24T15:46:43.308516+00:00,blocked,AAPLUSDT,hold,autonomous,logged,0,0.00,336.4600,,No trade signal
2026-09-24T15:46:47.283817+00:00,blocked,TSLAUSDT,sell,autonomous,logged,1,376.91,376.9100,,
2026-09-24T15:46:47.284969+00:00,blocked,AAPLUSDT,hold,autonomous,logged,0,0.00,336.4600,,No trade signal
2026-09-24T15:46:47.284875+00:00,blocked,AAPLUSDT,hold,strategy,logged,0,0.00,336.4600,,No trade signal
2026-09-24T16:44:32.261476+00:00,blocked,AAPLUSDT,hold,strategy,logged,0,0.00,338.3700,,No trade signal
2026-09-24T16:44:32.262913+00:00,blocked,AAPLUSDT,hold,strategy,logged,0,0.00,338.3700,,No trade signal
2026-09-24T16:44:32.264209+00:00,blocked,AAPLUSDT,hold,autonomous,logged,0,0.00,338.3700,,No trade signal
2026-09-24T16:44:32.265351+00:00,blocked,AAPLUSDT,hold,autonomous,logged,0,0.00,338.3800,,No trade signal
2026-09-24T16:44:37.19415+00:00,blocked,TSLAUSDT,hold,autonomous,logged,0,0.00,381.4400,,No trade signal
2026-09-24T16:44:38.509741+00:00,blocked,TSLAUSDT,hold,autonomous,logged,0,0.00,381.4400,,No trade signal
2026-09-24T16:44:41.378674+00:00,blocked,TSLAUSDT,hold,strategy,logged,0,0.00,381.5300,,No trade signal
2026-09-24T16:44:42.612661+00:00,blocked,TSLAUSDT,hold,strategy,logged,0,0.00,381.5300,,No trade signal
2026-09-24T16:49:46.008198+00:00,blocked,AAPLUSDT,hold,autonomous,logged,0,0.00,338.6200,,No trade signal
2026-09-24T16:49:49.494533+00:00,blocked,TSLAUSDT,hold,autonomous,logged,0,0.00,382.5100,,No trade signal
2026-09-24T16:49:49.546882+00:00,blocked,AAPLUSDT,hold,autonomous,logged,0,0.00,338.6200,,No trade signal
2026-09-24T16:49:52.705947+00:00,blocked,AAPLUSDT,hold,strategy,logged,0,0.00,338.6200,,No trade signal
2026-09-24T16:49:52.70606+00:00,blocked,AAPLUSDT,hold,strategy,logged,0,0.00,338.6200,,No trade signal
2026-09-24T16:49:54.006398+00:00,blocked,TSLAUSDT,hold,autonomous,logged,0,0.00,382.5100,,No trade signal
2026-09-24T16:49:56.902103+00:00,blocked,TSLAUSDT,hold,strategy,logged,0,0.00,382.7000,,No trade signal
2026-09-24T16:49:58.076723+00:00,blocked,TSLAUSDT,hold,strategy,logged,0,0.00,382.7800,,No trade signal
2026-09-24T16:54:52.70642+00:00,blocked,AAPLUSDT,hold,autonomous,logged,0,0.00,338.4500,,No trade signal
2026-09-24T16:54:56.90678+00:00,blocked,TSLAUSDT,hold,autonomous,logged,0,0.00,382.0300,,No trade signal
2026-09-24T16:54:59.80096+00:00,blocked,AAPLUSDT,hold,autonomous,logged,0,0.00,338.4500,,No trade signal
2026-09-24T16:55:02.010202+00:00,blocked,TSLAUSDT,hold,autonomous,logged,0,0.00,382.0300,,No trade signal
2026-09-24T16:55:02.516989+00:00,blocked,AAPLUSDT,hold,strategy,logged,0,0.00,338.4500,,No trade signal
2026-09-24T16:55:03.950318+00:00,blocked,AAPLUSDT,hold,strategy,logged,0,0.00,338.4500,,No trade signal
2026-09-24T16:55:07.147556+00:00,blocked,TSLAUSDT,hold,strategy,logged,0,0.00,382.0300,,No trade signal
2026-09-24T16:55:08.314641+00:00,blocked,TSLAUSDT,hold,strategy,logged,0,0.00,382.0300,,No trade signal
2026-09-24T16:59:59.801165+00:00,blocked,AAPLUSDT,hold,autonomous,logged,0,0.00,338.6800,,No trade signal
2026-09-24T17:00:07.320673+00:00,blocked,TSLAUSDT,hold,autonomous,logged,0,0.00,382.3600,,No trade signal
2026-09-24T17:00:07.321853+00:00,blocked,AAPLUSDT,hold,autonomous,logged,0,0.00,338.6700,,No trade signal
2026-09-24T17:00:14.24991+00:00,blocked,AAPLUSDT,hold,strategy,logged,0,0.00,338.6000,,No trade signal
2026-09-24T17:00:14.249827+00:00,blocked,AAPLUSDT,hold,strategy,logged,0,0.00,338.6000,,No trade signal
2026-09-24T17:00:15.69557+00:00,blocked,TSLAUSDT,hold,autonomous,logged,0,0.00,382.2400,,No trade signal
2026-09-24T17:00:18.701062+00:00,blocked,TSLAUSDT,hold,strategy,logged,0,0.00,382.2400,,No trade signal
2026-09-24T17:00:20.38755+00:00,blocked,TSLAUSDT,hold,strategy,logged,0,0.00,382.2400,,No trade signal
2026-09-24T17:05:14.249542+00:00,blocked,AAPLUSDT,hold,autonomous,logged,0,0.00,338.5500,,No trade signal
2026-09-24T17:05:18.128823+00:00,buy,TSLAUSDT,buy,autonomous,rejected,1,382.79,382.7900,,Parameter TSLAUSDT does not exist
2026-09-24T17:05:22.720989+00:00,blocked,AAPLUSDT,hold,autonomous,logged,0,0.00,338.5500,,No trade signal
2026-09-24T17:05:26.099706+00:00,buy,TSLAUSDT,buy,autonomous,rejected,1,382.86,382.8600,,The order amount exceeds the balance
2026-09-24T17:05:26.521736+00:00,blocked,AAPLUSDT,hold,strategy,logged,0,0.00,338.5700,,No trade signal
2026-09-24T17:05:29.775593+00:00,buy,TSLAUSDT,buy,strategy,rejected,1,382.68,382.6800,,Parameter TSLAUSDT does not exist
2026-09-24T17:05:29.776799+00:00,blocked,AAPLUSDT,hold,strategy,logged,0,0.00,338.4300,,No trade signal
2026-09-24T17:05:32.167022+00:00,buy,TSLAUSDT,buy,strategy,rejected,1,382.68,382.6800,,The order amount exceeds the balance
2026-09-24T17:10:24.675624+00:00,blocked,AAPLUSDT,hold,autonomous,logged,0,0.00,338.1900,,No trade signal
2026-09-24T17:10:32.295848+00:00,blocked,AAPLUSDT,hold,autonomous,logged,0,0.00,338.1900,,No trade signal
2026-09-24T17:10:32.295166+00:00,blocked,TSLAUSDT,hold,autonomous,logged,0,0.00,381.7400,,No trade signal
2026-09-24T17:10:36.920184+00:00,blocked,AAPLUSDT,hold,strategy,logged,0,0.00,338.1900,,No trade signal
2026-09-24T17:10:38.153691+00:00,blocked,TSLAUSDT,hold,autonomous,logged,0,0.00,381.7100,,No trade signal
2026-09-24T17:10:38.154793+00:00,blocked,AAPLUSDT,hold,strategy,logged,0,0.00,338.1900,,No trade signal
2026-09-24T17:10:41.220047+00:00,blocked,TSLAUSDT,hold,strategy,logged,0,0.00,381.7100,,No trade signal
2026-09-24T17:10:44.812975+00:00,blocked,TSLAUSDT,hold,strategy,logged,0,0.00,381.5400,,No trade signal
2026-09-24T17:15:36.920287+00:00,blocked,AAPLUSDT,hold,autonomous,logged,0,0.00,338.5400,,No trade signal
2026-09-24T17:15:41.530324+00:00,blocked,TSLAUSDT,hold,autonomous,logged,0,0.00,382.1300,,No trade signal
2026-09-24T17:15:44.836222+00:00,blocked,AAPLUSDT,hold,autonomous,logged,0,0.00,338.5400,,No trade signal
2026-09-24T17:15:46.66647+00:00,blocked,TSLAUSDT,hold,autonomous,logged,0,0.00,382.1300,,No trade signal
2026-09-24T17:15:48.394136+00:00,blocked,AAPLUSDT,hold,strategy,logged,0,0.00,338.5400,,No trade signal
2026-09-24T17:15:51.625885+00:00,blocked,TSLAUSDT,hold,strategy,logged,0,0.00,382.1300,,No trade signal
2026-09-24T17:15:51.626966+00:00,blocked,AAPLUSDT,hold,strategy,logged,0,0.00,338.5600,,No trade signal
2026-09-24T17:15:53.427644+00:00,blocked,TSLAUSDT,hold,strategy,logged,0,0.00,382.1300,,No trade signal
2026-09-24T17:20:44.835966+00:00,blocked,AAPLUSDT,hold,autonomous,logged,0,0.00,338.3400,,No trade signal
2026-09-24T17:20:49.132394+00:00,blocked,TSLAUSDT,hold,autonomous,logged,0,0.00,381.8300,,No trade signal
2026-09-24T17:20:49.133336+00:00,blocked,AAPLUSDT,hold,autonomous,logged,0,0.00,338.3400,,No trade signal
2026-09-24T17:20:53.87444+00:00,blocked,TSLAUSDT,hold,autonomous,logged,0,0.00,381.8300,,No trade signal
2026-09-24T17:20:56.553281+00:00,blocked,AAPLUSDT,hold,strategy,logged,0,0.00,338.3400,,No trade signal
2026-09-24T17:21:00.061965+00:00,blocked,TSLAUSDT,hold,strategy,logged,0,0.00,381.8300,,No trade signal
2026-09-24T17:21:00.125296+00:00,blocked,AAPLUSDT,hold,strategy,logged,0,0.00,338.3200,,No trade signal
2026-09-24T17:21:04.904418+00:00,blocked,TSLAUSDT,hold,strategy,logged,0,0.00,381.8900,,No trade signal
2026-09-24T17:25:52.780733+00:00,blocked,AAPLUSDT,hold,autonomous,logged,0,0.00,338.0400,,No trade signal
2026-09-24T17:25:58.298796+00:00,blocked,AAPLUSDT,hold,autonomous,logged,0,0.00,338.0400,,No trade signal
2026-09-24T17:25:58.29838+00:00,blocked,TSLAUSDT,hold,autonomous,logged,0,0.00,381.1800,,No trade signal
2026-09-24T17:26:00.40899+00:00,blocked,TSLAUSDT,hold,autonomous,logged,0,0.00,381.1800,,No trade signal
2026-09-24T17:26:04.986518+00:00,blocked,AAPLUSDT,hold,strategy,logged,0,0.00,338.0700,,No trade signal
2026-09-24T17:26:08.744332+00:00,blocked,TSLAUSDT,hold,strategy,logged,0,0.00,381.1800,,No trade signal
2026-09-24T17:26:08.745755+00:00,blocked,AAPLUSDT,hold,strategy,logged,0,0.00,338.0700,,No trade signal
2026-09-24T17:26:15.196541+00:00,blocked,TSLAUSDT,hold,strategy,logged,0,0.00,381.0000,,No trade signal
2026-09-24T17:31:04.985519+00:00,blocked,AAPLUSDT,hold,autonomous,logged,0,0.00,338.5300,,No trade signal
2026-09-24T17:31:08.995713+00:00,blocked,TSLAUSDT,hold,autonomous,logged,0,0.00,380.9800,,No trade signal
2026-09-24T17:31:09.096109+00:00,blocked,AAPLUSDT,hold,autonomous,logged,0,0.00,338.5300,,No trade signal
2026-09-24T17:31:13.383194+00:00,blocked,TSLAUSDT,hold,autonomous,logged,0,0.00,380.9800,,No trade signal
2026-09-24T17:31:15.101657+00:00,blocked,AAPLUSDT,hold,strategy,logged,0,0.00,338.5300,,No trade signal
2026-09-24T17:31:19.019399+00:00,blocked,TSLAUSDT,hold,strategy,logged,0,0.00,380.9100,,No trade signal
2026-09-24T17:31:19.020505+00:00,blocked,AAPLUSDT,hold,strategy,logged,0,0.00,338.5300,,No trade signal
2026-09-24T17:31:27.873381+00:00,blocked,TSLAUSDT,hold,strategy,logged,0,0.00,380.9600,,No trade signal
2026-09-24T17:32:08.918925+00:00,blocked,AAPLUSDT,hold,strategy,logged,0,0.00,338.2200,,No trade signal
2026-09-24T17:32:08.92044+00:00,blocked,AAPLUSDT,hold,strategy,logged,0,0.00,338.2200,,No trade signal
2026-09-24T17:32:08.922375+00:00,blocked,AAPLUSDT,hold,autonomous,logged,0,0.00,338.2200,,No trade signal
2026-09-24T17:32:08.923605+00:00,blocked,AAPLUSDT,hold,autonomous,logged,0,0.00,338.2200,,No trade signal
2026-09-24T17:32:11.519786+00:00,blocked,TSLAUSDT,hold,strategy,logged,0,0.00,381.0800,,No trade signal
2026-09-24T17:32:12.90438+00:00,blocked,TSLAUSDT,hold,autonomous,logged,0,0.00,381.0500,,No trade signal
2026-09-24T17:32:17.567306+00:00,blocked,TSLAUSDT,hold,strategy,logged,0,0.00,381.1300,,No trade signal
2026-09-24T17:32:21.839038+00:00,blocked,TSLAUSDT,hold,autonomous,logged,0,0.00,381.2000,,No trade signal
2026-09-24T17:37:23.306603+00:00,blocked,AAPLUSDT,hold,strategy,logged,0,0.00,337.6200,,No trade signal
2026-09-24T17:37:24.502335+00:00,blocked,AAPLUSDT,hold,autonomous,logged,0,0.00,337.6200,,No trade signal
2026-09-24T17:37:27.707608+00:00,blocked,AAPLUSDT,hold,strategy,logged,0,0.00,337.6200,,No trade signal
2026-09-24T17:37:31.001776+00:00,blocked,AAPLUSDT,hold,autonomous,logged,0,0.00,337.6200,,No trade signal
2026-09-24T17:38:01.698761+00:00,blocked,TSLAUSDT,hold,strategy,logged,0,0.00,380.6000,,No trade signal
2026-09-24T17:38:11.600146+00:00,blocked,TSLAUSDT,hold,autonomous,logged,0,0.00,380.5700,,No trade signal
2026-09-24T17:38:22.901002+00:00,blocked,TSLAUSDT,hold,strategy,logged,0,0.00,380.5700,,No trade signal
2026-09-24T17:38:25.894008+00:00,blocked,TSLAUSDT,hold,autonomous,logged,0,0.00,380.5900,,No trade signal
2026-09-24T17:43:27.703313+00:00,blocked,AAPLUSDT,hold,strategy,logged,0,0.00,337.2400,,No trade signal
2026-09-24T17:43:29.301262+00:00,blocked,AAPLUSDT,hold,autonomous,logged,0,0.00,337.2400,,No trade signal
2026-09-24T17:43:33.09993+00:00,blocked,AAPLUSDT,hold,strategy,logged,0,0.00,337.2400,,No trade signal
2026-09-24T17:43:35.20814+00:00,blocked,AAPLUSDT,hold,autonomous,logged,0,0.00,337.2200,,No trade signal
2026-09-24T17:43:57.404452+00:00,blocked,TSLAUSDT,hold,strategy,logged,0,0.00,380.6500,,No trade signal
2026-09-24T17:44:19.401032+00:00,blocked,TSLAUSDT,hold,strategy,logged,0,0.00,380.7200,,No trade signal
2026-09-24T17:44:23.131502+00:00,blocked,TSLAUSDT,hold,autonomous,logged,0,0.00,380.7200,,No trade signal
2026-09-24T17:44:26.23882+00:00,blocked,TSLAUSDT,hold,autonomous,logged,0,0.00,380.7700,,No trade signal
2026-09-24T17:49:27.999295+00:00,blocked,AAPLUSDT,hold,strategy,logged,0,0.00,337.1200,,No trade signal
2026-09-24T17:49:31.099674+00:00,blocked,TSLAUSDT,hold,strategy,logged,0,0.00,380.8100,,No trade signal
2026-09-24T17:49:31.100912+00:00,blocked,AAPLUSDT,hold,strategy,logged,0,0.00,337.1200,,No trade signal
2026-09-24T17:49:32.300788+00:00,blocked,AAPLUSDT,hold,autonomous,logged,0,0.00,337.1200,,No trade signal
2026-09-24T17:49:38.358243+00:00,blocked,TSLAUSDT,hold,strategy,logged,0,0.00,380.7900,,No trade signal
2026-09-24T17:49:39.537031+00:00,blocked,TSLAUSDT,hold,autonomous,logged,0,0.00,380.8700,,No trade signal
2026-09-24T17:49:39.539346+00:00,blocked,AAPLUSDT,hold,autonomous,logged,0,0.00,337.1200,,No trade signal
2026-09-24T17:49:45.534327+00:00,blocked,TSLAUSDT,hold,autonomous,logged,0,0.00,380.8200,,No trade signal
2026-09-24T17:54:35.102115+00:00,blocked,AAPLUSDT,hold,strategy,logged,0,0.00,337.3400,,No trade signal
2026-09-24T17:54:42.405398+00:00,blocked,AAPLUSDT,hold,strategy,logged,0,0.00,337.3400,,No trade signal
2026-09-24T17:54:47.302912+00:00,blocked,AAPLUSDT,hold,autonomous,logged,0,0.00,337.3400,,No trade signal
2026-09-24T17:54:50.612514+00:00,blocked,AAPLUSDT,hold,autonomous,logged,0,0.00,337.3400,,No trade signal
2026-09-24T17:55:18.902396+00:00,blocked,TSLAUSDT,hold,strategy,logged,0,0.00,379.7200,,No trade signal
2026-09-24T17:55:38.40136+00:00,blocked,TSLAUSDT,hold,strategy,logged,0,0.00,379.7200,,No trade signal
2026-09-24T17:55:43.967541+00:00,blocked,TSLAUSDT,hold,autonomous,logged,0,0.00,379.7200,,No trade signal
2026-09-24T17:55:45.242823+00:00,blocked,TSLAUSDT,hold,autonomous,logged,0,0.00,379.7200,,No trade signal
2026-09-24T18:00:46.906654+00:00,blocked,AAPLUSDT,hold,strategy,logged,0,0.00,337.4500,,No trade signal
2026-09-24T18:00:51.186736+00:00,blocked,TSLAUSDT,hold,strategy,logged,0,0.00,379.9800,,No trade signal
2026-09-24T18:00:51.18767+00:00,blocked,AAPLUSDT,hold,strategy,logged,0,0.00,337.4500,,No trade signal
2026-09-24T18:00:53.00156+00:00,blocked,AAPLUSDT,hold,autonomous,logged,0,0.00,337.4500,,No trade signal
2026-09-24T18:00:54.500808+00:00,blocked,AAPLUSDT,hold,autonomous,logged,0,0.00,337.4500,,No trade signal
2026-09-24T18:01:08.783186+00:00,blocked,TSLAUSDT,hold,strategy,logged,0,0.00,379.7600,,No trade signal
2026-09-24T18:01:12.05443+00:00,blocked,TSLAUSDT,hold,autonomous,logged,0,0.00,379.4800,,No trade signal
2026-09-24T18:01:13.838129+00:00,blocked,TSLAUSDT,hold,autonomous,logged,0,0.00,379.4800,,No trade signal
2026-09-24T18:06:02.099873+00:00,blocked,AAPLUSDT,hold,strategy,logged,0,0.00,337.2200,,No trade signal
2026-09-24T18:06:37.206531+00:00,blocked,TSLAUSDT,hold,strategy,logged,0,0.00,379.1700,,No trade signal
2026-09-24T18:06:37.209129+00:00,blocked,AAPLUSDT,hold,autonomous,logged,0,0.00,337.4000,,No trade signal
2026-09-24T18:06:37.209055+00:00,blocked,AAPLUSDT,hold,strategy,logged,0,0.00,337.4000,,No trade signal
2026-09-24T18:06:37.299073+00:00,blocked,AAPLUSDT,hold,autonomous,logged,0,0.00,337.4000,,No trade signal
2026-09-24T18:07:27.803164+00:00,blocked,TSLAUSDT,hold,autonomous,logged,0,0.00,379.2200,,No trade signal
2026-09-24T18:07:42.204416+00:00,blocked,TSLAUSDT,hold,strategy,logged,0,0.00,379.3100,,No trade signal
2026-09-24T18:07:43.624006+00:00,blocked,TSLAUSDT,hold,autonomous,logged,0,0.00,379.3100,,No trade signal
2026-09-24T18:12:36.808529+00:00,blocked,AAPLUSDT,hold,strategy,logged,0,0.00,337.3700,,No trade signal
2026-09-24T18:12:38.545873+00:00,blocked,TSLAUSDT,hold,strategy,logged,0,0.00,379.1100,,No trade signal
2026-09-24T18:12:47.290999+00:00,blocked,AAPLUSDT,hold,autonomous,logged,0,0.00,337.3700,,No trade signal
2026-09-24T18:12:50.536284+00:00,blocked,TSLAUSDT,hold,autonomous,logged,0,0.00,379.1100,,No trade signal
2026-09-24T18:12:50.53741+00:00,blocked,AAPLUSDT,hold,strategy,logged,0,0.00,337.3700,,No trade signal
2026-09-24T18:12:50.738045+00:00,blocked,AAPLUSDT,hold,autonomous,logged,0,0.00,337.3700,,No trade signal
2026-09-24T18:12:57.343374+00:00,blocked,TSLAUSDT,hold,strategy,logged,0,0.00,379.1000,,No trade signal
2026-09-24T18:12:58.51632+00:00,blocked,TSLAUSDT,hold,autonomous,logged,0,0.00,379.1000,,No trade signal
2026-09-24T18:17:40.14303+00:00,blocked,AAPLUSDT,hold,strategy,logged,0,0.00,337.7300,,No trade signal
2026-09-24T18:17:41.968653+00:00,blocked,TSLAUSDT,hold,strategy,logged,0,0.00,379.8500,,No trade signal
2026-09-24T18:17:54.430861+00:00,blocked,AAPLUSDT,hold,autonomous,logged,0,0.00,337.8000,,No trade signal
2026-09-24T18:17:58.532078+00:00,blocked,TSLAUSDT,hold,autonomous,logged,0,0.00,379.7500,,No trade signal
2026-09-24T18:18:02.486856+00:00,blocked,AAPLUSDT,hold,strategy,logged,0,0.00,337.7900,,No trade signal
2026-09-24T18:18:06.045275+00:00,blocked,TSLAUSDT,hold,strategy,logged,0,0.00,379.7500,,No trade signal
2026-09-24T18:18:06.046445+00:00,blocked,AAPLUSDT,hold,autonomous,logged,0,0.00,337.7900,,No trade signal
2026-09-24T18:18:14.001518+00:00,blocked,TSLAUSDT,hold,autonomous,logged,0,0.00,379.7500,,No trade signal
2026-09-24T18:22:43.589455+00:00,blocked,AAPLUSDT,hold,strategy,logged,0,0.00,337.6000,,No trade signal
2026-09-24T18:22:45.789211+00:00,blocked,TSLAUSDT,hold,strategy,logged,0,0.00,379.4500,,No trade signal
2026-09-24T18:23:02.486503+00:00,blocked,AAPLUSDT,hold,autonomous,logged,0,0.00,337.6000,,No trade signal
2026-09-24T18:23:07.171448+00:00,blocked,TSLAUSDT,hold,autonomous,logged,0,0.00,379.2500,,No trade signal
2026-09-24T18:23:17.379895+00:00,blocked,AAPLUSDT,hold,autonomous,logged,0,0.00,337.6000,,No trade signal
2026-09-24T18:23:17.379695+00:00,blocked,AAPLUSDT,hold,strategy,logged,0,0.00,337.6000,,No trade signal
2026-09-24T18:23:20.22852+00:00,blocked,TSLAUSDT,hold,autonomous,logged,0,0.00,379.3100,,No trade signal
2026-09-24T18:23:23.181999+00:00,blocked,TSLAUSDT,hold,strategy,logged,0,0.00,379.3100,,No trade signal
2026-09-24T18:27:48.295000+00:00,position_closed,AAPLUSDT,close,strategy,closed,29,9803.71,338.0590,1.48,Position closed
2026-09-24T18:27:49.755817+00:00,blocked,TSLAUSDT,hold,strategy,logged,0,0.00,380.0800,,No trade signal
2026-09-24T18:28:17.379399+00:00,blocked,AAPLUSDT,hold,autonomous,logged,0,0.00,337.8200,,No trade signal
2026-09-24T18:28:21.649095+00:00,blocked,TSLAUSDT,hold,autonomous,logged,0,0.00,380.1300,,No trade signal
2026-09-24T18:28:25.125296+00:00,blocked,AAPLUSDT,hold,autonomous,logged,0,0.00,337.8200,,No trade signal
2026-09-24T18:28:26.917391+00:00,blocked,TSLAUSDT,hold,autonomous,logged,0,0.00,380.0900,,No trade signal
2026-09-24T18:28:27.321961+00:00,blocked,AAPLUSDT,hold,strategy,logged,0,0.00,337.8200,,No trade signal
2026-09-24T18:28:31.627765+00:00,blocked,TSLAUSDT,hold,strategy,logged,0,0.00,380.0900,,No trade signal
2026-09-24T18:32:51.625571+00:00,blocked,AAPLUSDT,hold,strategy,logged,0,0.00,337.6200,,No trade signal
2026-09-24T18:32:53.88397+00:00,blocked,TSLAUSDT,hold,strategy,logged,0,0.00,380.0000,,No trade signal
2026-09-24T18:33:25.125041+00:00,blocked,AAPLUSDT,hold,autonomous,logged,0,0.00,337.6300,,No trade signal
2026-09-24T18:33:29.047093+00:00,blocked,TSLAUSDT,hold,autonomous,logged,0,0.00,379.9900,,No trade signal
2026-09-24T18:33:29.110506+00:00,blocked,AAPLUSDT,hold,autonomous,logged,0,0.00,337.7500,,No trade signal
2026-09-24T18:33:33.526163+00:00,blocked,TSLAUSDT,hold,autonomous,logged,0,0.00,379.8200,,No trade signal
2026-09-24T18:33:35.177472+00:00,blocked,AAPLUSDT,hold,strategy,logged,0,0.00,337.7500,,No trade signal
2026-09-24T18:33:38.342918+00:00,blocked,TSLAUSDT,hold,strategy,logged,0,0.00,379.8200,,No trade signal
2026-09-24T18:37:55.735871+00:00,blocked,AAPLUSDT,hold,strategy,logged,0,0.00,337.7900,,No trade signal
2026-09-24T18:37:57.587669+00:00,blocked,TSLAUSDT,hold,strategy,logged,0,0.00,379.6900,,No trade signal
2026-09-24T18:38:32.294688+00:00,blocked,AAPLUSDT,hold,autonomous,logged,0,0.00,337.7900,,No trade signal
2026-09-24T18:38:35.351438+00:00,blocked,TSLAUSDT,hold,autonomous,logged,0,0.00,379.7100,,No trade signal
2026-09-24T18:38:35.352028+00:00,blocked,AAPLUSDT,hold,autonomous,logged,0,0.00,337.7900,,No trade signal
2026-09-24T18:38:37.136261+00:00,blocked,TSLAUSDT,hold,autonomous,logged,0,0.00,379.7800,,No trade signal
2026-09-24T18:38:43.443052+00:00,blocked,AAPLUSDT,hold,strategy,logged,0,0.00,337.9300,,No trade signal
2026-09-24T18:38:46.784448+00:00,blocked,TSLAUSDT,hold,strategy,logged,0,0.00,380.0900,,No trade signal
2026-09-24T18:42:59.305783+00:00,blocked,AAPLUSDT,hold,strategy,logged,0,0.00,337.7500,,No trade signal
2026-09-24T18:43:01.779352+00:00,blocked,TSLAUSDT,hold,strategy,logged,0,0.00,379.8600,,No trade signal
2026-09-24T18:43:41.032864+00:00,blocked,AAPLUSDT,hold,autonomous,logged,0,0.00,337.6300,,No trade signal
2026-09-24T18:43:44.191127+00:00,blocked,TSLAUSDT,hold,autonomous,logged,0,0.00,379.7700,,No trade signal
2026-09-24T18:43:44.1944+00:00,blocked,AAPLUSDT,hold,autonomous,logged,0,0.00,337.6300,,No trade signal
2026-09-24T18:43:46.08507+00:00,blocked,TSLAUSDT,hold,autonomous,logged,0,0.00,379.7700,,No trade signal
2026-09-24T18:43:50.416134+00:00,blocked,AAPLUSDT,hold,strategy,logged,0,0.00,337.6300,,No trade signal
2026-09-24T18:43:53.614436+00:00,blocked,TSLAUSDT,hold,strategy,logged,0,0.00,379.7700,,No trade signal
2026-09-24T18:48:04.752921+00:00,blocked,AAPLUSDT,hold,strategy,logged,0,0.00,337.6800,,No trade signal
2026-09-24T18:48:07.561647+00:00,blocked,TSLAUSDT,hold,strategy,logged,0,0.00,379.8500,,No trade signal
2026-09-24T18:48:49.253403+00:00,blocked,AAPLUSDT,hold,autonomous,logged,0,0.00,337.6500,,No trade signal
2026-09-24T18:48:53.415673+00:00,blocked,TSLAUSDT,hold,autonomous,logged,0,0.00,379.9100,,No trade signal
2026-09-24T18:48:53.477979+00:00,blocked,AAPLUSDT,hold,autonomous,logged,0,0.00,337.6500,,No trade signal
2026-09-24T18:48:58.515474+00:00,blocked,AAPLUSDT,hold,strategy,logged,0,0.00,337.6500,,No trade signal
2026-09-24T18:48:58.51515+00:00,blocked,TSLAUSDT,hold,autonomous,logged,0,0.00,379.9100,,No trade signal
2026-09-24T18:49:02.333977+00:00,blocked,TSLAUSDT,hold,strategy,logged,0,0.00,379.8900,,No trade signal
2026-09-24T18:53:09.350499+00:00,blocked,AAPLUSDT,hold,strategy,logged,0,0.00,337.6600,,No trade signal
2026-09-24T18:53:11.12467+00:00,blocked,TSLAUSDT,hold,strategy,logged,0,0.00,380.0000,,No trade signal
2026-09-24T18:53:57.239173+00:00,blocked,AAPLUSDT,hold,autonomous,logged,0,0.00,337.5900,,No trade signal
2026-09-24T18:54:01.153783+00:00,blocked,TSLAUSDT,hold,autonomous,logged,0,0.00,380.0100,,No trade signal
2026-09-24T18:54:05.145768+00:00,blocked,AAPLUSDT,hold,autonomous,logged,0,0.00,337.5600,,No trade signal
2026-09-24T18:54:07.160011+00:00,blocked,TSLAUSDT,hold,autonomous,logged,0,0.00,379.9100,,No trade signal
2026-09-24T18:54:07.161016+00:00,blocked,AAPLUSDT,hold,strategy,logged,0,0.00,337.5600,,No trade signal
2026-09-24T18:54:13.211865+00:00,blocked,TSLAUSDT,hold,strategy,logged,0,0.00,379.9400,,No trade signal
2026-09-24T18:58:13.052799+00:00,blocked,AAPLUSDT,hold,strategy,logged,0,0.00,337.5900,,No trade signal
2026-09-24T18:58:14.80252+00:00,blocked,TSLAUSDT,hold,strategy,logged,0,0.00,380.4900,,No trade signal
2026-09-24T18:59:05.146672+00:00,blocked,AAPLUSDT,hold,autonomous,logged,0,0.00,337.5800,,No trade signal
2026-09-24T18:59:09.534241+00:00,blocked,TSLAUSDT,hold,autonomous,logged,0,0.00,380.4100,,No trade signal
2026-09-24T18:59:14.51685+00:00,blocked,AAPLUSDT,hold,autonomous,logged,0,0.00,337.5800,,No trade signal
2026-09-24T18:59:16.237771+00:00,blocked,TSLAUSDT,hold,autonomous,logged,0,0.00,380.4100,,No trade signal
2026-09-24T18:59:17.806267+00:00,blocked,AAPLUSDT,hold,strategy,logged,0,0.00,337.5800,,No trade signal
2026-09-24T18:59:21.517151+00:00,blocked,TSLAUSDT,hold,strategy,logged,0,0.00,380.4100,,No trade signal
2026-09-24T19:03:16.441437+00:00,blocked,AAPLUSDT,hold,strategy,logged,0,0.00,337.3900,,No trade signal
2026-09-24T19:03:18.749308+00:00,blocked,TSLAUSDT,hold,strategy,logged,0,0.00,379.3000,,No trade signal
2026-09-24T19:04:12.820043+00:00,blocked,AAPLUSDT,hold,autonomous,logged,0,0.00,337.3000,,No trade signal
2026-09-24T19:04:16.885757+00:00,blocked,TSLAUSDT,hold,autonomous,logged,0,0.00,379.1500,,No trade signal
2026-09-24T19:04:20.432608+00:00,blocked,AAPLUSDT,hold,autonomous,logged,0,0.00,337.3000,,No trade signal
2026-09-24T19:04:22.133127+00:00,blocked,TSLAUSDT,hold,autonomous,logged,0,0.00,379.1500,,No trade signal
2026-09-24T19:04:24.933823+00:00,blocked,AAPLUSDT,hold,strategy,logged,0,0.00,337.3000,,No trade signal
2026-09-24T19:04:28.537779+00:00,blocked,TSLAUSDT,hold,strategy,logged,0,0.00,379.1500,,No trade signal
2026-09-24T19:08:20.52205+00:00,blocked,AAPLUSDT,hold,strategy,logged,0,0.00,337.4400,,No trade signal
2026-09-24T19:08:22.559806+00:00,blocked,TSLAUSDT,hold,strategy,logged,0,0.00,379.0500,,No trade signal
2026-09-24T19:09:20.432392+00:00,blocked,AAPLUSDT,hold,autonomous,logged,0,0.00,337.4000,,No trade signal
2026-09-24T19:09:24.320789+00:00,blocked,TSLAUSDT,hold,autonomous,logged,0,0.00,378.8700,,No trade signal
2026-09-24T19:09:24.321137+00:00,blocked,AAPLUSDT,hold,autonomous,logged,0,0.00,337.4000,,No trade signal
2026-09-24T19:09:29.295529+00:00,blocked,TSLAUSDT,hold,autonomous,logged,0,0.00,378.8600,,No trade signal
2026-09-24T19:09:32.338148+00:00,blocked,AAPLUSDT,hold,strategy,logged,0,0.00,337.4000,,No trade signal
2026-09-24T19:09:35.538406+00:00,blocked,TSLAUSDT,hold,strategy,logged,0,0.00,378.8600,,No trade signal
2026-09-24T19:13:24.41726+00:00,blocked,AAPLUSDT,hold,strategy,logged,0,0.00,337.8500,,No trade signal
2026-09-24T19:13:26.770872+00:00,blocked,TSLAUSDT,hold,strategy,logged,0,0.00,378.5600,,No trade signal
2026-09-24T19:14:28.128972+00:00,blocked,AAPLUSDT,hold,autonomous,logged,0,0.00,337.7800,,No trade signal
2026-09-24T19:14:32.340628+00:00,blocked,TSLAUSDT,hold,autonomous,logged,0,0.00,378.7500,,No trade signal
2026-09-24T19:14:32.341597+00:00,blocked,AAPLUSDT,hold,autonomous,logged,0,0.00,337.7800,,No trade signal
2026-09-24T19:14:34.100055+00:00,blocked,TSLAUSDT,hold,autonomous,logged,0,0.00,378.7500,,No trade signal
2026-09-24T19:14:39.113759+00:00,blocked,AAPLUSDT,hold,strategy,logged,0,0.00,337.7800,,No trade signal
2026-09-24T19:14:42.234652+00:00,blocked,TSLAUSDT,hold,strategy,logged,0,0.00,378.6300,,No trade signal
2026-09-24T19:17:11.12769+00:00,blocked,AAPLUSDT,hold,strategy,logged,0,0.00,337.9400,,No trade signal
2026-09-24T19:17:11.128426+00:00,blocked,AAPLUSDT,hold,strategy,logged,0,0.00,337.9400,,No trade signal
2026-09-24T19:17:11.130292+00:00,blocked,AAPLUSDT,hold,autonomous,logged,0,0.00,337.9400,,No trade signal
2026-09-24T19:17:11.131358+00:00,blocked,AAPLUSDT,hold,autonomous,logged,0,0.00,337.9400,,No trade signal
2026-09-24T19:17:15.265986+00:00,blocked,TSLAUSDT,hold,autonomous,logged,0,0.00,379.3700,,No trade signal
2026-09-24T19:17:16.437583+00:00,blocked,TSLAUSDT,hold,autonomous,logged,0,0.00,379.3700,,No trade signal
2026-09-24T19:17:19.955974+00:00,blocked,TSLAUSDT,hold,strategy,logged,0,0.00,379.3700,,No trade signal
2026-09-24T19:17:21.096896+00:00,blocked,TSLAUSDT,hold,strategy,logged,0,0.00,379.3700,,No trade signal
2026-09-24T19:22:23.976678+00:00,blocked,AAPLUSDT,hold,autonomous,logged,0,0.00,338.0900,,No trade signal
2026-09-24T19:22:27.343507+00:00,blocked,AAPLUSDT,hold,autonomous,logged,0,0.00,338.0900,,No trade signal
2026-09-24T19:22:27.34317+00:00,blocked,TSLAUSDT,hold,autonomous,logged,0,0.00,379.4700,,No trade signal
2026-09-24T19:22:31.035922+00:00,blocked,AAPLUSDT,hold,strategy,logged,0,0.00,338.0900,,No trade signal
2026-09-24T19:22:31.036025+00:00,blocked,AAPLUSDT,hold,strategy,logged,0,0.00,338.0900,,No trade signal
2026-09-24T19:22:32.291742+00:00,blocked,TSLAUSDT,hold,autonomous,logged,0,0.00,379.4700,,No trade signal
2026-09-24T19:22:35.250005+00:00,blocked,TSLAUSDT,hold,strategy,logged,0,0.00,379.4700,,No trade signal
2026-09-24T19:22:36.393566+00:00,blocked,TSLAUSDT,hold,strategy,logged,0,0.00,379.4700,,No trade signal
2026-09-24T19:27:31.035102+00:00,blocked,AAPLUSDT,hold,autonomous,logged,0,0.00,337.9400,,No trade signal
2026-09-24T19:27:34.558354+00:00,blocked,TSLAUSDT,hold,autonomous,logged,0,0.00,380.0700,,No trade signal
2026-09-24T19:27:38.221409+00:00,blocked,AAPLUSDT,hold,autonomous,logged,0,0.00,337.9400,,No trade signal
2026-09-24T19:27:39.840251+00:00,blocked,TSLAUSDT,hold,autonomous,logged,0,0.00,380.0700,,No trade signal
2026-09-24T19:27:41.534342+00:00,blocked,AAPLUSDT,hold,strategy,logged,0,0.00,337.9400,,No trade signal
2026-09-24T19:27:44.226837+00:00,blocked,TSLAUSDT,hold,strategy,logged,0,0.00,380.0700,,No trade signal
2026-09-24T19:27:44.319244+00:00,blocked,AAPLUSDT,hold,strategy,logged,0,0.00,337.9400,,No trade signal
2026-09-24T19:27:48.216353+00:00,blocked,TSLAUSDT,hold,strategy,logged,0,0.00,380.0700,,No trade signal
2026-09-24T19:32:38.221079+00:00,blocked,AAPLUSDT,hold,autonomous,logged,0,0.00,337.5200,,No trade signal
2026-09-24T19:32:42.438953+00:00,blocked,AAPLUSDT,hold,autonomous,logged,0,0.00,337.5200,,No trade signal
2026-09-24T19:32:42.438425+00:00,blocked,TSLAUSDT,hold,autonomous,logged,0,0.00,379.8400,,No trade signal
2026-09-24T19:32:44.349881+00:00,blocked,TSLAUSDT,hold,autonomous,logged,0,0.00,379.8400,,No trade signal
2026-09-24T19:32:47.232687+00:00,blocked,AAPLUSDT,hold,strategy,logged,0,0.00,337.5200,,No trade signal
2026-09-24T19:32:50.834187+00:00,blocked,TSLAUSDT,hold,strategy,logged,0,0.00,379.9900,,No trade signal
2026-09-24T19:32:50.835893+00:00,blocked,AAPLUSDT,hold,strategy,logged,0,0.00,337.5200,,No trade signal
2026-09-24T19:32:54.729623+00:00,blocked,TSLAUSDT,hold,strategy,logged,0,0.00,380.0100,,No trade signal
2026-09-24T19:37:47.232703+00:00,blocked,AAPLUSDT,hold,autonomous,logged,0,0.00,337.6000,,No trade signal
2026-09-24T19:37:50.932757+00:00,blocked,TSLAUSDT,hold,autonomous,logged,0,0.00,379.7500,,No trade signal
2026-09-24T19:37:50.933227+00:00,blocked,AAPLUSDT,hold,autonomous,logged,0,0.00,337.6000,,No trade signal
2026-09-24T19:37:54.411646+00:00,blocked,AAPLUSDT,hold,strategy,logged,0,0.00,337.6000,,No trade signal
2026-09-24T19:37:55.73386+00:00,blocked,TSLAUSDT,hold,autonomous,logged,0,0.00,379.7100,,No trade signal
2026-09-24T19:37:58.022314+00:00,blocked,TSLAUSDT,hold,strategy,logged,0,0.00,379.7100,,No trade signal
2026-09-24T19:37:59.090255+00:00,blocked,AAPLUSDT,hold,strategy,logged,0,0.00,337.6000,,No trade signal
2026-09-24T19:38:03.913346+00:00,blocked,TSLAUSDT,hold,strategy,logged,0,0.00,379.7100,,No trade signal
2026-09-24T19:42:54.411174+00:00,blocked,AAPLUSDT,hold,autonomous,logged,0,0.00,337.4100,,No trade signal
2026-09-24T19:42:57.961076+00:00,blocked,TSLAUSDT,hold,autonomous,logged,0,0.00,379.8700,,No trade signal
2026-09-24T19:43:01.40962+00:00,blocked,AAPLUSDT,hold,autonomous,logged,0,0.00,337.4100,,No trade signal
2026-09-24T19:43:03.043053+00:00,blocked,TSLAUSDT,hold,autonomous,logged,0,0.00,379.8700,,No trade signal
2026-09-24T19:43:03.098374+00:00,blocked,AAPLUSDT,hold,strategy,logged,0,0.00,337.4100,,No trade signal
2026-09-24T19:43:07.883625+00:00,blocked,TSLAUSDT,hold,strategy,logged,0,0.00,379.8700,,No trade signal
2026-09-24T19:43:07.884113+00:00,blocked,AAPLUSDT,hold,strategy,logged,0,0.00,337.4100,,No trade signal
2026-09-24T19:43:09.624171+00:00,blocked,TSLAUSDT,hold,strategy,logged,0,0.00,379.8700,,No trade signal
2026-09-24T19:48:01.409297+00:00,blocked,AAPLUSDT,hold,autonomous,logged,0,0.00,337.2000,,No trade signal
2026-09-24T19:48:05.060355+00:00,blocked,TSLAUSDT,hold,autonomous,logged,0,0.00,379.8600,,No trade signal
2026-09-24T19:48:05.120755+00:00,blocked,AAPLUSDT,hold,autonomous,logged,0,0.00,337.2000,,No trade signal
2026-09-24T19:48:09.91529+00:00,blocked,TSLAUSDT,hold,autonomous,logged,0,0.00,379.8700,,No trade signal
2026-09-24T19:48:12.494565+00:00,blocked,AAPLUSDT,hold,strategy,logged,0,0.00,337.1900,,No trade signal
2026-09-24T19:48:15.933866+00:00,blocked,TSLAUSDT,hold,strategy,logged,0,0.00,379.8700,,No trade signal
2026-09-24T19:48:15.934324+00:00,blocked,AAPLUSDT,hold,strategy,logged,0,0.00,337.1900,,No trade signal
2026-09-24T19:48:17.630843+00:00,blocked,TSLAUSDT,hold,strategy,logged,0,0.00,379.8700,,No trade signal
2026-09-24T19:53:08.809065+00:00,blocked,AAPLUSDT,hold,autonomous,logged,0,0.00,337.4800,,No trade signal
2026-09-24T19:53:13.061522+00:00,blocked,TSLAUSDT,hold,autonomous,logged,0,0.00,380.3700,,No trade signal
2026-09-24T19:53:13.062633+00:00,blocked,AAPLUSDT,hold,autonomous,logged,0,0.00,337.4800,,No trade signal
2026-09-24T19:53:17.762373+00:00,blocked,TSLAUSDT,hold,autonomous,logged,0,0.00,380.2700,,No trade signal
2026-09-24T19:53:19.91308+00:00,blocked,AAPLUSDT,hold,strategy,logged,0,0.00,337.4900,,No trade signal
2026-09-24T19:55:21.798292+00:00,blocked,AAPLUSDT,hold,strategy,logged,0,0.00,336.3800,,No trade signal
2026-09-24T19:55:21.79952+00:00,blocked,AAPLUSDT,hold,strategy,logged,0,0.00,336.3800,,No trade signal
2026-09-24T19:55:21.800644+00:00,blocked,AAPLUSDT,hold,autonomous,logged,0,0.00,336.3800,,No trade signal
2026-09-24T19:55:21.801481+00:00,blocked,AAPLUSDT,hold,autonomous,logged,0,0.00,336.3800,,No trade signal
2026-09-24T19:55:24.856158+00:00,blocked,TSLAUSDT,hold,strategy,logged,0,0.00,378.9400,,No trade signal
2026-09-24T19:55:26.055842+00:00,blocked,TSLAUSDT,hold,strategy,logged,0,0.00,378.9500,,No trade signal
2026-09-24T19:55:29.324001+00:00,blocked,TSLAUSDT,hold,autonomous,logged,0,0.00,378.8700,,No trade signal
2026-09-24T19:55:30.496668+00:00,blocked,TSLAUSDT,hold,autonomous,logged,0,0.00,378.8700,,No trade signal
2026-09-24T20:00:33.609353+00:00,blocked,AAPLUSDT,hold,strategy,logged,0,0.00,336.3600,,No trade signal
2026-09-24T20:00:37.378209+00:00,blocked,TSLAUSDT,hold,strategy,logged,0,0.00,377.5500,,No trade signal
2026-09-24T20:00:37.379347+00:00,blocked,AAPLUSDT,hold,strategy,logged,0,0.00,336.3600,,No trade signal
2026-09-24T20:00:37.902071+00:00,blocked,AAPLUSDT,hold,autonomous,logged,0,0.00,336.3600,,No trade signal
2026-09-24T20:00:41.378872+00:00,blocked,AAPLUSDT,hold,autonomous,logged,0,0.00,336.3600,,No trade signal
2026-09-24T20:00:42.879461+00:00,blocked,TSLAUSDT,hold,strategy,logged,0,0.00,377.6200,,No trade signal
2026-09-24T20:00:46.757674+00:00,blocked,TSLAUSDT,hold,autonomous,logged,0,0.00,377.7200,,No trade signal
2026-09-24T20:00:48.56781+00:00,blocked,TSLAUSDT,hold,autonomous,logged,0,0.00,377.7200,,No trade signal
2026-09-24T20:05:41.37802+00:00,blocked,AAPLUSDT,hold,strategy,logged,0,0.00,336.2300,,No trade signal
2026-09-24T20:05:45.842697+00:00,blocked,TSLAUSDT,hold,strategy,logged,0,0.00,377.5400,,No trade signal
2026-09-24T20:05:50.120622+00:00,blocked,AAPLUSDT,hold,strategy,logged,0,0.00,336.2300,,No trade signal
2026-09-24T20:05:51.885611+00:00,blocked,TSLAUSDT,hold,strategy,logged,0,0.00,377.5400,,No trade signal
2026-09-24T20:05:53.623095+00:00,blocked,AAPLUSDT,hold,autonomous,logged,0,0.00,336.2300,,No trade signal
2026-09-24T20:05:56.730277+00:00,blocked,TSLAUSDT,hold,autonomous,logged,0,0.00,377.5400,,No trade signal
2026-09-24T20:05:56.731483+00:00,blocked,AAPLUSDT,hold,autonomous,logged,0,0.00,336.2300,,No trade signal
2026-09-24T20:06:02.24242+00:00,blocked,TSLAUSDT,hold,autonomous,logged,0,0.00,377.4800,,No trade signal
2026-09-24T20:10:49.010754+00:00,blocked,AAPLUSDT,hold,strategy,logged,0,0.00,336.0800,,No trade signal
2026-09-24T20:10:52.47097+00:00,blocked,TSLAUSDT,hold,strategy,logged,0,0.00,377.6300,,No trade signal
2026-09-24T20:10:56.219447+00:00,blocked,AAPLUSDT,hold,strategy,logged,0,0.00,336.0800,,No trade signal
2026-09-24T20:10:57.816099+00:00,blocked,TSLAUSDT,hold,strategy,logged,0,0.00,377.6300,,No trade signal
2026-09-24T20:11:00.931334+00:00,blocked,AAPLUSDT,hold,autonomous,logged,0,0.00,336.0800,,No trade signal
2026-09-24T20:11:04.556439+00:00,blocked,TSLAUSDT,hold,autonomous,logged,0,0.00,377.6300,,No trade signal
2026-09-24T20:11:04.653718+00:00,blocked,AAPLUSDT,hold,autonomous,logged,0,0.00,336.0800,,No trade signal
2026-09-24T20:11:09.344014+00:00,blocked,TSLAUSDT,hold,autonomous,logged,0,0.00,377.6300,,No trade signal
2026-09-24T20:15:56.2203+00:00,blocked,AAPLUSDT,hold,strategy,logged,0,0.00,335.9000,,No trade signal
2026-09-24T20:16:01.086904+00:00,blocked,TSLAUSDT,hold,strategy,logged,0,0.00,377.5300,,No trade signal
2026-09-24T20:16:01.138231+00:00,blocked,AAPLUSDT,hold,strategy,logged,0,0.00,335.9000,,No trade signal
2026-09-24T20:16:06.267328+00:00,blocked,TSLAUSDT,hold,strategy,logged,0,0.00,377.4900,,No trade signal
2026-09-24T20:16:08.166014+00:00,blocked,AAPLUSDT,hold,autonomous,logged,0,0.00,335.9300,,No trade signal
2026-09-24T20:16:11.540958+00:00,blocked,AAPLUSDT,hold,autonomous,logged,0,0.00,335.9300,,No trade signal
2026-09-24T20:16:11.540406+00:00,blocked,TSLAUSDT,hold,autonomous,logged,0,0.00,377.4900,,No trade signal
2026-09-24T20:16:16.037859+00:00,blocked,TSLAUSDT,hold,autonomous,logged,0,0.00,377.4900,,No trade signal
2026-09-24T20:21:05.038605+00:00,blocked,AAPLUSDT,hold,strategy,logged,0,0.00,335.9100,,No trade signal
2026-09-24T20:21:09.185644+00:00,blocked,AAPLUSDT,hold,strategy,logged,0,0.00,335.8900,,No trade signal
2026-09-24T20:21:09.185043+00:00,blocked,TSLAUSDT,hold,strategy,logged,0,0.00,377.5900,,No trade signal
2026-09-24T20:21:13.681503+00:00,blocked,TSLAUSDT,hold,strategy,logged,0,0.00,377.5900,,No trade signal
2026-09-24T20:21:15.461986+00:00,blocked,AAPLUSDT,hold,autonomous,logged,0,0.00,335.8900,,No trade signal
2026-09-24T20:21:18.428489+00:00,blocked,TSLAUSDT,hold,autonomous,logged,0,0.00,377.5900,,No trade signal
2026-09-24T20:21:18.429619+00:00,blocked,AAPLUSDT,hold,autonomous,logged,0,0.00,335.8900,,No trade signal
2026-09-24T20:21:23.560439+00:00,blocked,TSLAUSDT,hold,autonomous,logged,0,0.00,377.5900,,No trade signal
2026-09-24T20:26:12.452542+00:00,blocked,AAPLUSDT,hold,strategy,logged,0,0.00,335.8400,,No trade signal
2026-09-24T20:26:16.54756+00:00,blocked,TSLAUSDT,hold,strategy,logged,0,0.00,377.6600,,No trade signal
2026-09-24T20:26:16.548575+00:00,blocked,AAPLUSDT,hold,strategy,logged,0,0.00,335.8400,,No trade signal
2026-09-24T20:26:20.838916+00:00,blocked,TSLAUSDT,hold,strategy,logged,0,0.00,377.6600,,No trade signal
2026-09-24T20:26:22.466264+00:00,blocked,AAPLUSDT,hold,autonomous,logged,0,0.00,335.8400,,No trade signal
2026-09-24T20:26:25.279876+00:00,blocked,TSLAUSDT,hold,autonomous,logged,0,0.00,377.6600,,No trade signal
2026-09-24T20:26:28.624535+00:00,blocked,AAPLUSDT,hold,autonomous,logged,0,0.00,335.8400,,No trade signal
2026-09-24T20:26:30.238607+00:00,blocked,TSLAUSDT,hold,autonomous,logged,0,0.00,377.6600,,No trade signal
2026-09-24T20:31:04.158922+00:00,blocked,AAPLUSDT,hold,autonomous,logged,0,0.00,335.8700,,No trade signal
2026-09-24T20:31:04.158895+00:00,blocked,AAPLUSDT,hold,autonomous,logged,0,0.00,335.8700,,No trade signal
2026-09-24T20:31:04.158856+00:00,blocked,AAPLUSDT,hold,strategy,logged,0,0.00,335.8700,,No trade signal
2026-09-24T20:31:04.158736+00:00,blocked,AAPLUSDT,hold,strategy,logged,0,0.00,335.8700,,No trade signal
2026-09-24T20:31:13.065708+00:00,blocked,TSLAUSDT,hold,autonomous,logged,0,0.00,377.8100,,No trade signal
2026-09-24T20:31:13.065688+00:00,blocked,TSLAUSDT,hold,autonomous,logged,0,0.00,377.8100,,No trade signal
2026-09-24T20:31:13.065662+00:00,blocked,TSLAUSDT,hold,strategy,logged,0,0.00,377.8100,,No trade signal
2026-09-24T20:31:13.065575+00:00,blocked,TSLAUSDT,hold,strategy,logged,0,0.00,377.8100,,No trade signal
2026-09-24T20:31:15.255305+00:00,blocked,AAPLUSDT,hold,autonomous,logged,0,0.00,335.8700,,No trade signal
2026-09-24T20:31:18.542665+00:00,blocked,AAPLUSDT,hold,autonomous,logged,0,0.00,335.8700,,No trade signal
2026-09-24T20:31:19.663038+00:00,blocked,AAPLUSDT,hold,strategy,logged,0,0.00,335.8700,,No trade signal
2026-09-24T20:31:22.854078+00:00,blocked,AAPLUSDT,hold,strategy,logged,0,0.00,335.8800,,No trade signal
2026-09-24T20:36:24.030089+00:00,blocked,TSLAUSDT,hold,autonomous,logged,0,0.00,377.7200,,No trade signal
2026-09-24T20:36:25.66635+00:00,blocked,AAPLUSDT,hold,autonomous,logged,0,0.00,335.8900,,No trade signal
2026-09-24T20:36:27.363554+00:00,blocked,TSLAUSDT,hold,autonomous,logged,0,0.00,377.7200,,No trade signal
2026-09-24T20:36:31.159139+00:00,blocked,AAPLUSDT,hold,autonomous,logged,0,0.00,335.8900,,No trade signal
2026-09-24T20:36:31.16243+00:00,blocked,TSLAUSDT,hold,strategy,logged,0,0.00,377.7200,,No trade signal
2026-09-24T20:36:34.958628+00:00,blocked,TSLAUSDT,hold,strategy,logged,0,0.00,377.7200,,No trade signal
2026-09-24T20:36:36.172095+00:00,blocked,AAPLUSDT,hold,strategy,logged,0,0.00,335.8900,,No trade signal
2026-09-24T20:36:39.732388+00:00,blocked,AAPLUSDT,hold,strategy,logged,0,0.00,335.8900,,No trade signal
2026-09-24T20:41:27.363244+00:00,blocked,TSLAUSDT,hold,autonomous,logged,0,0.00,377.8100,,No trade signal
2026-09-24T20:41:29.836403+00:00,blocked,AAPLUSDT,hold,autonomous,logged,0,0.00,335.9300,,No trade signal
2026-09-24T20:41:34.958578+00:00,blocked,TSLAUSDT,hold,autonomous,logged,0,0.00,377.8100,,No trade signal
2026-09-24T20:41:38.772895+00:00,blocked,AAPLUSDT,hold,autonomous,logged,0,0.00,335.9300,,No trade signal
2026-09-24T20:41:42.524831+00:00,blocked,TSLAUSDT,hold,strategy,logged,0,0.00,377.8300,,No trade signal
2026-09-24T20:41:44.336477+00:00,blocked,AAPLUSDT,hold,strategy,logged,0,0.00,335.9300,,No trade signal
2026-09-24T20:41:44.671557+00:00,blocked,TSLAUSDT,hold,strategy,logged,0,0.00,377.8300,,No trade signal
2026-09-24T20:41:49.313495+00:00,blocked,AAPLUSDT,hold,strategy,logged,0,0.00,335.9300,,No trade signal
2026-09-24T20:46:31.670532+00:00,blocked,TSLAUSDT,hold,autonomous,logged,0,0.00,377.9000,,No trade signal
2026-09-24T20:46:34.088683+00:00,blocked,AAPLUSDT,hold,autonomous,logged,0,0.00,336.0300,,No trade signal
2026-09-24T20:46:42.524448+00:00,blocked,TSLAUSDT,hold,autonomous,logged,0,0.00,377.9000,,No trade signal
2026-09-24T20:46:46.381881+00:00,blocked,AAPLUSDT,hold,autonomous,logged,0,0.00,336.1400,,No trade signal
2026-09-24T20:46:46.383049+00:00,blocked,TSLAUSDT,hold,strategy,logged,0,0.00,377.9000,,No trade signal
2026-09-24T20:46:51.492734+00:00,blocked,AAPLUSDT,hold,strategy,logged,0,0.00,336.1400,,No trade signal
2026-09-24T20:46:53.321813+00:00,blocked,TSLAUSDT,hold,strategy,logged,0,0.00,377.9000,,No trade signal
2026-09-24T20:46:57.161356+00:00,blocked,AAPLUSDT,hold,strategy,logged,0,0.00,336.1400,,No trade signal
2026-09-24T20:51:36.153322+00:00,blocked,TSLAUSDT,hold,autonomous,logged,0,0.00,377.8100,,No trade signal
2026-09-24T20:51:38.716336+00:00,blocked,AAPLUSDT,hold,autonomous,logged,0,0.00,336.1700,,No trade signal
2026-09-24T20:51:50.256195+00:00,blocked,TSLAUSDT,hold,autonomous,logged,0,0.00,377.8200,,No trade signal
2026-09-24T20:51:53.637763+00:00,blocked,AAPLUSDT,hold,autonomous,logged,0,0.00,336.1800,,No trade signal
2026-09-24T20:51:53.638258+00:00,blocked,TSLAUSDT,hold,strategy,logged,0,0.00,377.8200,,No trade signal
2026-09-24T20:51:58.015839+00:00,blocked,AAPLUSDT,hold,strategy,logged,0,0.00,336.1800,,No trade signal
2026-09-24T20:52:00.675392+00:00,blocked,TSLAUSDT,hold,strategy,logged,0,0.00,377.8200,,No trade signal
2026-09-24T20:52:04.423358+00:00,blocked,AAPLUSDT,hold,strategy,logged,0,0.00,336.1800,,No trade signal
2026-09-24T21:08:19.920237+00:00,blocked,TSLAUSDT,hold,strategy,logged,0,0.00,377.9400,,No trade signal
2026-09-24T21:08:19.921461+00:00,blocked,TSLAUSDT,hold,strategy,logged,0,0.00,377.9400,,No trade signal
2026-09-24T21:08:19.922827+00:00,blocked,TSLAUSDT,hold,autonomous,logged,0,0.00,377.9400,,No trade signal
2026-09-24T21:08:19.923651+00:00,blocked,TSLAUSDT,hold,autonomous,logged,0,0.00,377.9400,,No trade signal
2026-09-24T21:08:24.585773+00:00,blocked,AAPLUSDT,hold,autonomous,logged,0,0.00,336.1800,,No trade signal
2026-09-24T21:08:25.812993+00:00,blocked,AAPLUSDT,hold,autonomous,logged,0,0.00,336.1800,,No trade signal
2026-09-24T21:08:29.903011+00:00,blocked,AAPLUSDT,hold,strategy,logged,0,0.00,336.1800,,No trade signal
2026-09-24T21:08:33.045547+00:00,blocked,AAPLUSDT,hold,strategy,logged,0,0.00,336.1800,,No trade signal
2026-09-24T21:13:28.711692+00:00,blocked,TSLAUSDT,hold,autonomous,logged,0,0.00,378.0300,,No trade signal
2026-09-24T21:13:32.89705+00:00,blocked,AAPLUSDT,hold,autonomous,logged,0,0.00,336.2400,,No trade signal
2026-09-24T21:13:35.722895+00:00,blocked,TSLAUSDT,hold,strategy,logged,0,0.00,378.0300,,No trade signal
2026-09-24T21:13:35.722794+00:00,blocked,TSLAUSDT,hold,autonomous,logged,0,0.00,378.0300,,No trade signal
2026-09-24T21:13:37.500003+00:00,blocked,AAPLUSDT,hold,autonomous,logged,0,0.00,336.2400,,No trade signal
2026-09-24T21:13:38.956866+00:00,blocked,AAPLUSDT,hold,strategy,logged,0,0.00,336.2400,,No trade signal
2026-09-24T21:13:38.95772+00:00,blocked,TSLAUSDT,hold,strategy,logged,0,0.00,378.0300,,No trade signal
2026-09-24T21:13:43.565798+00:00,blocked,AAPLUSDT,hold,strategy,logged,0,0.00,336.2400,,No trade signal
2026-09-24T21:18:35.722587+00:00,blocked,TSLAUSDT,hold,autonomous,logged,0,0.00,377.9300,,No trade signal
2026-09-24T21:18:39.427997+00:00,blocked,AAPLUSDT,hold,autonomous,logged,0,0.00,336.2500,,No trade signal
2026-09-24T21:18:42.600714+00:00,blocked,TSLAUSDT,hold,autonomous,logged,0,0.00,377.9300,,No trade signal
2026-09-24T21:18:44.330571+00:00,blocked,AAPLUSDT,hold,autonomous,logged,0,0.00,336.2500,,No trade signal
2026-09-24T21:18:44.819754+00:00,blocked,TSLAUSDT,hold,strategy,logged,0,0.00,377.9300,,No trade signal
2026-09-24T21:18:47.716975+00:00,blocked,AAPLUSDT,hold,strategy,logged,0,0.00,336.2500,,No trade signal
2026-09-24T21:18:47.717453+00:00,blocked,TSLAUSDT,hold,strategy,logged,0,0.00,377.9300,,No trade signal
2026-09-24T21:18:50.842524+00:00,blocked,AAPLUSDT,hold,strategy,logged,0,0.00,336.2500,,No trade signal
2026-09-24T21:23:42.600926+00:00,blocked,TSLAUSDT,hold,autonomous,logged,0,0.00,377.9700,,No trade signal
2026-09-24T21:23:46.853111+00:00,blocked,AAPLUSDT,hold,autonomous,logged,0,0.00,336.2300,,No trade signal
2026-09-24T21:23:46.902443+00:00,blocked,TSLAUSDT,hold,autonomous,logged,0,0.00,377.9700,,No trade signal
2026-09-24T21:23:51.317636+00:00,blocked,AAPLUSDT,hold,autonomous,logged,0,0.00,336.2300,,No trade signal
2026-09-24T21:23:53.173802+00:00,blocked,TSLAUSDT,hold,strategy,logged,0,0.00,377.9700,,No trade signal
2026-09-24T21:23:54.913607+00:00,blocked,AAPLUSDT,hold,strategy,logged,0,0.00,336.2300,,No trade signal
2026-09-24T21:23:55.218501+00:00,blocked,TSLAUSDT,hold,strategy,logged,0,0.00,377.9700,,No trade signal
2026-09-24T21:24:00.122866+00:00,blocked,AAPLUSDT,hold,strategy,logged,0,0.00,336.2600,,No trade signal
2026-09-24T21:44:29.155438+00:00,blocked,TSLAUSDT,hold,strategy,logged,0,0.00,377.9100,,No trade signal
2026-09-24T21:44:29.157504+00:00,blocked,TSLAUSDT,hold,strategy,logged,0,0.00,377.9100,,No trade signal
2026-09-24T21:44:29.160644+00:00,blocked,TSLAUSDT,hold,autonomous,logged,0,0.00,377.9100,,No trade signal
2026-09-24T21:44:29.183331+00:00,blocked,TSLAUSDT,hold,autonomous,logged,0,0.00,377.9100,,No trade signal
2026-09-24T21:44:31.34816+00:00,blocked,AAPLUSDT,hold,autonomous,logged,0,0.00,336.3900,,No trade signal
2026-09-24T21:44:33.924921+00:00,blocked,AAPLUSDT,hold,autonomous,logged,0,0.00,336.3900,,No trade signal
2026-09-24T21:44:36.534126+00:00,blocked,AAPLUSDT,hold,strategy,logged,0,0.00,336.3900,,No trade signal
2026-09-24T21:44:39.044581+00:00,blocked,AAPLUSDT,hold,strategy,logged,0,0.00,336.3900,,No trade signal
2026-09-24T21:46:32.433685+00:00,blocked,TSLAUSDT,hold,strategy,logged,0,0.00,377.6200,,No trade signal
2026-09-24T21:46:32.435063+00:00,blocked,TSLAUSDT,hold,strategy,logged,0,0.00,377.6200,,No trade signal
2026-09-24T21:46:32.436197+00:00,blocked,TSLAUSDT,hold,autonomous,logged,0,0.00,377.6200,,No trade signal
2026-09-24T21:46:32.437152+00:00,blocked,TSLAUSDT,hold,autonomous,logged,0,0.00,377.6200,,No trade signal
2026-09-24T21:46:34.378139+00:00,blocked,AAPLUSDT,hold,autonomous,logged,0,0.00,335.8800,,No trade signal
2026-09-24T21:46:36.852413+00:00,blocked,AAPLUSDT,hold,autonomous,logged,0,0.00,335.8800,,No trade signal
2026-09-24T21:46:39.282286+00:00,blocked,AAPLUSDT,hold,strategy,logged,0,0.00,335.8800,,No trade signal
2026-09-24T21:46:41.762204+00:00,blocked,AAPLUSDT,hold,strategy,logged,0,0.00,335.8800,,No trade signal
2026-09-24T21:51:38.04781+00:00,blocked,TSLAUSDT,hold,autonomous,logged,0,0.00,377.5800,,No trade signal
2026-09-24T21:51:40.096708+00:00,blocked,AAPLUSDT,hold,autonomous,logged,0,0.00,335.9100,,No trade signal
2026-09-24T21:51:44.76634+00:00,blocked,TSLAUSDT,hold,autonomous,logged,0,0.00,377.5800,,No trade signal
2026-09-24T21:51:47.877859+00:00,blocked,AAPLUSDT,hold,autonomous,logged,0,0.00,335.9100,,No trade signal
2026-09-24T21:51:47.925174+00:00,blocked,TSLAUSDT,hold,strategy,logged,0,0.00,377.5800,,No trade signal
2026-09-24T21:51:50.952019+00:00,blocked,TSLAUSDT,hold,strategy,logged,0,0.00,377.5500,,No trade signal
2026-09-24T21:51:54.16257+00:00,blocked,AAPLUSDT,hold,strategy,logged,0,0.00,335.9100,,No trade signal
2026-09-24T21:51:55.636544+00:00,blocked,AAPLUSDT,hold,strategy,logged,0,0.00,335.9100,,No trade signal
2026-09-24T21:56:41.873702+00:00,blocked,TSLAUSDT,hold,autonomous,logged,0,0.00,377.5300,,No trade signal
2026-09-24T21:56:43.996239+00:00,blocked,AAPLUSDT,hold,autonomous,logged,0,0.00,335.9500,,No trade signal
2026-09-24T21:56:50.951673+00:00,blocked,TSLAUSDT,hold,autonomous,logged,0,0.00,377.5100,,No trade signal
2026-09-24T21:56:54.438229+00:00,blocked,AAPLUSDT,hold,autonomous,logged,0,0.00,335.9300,,No trade signal
2026-09-24T21:56:58.472708+00:00,blocked,TSLAUSDT,hold,strategy,logged,0,0.00,377.5100,,No trade signal
2026-09-24T21:57:01.865589+00:00,blocked,AAPLUSDT,hold,strategy,logged,0,0.00,335.9000,,No trade signal
2026-09-24T21:57:01.966+00:00,blocked,TSLAUSDT,hold,strategy,logged,0,0.00,377.4900,,No trade signal
2026-09-24T21:57:06.735969+00:00,blocked,AAPLUSDT,hold,strategy,logged,0,0.00,335.9000,,No trade signal
2026-09-24T22:01:45.593104+00:00,blocked,TSLAUSDT,hold,autonomous,logged,0,0.00,377.6300,,No trade signal
2026-09-24T22:01:47.786969+00:00,blocked,AAPLUSDT,hold,autonomous,logged,0,0.00,336.0400,,No trade signal
2026-09-24T22:01:57.38065+00:00,blocked,TSLAUSDT,hold,autonomous,logged,0,0.00,377.6500,,No trade signal
2026-09-24T22:02:00.985105+00:00,blocked,AAPLUSDT,hold,autonomous,logged,0,0.00,336.0400,,No trade signal
2026-09-24T22:02:05.46159+00:00,blocked,TSLAUSDT,hold,strategy,logged,0,0.00,377.8000,,No trade signal
2026-09-24T22:02:08.708149+00:00,blocked,AAPLUSDT,hold,strategy,logged,0,0.00,336.0400,,No trade signal
2026-09-24T22:02:08.747324+00:00,blocked,TSLAUSDT,hold,strategy,logged,0,0.00,377.8000,,No trade signal
2026-09-24T22:02:13.071264+00:00,blocked,AAPLUSDT,hold,strategy,logged,0,0.00,336.0400,,No trade signal
2026-09-24T22:24:15.451831+00:00,blocked,TSLAUSDT,hold,strategy,logged,0,0.00,377.5800,,No trade signal
2026-09-24T22:24:15.45294+00:00,blocked,TSLAUSDT,hold,strategy,logged,0,0.00,377.5800,,No trade signal
2026-09-24T22:24:15.453985+00:00,blocked,TSLAUSDT,hold,autonomous,logged,0,0.00,377.5800,,No trade signal
2026-09-24T22:24:15.454843+00:00,blocked,TSLAUSDT,hold,autonomous,logged,0,0.00,377.5800,,No trade signal
2026-09-24T22:24:18.910562+00:00,blocked,AAPLUSDT,hold,autonomous,logged,0,0.00,335.9000,,No trade signal
2026-09-24T22:24:20.106075+00:00,blocked,AAPLUSDT,hold,autonomous,logged,0,0.00,335.9000,,No trade signal
2026-09-24T22:24:21.295838+00:00,blocked,AAPLUSDT,hold,strategy,logged,0,0.00,335.9000,,No trade signal
2026-09-24T22:24:26.315856+00:00,blocked,AAPLUSDT,hold,strategy,logged,0,0.00,335.9500,,No trade signal
2026-09-24T22:29:23.935204+00:00,blocked,TSLAUSDT,hold,autonomous,logged,0,0.00,377.6300,,No trade signal
2026-09-24T22:29:27.625946+00:00,blocked,TSLAUSDT,hold,autonomous,logged,0,0.00,377.5800,,No trade signal
2026-09-24T22:29:27.625012+00:00,blocked,AAPLUSDT,hold,autonomous,logged,0,0.00,335.8200,,No trade signal
2026-09-24T22:29:29.129873+00:00,blocked,AAPLUSDT,hold,autonomous,logged,0,0.00,335.8200,,No trade signal
2026-09-24T22:29:29.130781+00:00,blocked,TSLAUSDT,hold,strategy,logged,0,0.00,377.5800,,No trade signal
2026-09-24T22:29:32.746848+00:00,blocked,TSLAUSDT,hold,strategy,logged,0,0.00,377.5800,,No trade signal
2026-09-24T22:29:34.247649+00:00,blocked,AAPLUSDT,hold,strategy,logged,0,0.00,335.8200,,No trade signal
2026-09-24T22:29:37.057141+00:00,blocked,AAPLUSDT,hold,strategy,logged,0,0.00,335.8200,,No trade signal
2026-09-24T22:34:31.525034+00:00,blocked,TSLAUSDT,hold,autonomous,logged,0,0.00,377.5800,,No trade signal
2026-09-24T22:34:35.839399+00:00,blocked,AAPLUSDT,hold,autonomous,logged,0,0.00,335.9600,,No trade signal
2026-09-24T22:34:35.876779+00:00,blocked,TSLAUSDT,hold,autonomous,logged,0,0.00,377.5900,,No trade signal
2026-09-24T22:34:39.247103+00:00,blocked,TSLAUSDT,hold,strategy,logged,0,0.00,377.5900,,No trade signal
2026-09-24T22:34:40.788202+00:00,blocked,AAPLUSDT,hold,autonomous,logged,0,0.00,335.8300,,No trade signal
2026-09-24T22:34:42.11212+00:00,blocked,AAPLUSDT,hold,strategy,logged,0,0.00,335.8300,,No trade signal
2026-09-24T22:34:42.113327+00:00,blocked,TSLAUSDT,hold,strategy,logged,0,0.00,377.5900,,No trade signal
2026-09-24T22:34:47.414305+00:00,blocked,AAPLUSDT,hold,strategy,logged,0,0.00,335.8300,,No trade signal
2026-09-24T22:39:39.247575+00:00,blocked,TSLAUSDT,hold,autonomous,logged,0,0.00,377.6500,,No trade signal
2026-09-24T22:39:42.947307+00:00,blocked,AAPLUSDT,hold,autonomous,logged,0,0.00,335.9600,,No trade signal
2026-09-24T22:39:45.915084+00:00,blocked,TSLAUSDT,hold,strategy,logged,0,0.00,377.6500,,No trade signal
2026-09-24T22:39:45.915002+00:00,blocked,TSLAUSDT,hold,autonomous,logged,0,0.00,377.6500,,No trade signal
2026-09-24T22:39:47.467701+00:00,blocked,AAPLUSDT,hold,autonomous,logged,0,0.00,335.9600,,No trade signal
2026-09-24T22:39:48.804463+00:00,blocked,AAPLUSDT,hold,strategy,logged,0,0.00,335.9600,,No trade signal
2026-09-24T22:39:51.288535+00:00,blocked,TSLAUSDT,hold,strategy,logged,0,0.00,377.6400,,No trade signal
2026-09-24T22:39:54.42011+00:00,blocked,AAPLUSDT,hold,strategy,logged,0,0.00,335.9600,,No trade signal
2026-09-24T23:18:10.449724+00:00,blocked,TSLAUSDT,hold,strategy,logged,0,0.00,377.8800,,No trade signal
2026-09-24T23:18:10.451283+00:00,blocked,TSLAUSDT,hold,strategy,logged,0,0.00,377.8800,,No trade signal
2026-09-24T23:18:10.45254+00:00,blocked,TSLAUSDT,hold,autonomous,logged,0,0.00,377.8800,,No trade signal
2026-09-24T23:18:10.453979+00:00,blocked,TSLAUSDT,hold,autonomous,logged,0,0.00,377.8800,,No trade signal
2026-09-24T23:18:12.248716+00:00,blocked,AAPLUSDT,hold,autonomous,logged,0,0.00,335.9000,,No trade signal
2026-09-24T23:18:15.826367+00:00,blocked,AAPLUSDT,hold,autonomous,logged,0,0.00,335.9000,,No trade signal
2026-09-24T23:18:20.207853+00:00,blocked,AAPLUSDT,hold,strategy,logged,0,0.00,335.9000,,No trade signal
2026-09-24T23:18:21.45603+00:00,blocked,AAPLUSDT,hold,strategy,logged,0,0.00,335.9000,,No trade signal
2026-09-24T23:23:17.045614+00:00,blocked,TSLAUSDT,hold,autonomous,logged,0,0.00,377.8500,,No trade signal
2026-09-24T23:23:19.375817+00:00,blocked,AAPLUSDT,hold,autonomous,logged,0,0.00,336.0000,,No trade signal
2026-09-24T23:23:24.121101+00:00,blocked,TSLAUSDT,hold,autonomous,logged,0,0.00,377.8800,,No trade signal
2026-09-24T23:23:26.993119+00:00,blocked,AAPLUSDT,hold,autonomous,logged,0,0.00,336.0000,,No trade signal
2026-09-24T23:23:26.998246+00:00,blocked,TSLAUSDT,hold,strategy,logged,0,0.00,377.8800,,No trade signal
2026-09-24T23:23:30.461905+00:00,blocked,TSLAUSDT,hold,strategy,logged,0,0.00,377.8800,,No trade signal
2026-09-24T23:23:31.721732+00:00,blocked,AAPLUSDT,hold,strategy,logged,0,0.00,336.0000,,No trade signal
2026-09-24T23:23:34.763077+00:00,blocked,AAPLUSDT,hold,strategy,logged,0,0.00,336.0000,,No trade signal
2026-09-24T23:28:21.164669+00:00,blocked,TSLAUSDT,hold,autonomous,logged,0,0.00,378.0100,,No trade signal
2026-09-24T23:28:22.641697+00:00,blocked,AAPLUSDT,hold,autonomous,logged,0,0.00,335.9200,,No trade signal
2026-09-24T23:28:30.461542+00:00,blocked,TSLAUSDT,hold,autonomous,logged,0,0.00,378.0100,,No trade signal
2026-09-24T23:28:34.899822+00:00,blocked,AAPLUSDT,hold,autonomous,logged,0,0.00,335.9200,,No trade signal
2026-09-24T23:28:38.665024+00:00,blocked,TSLAUSDT,hold,strategy,logged,0,0.00,378.0100,,No trade signal
2026-09-24T23:28:40.248331+00:00,blocked,AAPLUSDT,hold,strategy,logged,0,0.00,335.9200,,No trade signal
2026-09-24T23:28:42.441088+00:00,blocked,TSLAUSDT,hold,strategy,logged,0,0.00,378.0100,,No trade signal
2026-09-24T23:28:45.651757+00:00,blocked,AAPLUSDT,hold,strategy,logged,0,0.00,335.9200,,No trade signal
2026-09-24T23:33:24.041526+00:00,blocked,TSLAUSDT,hold,autonomous,logged,0,0.00,378.0500,,No trade signal
2026-09-24T23:33:25.569564+00:00,blocked,AAPLUSDT,hold,autonomous,logged,0,0.00,335.9200,,No trade signal
2026-09-24T23:33:38.665262+00:00,blocked,TSLAUSDT,hold,autonomous,logged,0,0.00,378.1000,,No trade signal
2026-09-24T23:33:42.061259+00:00,blocked,AAPLUSDT,hold,autonomous,logged,0,0.00,336.0000,,No trade signal
2026-09-24T23:33:42.079565+00:00,blocked,TSLAUSDT,hold,strategy,logged,0,0.00,378.1000,,No trade signal
2026-09-24T23:33:46.746778+00:00,blocked,AAPLUSDT,hold,strategy,logged,0,0.00,336.0000,,No trade signal
2026-09-24T23:33:50.501472+00:00,blocked,TSLAUSDT,hold,strategy,logged,0,0.00,378.1000,,No trade signal
2026-09-24T23:33:54.836034+00:00,blocked,AAPLUSDT,hold,strategy,logged,0,0.00,335.8300,,No trade signal
2026-09-24T23:36:05.249812+00:00,blocked,TSLAUSDT,hold,strategy,logged,0,0.00,378.0600,,No trade signal
2026-09-24T23:36:05.251263+00:00,blocked,TSLAUSDT,hold,strategy,logged,0,0.00,378.0600,,No trade signal
2026-09-24T23:36:05.252391+00:00,blocked,TSLAUSDT,hold,autonomous,logged,0,0.00,378.0600,,No trade signal
2026-09-24T23:36:05.253516+00:00,blocked,TSLAUSDT,hold,autonomous,logged,0,0.00,378.0600,,No trade signal
2026-09-24T23:36:07.33182+00:00,blocked,AAPLUSDT,hold,autonomous,logged,0,0.00,335.9200,,No trade signal
2026-09-24T23:36:10.003893+00:00,blocked,AAPLUSDT,hold,autonomous,logged,0,0.00,335.8300,,No trade signal
2026-09-24T23:36:12.861349+00:00,blocked,AAPLUSDT,hold,strategy,logged,0,0.00,336.0000,,No trade signal
2026-09-24T23:36:16.053838+00:00,blocked,AAPLUSDT,hold,strategy,logged,0,0.00,335.8700,,No trade signal
2026-09-24T23:41:11.284053+00:00,blocked,TSLAUSDT,hold,autonomous,logged,0,0.00,378.0600,,No trade signal
2026-09-24T23:41:13.422775+00:00,blocked,AAPLUSDT,hold,autonomous,logged,0,0.00,335.9200,,No trade signal
2026-09-24T23:41:18.577716+00:00,blocked,TSLAUSDT,hold,autonomous,logged,0,0.00,378.0600,,No trade signal
2026-09-24T23:41:22.311974+00:00,blocked,AAPLUSDT,hold,autonomous,logged,0,0.00,335.9200,,No trade signal
2026-09-24T23:41:22.373346+00:00,blocked,TSLAUSDT,hold,strategy,logged,0,0.00,378.0600,,No trade signal
2026-09-24T23:41:25.692436+00:00,blocked,TSLAUSDT,hold,strategy,logged,0,0.00,378.0600,,No trade signal
2026-09-24T23:41:26.997375+00:00,blocked,AAPLUSDT,hold,strategy,logged,0,0.00,335.9200,,No trade signal
2026-09-24T23:41:30.289029+00:00,blocked,AAPLUSDT,hold,strategy,logged,0,0.00,335.9200,,No trade signal
2026-09-24T23:46:14.982999+00:00,blocked,TSLAUSDT,hold,autonomous,logged,0,0.00,377.8200,,No trade signal
2026-09-24T23:46:17.098859+00:00,blocked,AAPLUSDT,hold,autonomous,logged,0,0.00,335.8600,,No trade signal
2026-09-24T23:46:25.691619+00:00,blocked,TSLAUSDT,hold,autonomous,logged,0,0.00,377.8200,,No trade signal
2026-09-24T23:46:29.078523+00:00,blocked,AAPLUSDT,hold,autonomous,logged,0,0.00,335.7600,,No trade signal
2026-09-24T23:46:32.729164+00:00,blocked,TSLAUSDT,hold,strategy,logged,0,0.00,377.8200,,No trade signal
2026-09-24T23:46:34.431862+00:00,blocked,AAPLUSDT,hold,strategy,logged,0,0.00,335.6600,,No trade signal
2026-09-24T23:46:36.102493+00:00,blocked,TSLAUSDT,hold,strategy,logged,0,0.00,377.8200,,No trade signal
2026-09-24T23:46:39.494917+00:00,blocked,AAPLUSDT,hold,strategy,logged,0,0.00,335.6600,,No trade signal
2026-09-24T23:51:18.616817+00:00,blocked,TSLAUSDT,hold,autonomous,logged,0,0.00,377.9300,,No trade signal
2026-09-24T23:51:20.686078+00:00,blocked,AAPLUSDT,hold,autonomous,logged,0,0.00,335.6700,,No trade signal
2026-09-25T00:27:16.077197+00:00,blocked,TSLAUSDT,hold,strategy,logged,0,0.00,378.5800,,No trade signal
2026-09-25T00:27:16.078713+00:00,blocked,TSLAUSDT,hold,strategy,logged,0,0.00,378.5800,,No trade signal
2026-09-25T00:27:16.079583+00:00,blocked,TSLAUSDT,hold,autonomous,logged,0,0.00,378.5800,,No trade signal
2026-09-25T00:27:16.080566+00:00,blocked,TSLAUSDT,hold,autonomous,logged,0,0.00,378.5800,,No trade signal
2026-09-25T00:27:18.301965+00:00,blocked,AAPLUSDT,hold,autonomous,logged,0,0.00,336.0100,,No trade signal
2026-09-25T00:27:21.49311+00:00,blocked,AAPLUSDT,hold,autonomous,logged,0,0.00,336.0100,,No trade signal
2026-09-25T00:27:24.891954+00:00,blocked,AAPLUSDT,hold,strategy,logged,0,0.00,336.0100,,No trade signal
2026-09-25T00:27:26.090684+00:00,blocked,AAPLUSDT,hold,strategy,logged,0,0.00,336.0100,,No trade signal
2026-09-25T00:32:27.486367+00:00,blocked,TSLAUSDT,hold,autonomous,logged,0,0.00,378.3600,,No trade signal
2026-09-25T00:32:29.326237+00:00,blocked,AAPLUSDT,hold,autonomous,logged,0,0.00,335.8000,,No trade signal
2026-09-25T00:32:30.89247+00:00,blocked,TSLAUSDT,hold,autonomous,logged,0,0.00,378.3600,,No trade signal
2026-09-25T00:32:34.197368+00:00,blocked,AAPLUSDT,hold,autonomous,logged,0,0.00,335.8000,,No trade signal
2026-09-25T00:32:34.215639+00:00,blocked,TSLAUSDT,hold,strategy,logged,0,0.00,378.3600,,No trade signal
2026-09-25T00:32:37.610729+00:00,blocked,TSLAUSDT,hold,strategy,logged,0,0.00,378.3600,,No trade signal
2026-09-25T00:32:40.514072+00:00,blocked,AAPLUSDT,hold,strategy,logged,0,0.00,335.8000,,No trade signal
2026-09-25T00:32:42.170363+00:00,blocked,AAPLUSDT,hold,strategy,logged,0,0.00,335.8000,,No trade signal
2026-09-25T00:37:30.89347+00:00,blocked,TSLAUSDT,hold,autonomous,logged,0,0.00,378.3500,,No trade signal
2026-09-25T00:37:32.516694+00:00,blocked,AAPLUSDT,hold,autonomous,logged,0,0.00,335.5000,,No trade signal
2026-09-25T00:37:37.610709+00:00,blocked,TSLAUSDT,hold,autonomous,logged,0,0.00,378.3500,,No trade signal
2026-09-25T00:37:40.905935+00:00,blocked,AAPLUSDT,hold,autonomous,logged,0,0.00,335.4500,,No trade signal
2026-09-25T00:37:46.415154+00:00,blocked,TSLAUSDT,hold,strategy,logged,0,0.00,378.3500,,No trade signal
2026-09-25T00:37:49.809045+00:00,blocked,AAPLUSDT,hold,strategy,logged,0,0.00,335.4800,,No trade signal
2026-09-25T00:37:49.861417+00:00,blocked,TSLAUSDT,hold,strategy,logged,0,0.00,378.3500,,No trade signal
2026-09-25T00:37:54.601588+00:00,blocked,AAPLUSDT,hold,strategy,logged,0,0.00,335.4800,,No trade signal
2026-09-25T00:42:34.00639+00:00,blocked,TSLAUSDT,hold,autonomous,logged,0,0.00,378.2700,,No trade signal
2026-09-25T00:42:35.624946+00:00,blocked,AAPLUSDT,hold,autonomous,logged,0,0.00,335.5500,,No trade signal
2026-09-25T00:42:44.670179+00:00,blocked,TSLAUSDT,hold,autonomous,logged,0,0.00,378.2700,,No trade signal
2026-09-25T00:42:47.969521+00:00,blocked,AAPLUSDT,hold,autonomous,logged,0,0.00,335.5500,,No trade signal
2026-09-25T00:42:53.37603+00:00,blocked,TSLAUSDT,hold,strategy,logged,0,0.00,378.2700,,No trade signal
2026-09-25T00:42:59.56311+00:00,blocked,AAPLUSDT,hold,strategy,logged,0,0.00,335.5500,,No trade signal
2026-09-25T00:42:59.564143+00:00,blocked,TSLAUSDT,hold,strategy,logged,0,0.00,378.2700,,No trade signal
2026-09-25T00:43:01.967832+00:00,blocked,AAPLUSDT,hold,strategy,logged,0,0.00,335.5500,,No trade signal
2026-09-25T00:47:37.130678+00:00,blocked,TSLAUSDT,hold,autonomous,logged,0,0.00,378.1400,,No trade signal
2026-09-25T00:47:39.232053+00:00,blocked,AAPLUSDT,hold,autonomous,logged,0,0.00,335.5600,,No trade signal
2026-09-25T00:47:50.920183+00:00,blocked,TSLAUSDT,hold,autonomous,logged,0,0.00,378.1400,,No trade signal
2026-09-25T00:47:54.675394+00:00,blocked,AAPLUSDT,hold,autonomous,logged,0,0.00,335.5600,,No trade signal
2026-09-25T00:48:05.415279+00:00,blocked,TSLAUSDT,hold,strategy,logged,0,0.00,378.1400,,No trade signal
2026-09-25T00:48:09.018529+00:00,blocked,AAPLUSDT,hold,strategy,logged,0,0.00,335.5600,,No trade signal
2026-09-25T00:48:09.019019+00:00,blocked,TSLAUSDT,hold,strategy,logged,0,0.00,378.1400,,No trade signal
2026-09-25T00:48:13.380754+00:00,blocked,AAPLUSDT,hold,strategy,logged,0,0.00,335.5600,,No trade signal
2026-09-25T00:52:41.193753+00:00,blocked,TSLAUSDT,hold,autonomous,logged,0,0.00,378.0900,,No trade signal
2026-09-25T00:52:43.378465+00:00,blocked,AAPLUSDT,hold,autonomous,logged,0,0.00,335.6700,,No trade signal
2026-09-25T00:52:57.500051+00:00,blocked,TSLAUSDT,hold,autonomous,logged,0,0.00,378.0900,,No trade signal
2026-09-25T00:53:01.128836+00:00,blocked,AAPLUSDT,hold,autonomous,logged,0,0.00,335.6700,,No trade signal
2026-09-25T00:53:12.163278+00:00,blocked,TSLAUSDT,hold,strategy,logged,0,0.00,378.0900,,No trade signal
2026-09-25T00:53:16.223767+00:00,blocked,TSLAUSDT,hold,strategy,logged,0,0.00,378.0900,,No trade signal
2026-09-25T00:53:16.223181+00:00,blocked,AAPLUSDT,hold,strategy,logged,0,0.00,335.6700,,No trade signal
2026-09-25T00:53:18.010831+00:00,blocked,AAPLUSDT,hold,strategy,logged,0,0.00,335.6700,,No trade signal
2026-09-25T00:57:45.113345+00:00,blocked,TSLAUSDT,hold,autonomous,logged,0,0.00,378.1200,,No trade signal
2026-09-25T00:57:47.280071+00:00,blocked,AAPLUSDT,hold,autonomous,logged,0,0.00,335.6900,,No trade signal
2026-09-25T00:58:05.933858+00:00,blocked,TSLAUSDT,hold,autonomous,logged,0,0.00,378.1200,,No trade signal
2026-09-25T01:03:27.22384+00:00,blocked,TSLAUSDT,hold,strategy,logged,0,0.00,378.2900,,No trade signal
2026-09-25T01:03:27.22442+00:00,blocked,TSLAUSDT,hold,strategy,logged,0,0.00,378.2900,,No trade signal
2026-09-25T01:03:27.226216+00:00,blocked,TSLAUSDT,hold,autonomous,logged,0,0.00,378.2900,,No trade signal
2026-09-25T01:03:27.227078+00:00,blocked,TSLAUSDT,hold,autonomous,logged,0,0.00,378.2900,,No trade signal
2026-09-25T01:03:31.307363+00:00,blocked,AAPLUSDT,hold,autonomous,logged,0,0.00,335.4500,,No trade signal
2026-09-25T01:03:34.435106+00:00,blocked,AAPLUSDT,hold,strategy,logged,0,0.00,335.4500,,No trade signal
2026-09-25T01:03:35.686477+00:00,blocked,AAPLUSDT,hold,autonomous,logged,0,0.00,335.4500,,No trade signal
2026-09-25T01:03:39.884699+00:00,blocked,AAPLUSDT,hold,strategy,logged,0,0.00,335.4500,,No trade signal
2026-09-25T01:08:38.204488+00:00,blocked,TSLAUSDT,hold,autonomous,logged,0,0.00,378.5100,,No trade signal
2026-09-25T01:08:41.731637+00:00,blocked,AAPLUSDT,hold,autonomous,logged,0,0.00,335.5300,,No trade signal
2026-09-25T01:08:41.740932+00:00,blocked,TSLAUSDT,hold,autonomous,logged,0,0.00,378.5100,,No trade signal
2026-09-25T01:08:45.449775+00:00,blocked,TSLAUSDT,hold,strategy,logged,0,0.00,378.6200,,No trade signal
2026-09-25T01:08:46.586664+00:00,blocked,TSLAUSDT,hold,strategy,logged,0,0.00,378.6300,,No trade signal
2026-09-25T01:08:46.586332+00:00,blocked,AAPLUSDT,hold,autonomous,logged,0,0.00,335.5300,,No trade signal
2026-09-25T01:08:49.837936+00:00,blocked,AAPLUSDT,hold,strategy,logged,0,0.00,335.5300,,No trade signal
2026-09-25T01:08:52.27629+00:00,blocked,AAPLUSDT,hold,strategy,logged,0,0.00,335.5300,,No trade signal
2026-09-25T01:13:45.449563+00:00,blocked,TSLAUSDT,hold,autonomous,logged,0,0.00,379.0600,,No trade signal
2026-09-25T01:13:48.918899+00:00,blocked,AAPLUSDT,hold,autonomous,logged,0,0.00,335.7400,,No trade signal
2026-09-25T01:13:52.013418+00:00,blocked,TSLAUSDT,hold,autonomous,logged,0,0.00,379.0300,,No trade signal
2026-09-25T01:13:55.306705+00:00,blocked,AAPLUSDT,hold,autonomous,logged,0,0.00,335.7400,,No trade signal
2026-09-25T01:13:55.802686+00:00,blocked,TSLAUSDT,hold,strategy,logged,0,0.00,379.1000,,No trade signal
2026-09-25T01:13:57.701344+00:00,blocked,TSLAUSDT,hold,strategy,logged,0,0.00,379.1000,,No trade signal
2026-09-25T01:14:00.620471+00:00,blocked,AAPLUSDT,hold,strategy,logged,0,0.00,335.7400,,No trade signal
2026-09-25T01:14:02.324886+00:00,blocked,AAPLUSDT,hold,strategy,logged,0,0.00,335.7400,,No trade signal
2026-09-25T01:18:52.012913+00:00,blocked,TSLAUSDT,hold,autonomous,logged,0,0.00,379.0600,,No trade signal
2026-09-25T01:18:55.390994+00:00,blocked,AAPLUSDT,hold,autonomous,logged,0,0.00,335.9600,,No trade signal
2026-09-25T01:18:59.217785+00:00,blocked,TSLAUSDT,hold,autonomous,logged,0,0.00,379.1800,,No trade signal
2026-09-25T01:19:00.728472+00:00,blocked,AAPLUSDT,hold,autonomous,logged,0,0.00,335.9600,,No trade signal
2026-09-25T01:19:06.825615+00:00,blocked,TSLAUSDT,hold,strategy,logged,0,0.00,379.1800,,No trade signal
2026-09-25T01:19:10.714519+00:00,blocked,AAPLUSDT,hold,strategy,logged,0,0.00,335.9800,,No trade signal
2026-09-25T01:19:10.774912+00:00,blocked,TSLAUSDT,hold,strategy,logged,0,0.00,379.1800,,No trade signal
2026-09-25T01:19:15.743044+00:00,blocked,AAPLUSDT,hold,strategy,logged,0,0.00,335.9800,,No trade signal
2026-09-25T01:23:59.21794+00:00,blocked,TSLAUSDT,hold,autonomous,logged,0,0.00,379.3400,,No trade signal
2026-09-25T01:24:05.228038+00:00,blocked,AAPLUSDT,hold,autonomous,logged,0,0.00,335.9600,,No trade signal
2026-09-25T01:24:05.229144+00:00,blocked,TSLAUSDT,hold,autonomous,logged,0,0.00,379.3800,,No trade signal
2026-09-25T01:24:12.42913+00:00,blocked,AAPLUSDT,hold,autonomous,logged,0,0.00,335.9600,,No trade signal
2026-09-25T01:24:14.796205+00:00,blocked,TSLAUSDT,hold,strategy,logged,0,0.00,379.4000,,No trade signal
2026-09-25T01:24:20.701004+00:00,blocked,AAPLUSDT,hold,strategy,logged,0,0.00,335.9600,,No trade signal
2026-09-25T01:24:20.702771+00:00,blocked,TSLAUSDT,hold,strategy,logged,0,0.00,379.4000,,No trade signal
2026-09-25T01:24:28.735087+00:00,blocked,AAPLUSDT,hold,strategy,logged,0,0.00,335.9600,,No trade signal
2026-09-25T01:29:11.183695+00:00,blocked,TSLAUSDT,hold,autonomous,logged,0,0.00,379.3800,,No trade signal
2026-09-25T01:29:14.847504+00:00,blocked,TSLAUSDT,hold,autonomous,logged,0,0.00,379.3800,,No trade signal
2026-09-25T01:29:14.847102+00:00,blocked,AAPLUSDT,hold,autonomous,logged,0,0.00,335.6800,,No trade signal
2026-09-25T01:29:19.097729+00:00,blocked,AAPLUSDT,hold,autonomous,logged,0,0.00,335.6800,,No trade signal
2026-09-25T01:29:27.413586+00:00,blocked,TSLAUSDT,hold,strategy,logged,0,0.00,379.3700,,No trade signal
2026-09-25T01:29:31.190174+00:00,blocked,AAPLUSDT,hold,strategy,logged,0,0.00,335.6800,,No trade signal
2026-09-25T01:29:32.094377+00:00,blocked,TSLAUSDT,hold,strategy,logged,0,0.00,379.3700,,No trade signal
2026-09-25T01:29:40.210343+00:00,blocked,AAPLUSDT,hold,strategy,logged,0,0.00,335.7200,,No trade signal
2026-09-25T01:34:22.519848+00:00,blocked,TSLAUSDT,hold,autonomous,logged,0,0.00,379.0900,,No trade signal
2026-09-25T01:34:26.255876+00:00,blocked,AAPLUSDT,hold,autonomous,logged,0,0.00,335.7500,,No trade signal
2026-09-25T01:34:26.268326+00:00,blocked,TSLAUSDT,hold,autonomous,logged,0,0.00,379.0900,,No trade signal
2026-09-25T01:34:30.81781+00:00,blocked,AAPLUSDT,hold,autonomous,logged,0,0.00,335.7500,,No trade signal
2026-09-25T01:34:38.43687+00:00,blocked,TSLAUSDT,hold,strategy,logged,0,0.00,379.0900,,No trade signal
2026-09-25T01:34:42.020857+00:00,blocked,AAPLUSDT,hold,strategy,logged,0,0.00,335.7500,,No trade signal
2026-09-25T01:34:42.119234+00:00,blocked,TSLAUSDT,hold,strategy,logged,0,0.00,379.0900,,No trade signal
2026-09-25T01:34:47.334479+00:00,blocked,AAPLUSDT,hold,strategy,logged,0,0.00,335.7500,,No trade signal
2026-09-25T01:39:29.632213+00:00,blocked,TSLAUSDT,hold,autonomous,logged,0,0.00,379.0900,,No trade signal
2026-09-25T01:39:32.729743+00:00,blocked,AAPLUSDT,hold,autonomous,logged,0,0.00,335.6100,,No trade signal
2026-09-25T01:39:32.730892+00:00,blocked,TSLAUSDT,hold,autonomous,logged,0,0.00,379.0900,,No trade signal
2026-09-25T01:39:34.208427+00:00,blocked,AAPLUSDT,hold,autonomous,logged,0,0.00,335.6100,,No trade signal
2026-09-25T01:39:46.127992+00:00,blocked,TSLAUSDT,hold,strategy,logged,0,0.00,379.0900,,No trade signal
2026-09-25T01:39:49.723896+00:00,blocked,AAPLUSDT,hold,strategy,logged,0,0.00,335.6100,,No trade signal
2026-09-25T01:39:49.725198+00:00,blocked,TSLAUSDT,hold,strategy,logged,0,0.00,379.0900,,No trade signal
2026-09-25T01:39:54.486912+00:00,blocked,AAPLUSDT,hold,strategy,logged,0,0.00,335.6100,,No trade signal
2026-09-25T01:44:37.601193+00:00,blocked,TSLAUSDT,hold,autonomous,logged,0,0.00,379.2700,,No trade signal
2026-09-25T01:44:41.078636+00:00,blocked,AAPLUSDT,hold,autonomous,logged,0,0.00,336.0700,,No trade signal
2026-09-25T01:44:41.084909+00:00,blocked,TSLAUSDT,hold,autonomous,logged,0,0.00,379.2700,,No trade signal
2026-09-25T01:44:45.595634+00:00,blocked,AAPLUSDT,hold,autonomous,logged,0,0.00,336.0700,,No trade signal
2026-09-25T01:44:53.299759+00:00,blocked,TSLAUSDT,hold,strategy,logged,0,0.00,379.2600,,No trade signal
2026-09-25T01:44:57.092887+00:00,blocked,AAPLUSDT,hold,strategy,logged,0,0.00,336.0500,,No trade signal
2026-09-25T01:44:57.148371+00:00,blocked,TSLAUSDT,hold,strategy,logged,0,0.00,379.2600,,No trade signal
2026-09-25T01:45:02.65819+00:00,blocked,AAPLUSDT,hold,strategy,logged,0,0.00,335.9900,,No trade signal
2026-09-25T01:49:44.404582+00:00,blocked,TSLAUSDT,hold,autonomous,logged,0,0.00,379.1900,,No trade signal
2026-09-25T01:49:48.11194+00:00,blocked,AAPLUSDT,hold,autonomous,logged,0,0.00,335.9700,,No trade signal
2026-09-25T01:49:51.234498+00:00,blocked,TSLAUSDT,hold,autonomous,logged,0,0.00,379.1900,,No trade signal
2026-09-25T01:49:52.690759+00:00,blocked,AAPLUSDT,hold,autonomous,logged,0,0.00,335.9700,,No trade signal
2026-09-25T01:50:01.412045+00:00,blocked,TSLAUSDT,hold,strategy,logged,0,0.00,379.1900,,No trade signal
2026-09-25T01:50:07.021062+00:00,blocked,AAPLUSDT,hold,strategy,logged,0,0.00,335.9700,,No trade signal
2026-09-25T01:50:15.698081+00:00,blocked,TSLAUSDT,hold,strategy,logged,0,0.00,379.2000,,No trade signal
2026-09-25T01:50:18.814716+00:00,blocked,AAPLUSDT,hold,strategy,logged,0,0.00,335.9700,,No trade signal
2026-09-25T01:54:51.234727+00:00,blocked,TSLAUSDT,hold,autonomous,logged,0,0.00,379.2500,,No trade signal
2026-09-25T01:54:55.457719+00:00,blocked,AAPLUSDT,hold,autonomous,logged,0,0.00,335.8600,,No trade signal
2026-09-25T01:54:55.461634+00:00,blocked,TSLAUSDT,hold,autonomous,logged,0,0.00,379.2500,,No trade signal
2026-09-25T01:54:57.202368+00:00,blocked,AAPLUSDT,hold,autonomous,logged,0,0.00,335.8600,,No trade signal
2026-09-25T01:55:11.850778+00:00,blocked,TSLAUSDT,hold,strategy,logged,0,0.00,379.2500,,No trade signal
2026-09-25T01:55:15.284803+00:00,blocked,AAPLUSDT,hold,strategy,logged,0,0.00,335.8600,,No trade signal
2026-09-25T01:55:21.889008+00:00,blocked,TSLAUSDT,hold,strategy,logged,0,0.00,379.2700,,No trade signal
2026-09-25T01:55:24.012935+00:00,blocked,AAPLUSDT,hold,strategy,logged,0,0.00,335.8600,,No trade signal
2026-09-25T02:00:00.934824+00:00,blocked,TSLAUSDT,hold,autonomous,logged,0,0.00,379.2700,,No trade signal
2026-09-25T02:00:20.337967+00:00,blocked,AAPLUSDT,hold,autonomous,logged,0,0.00,335.8500,,No trade signal
2026-09-25T02:00:20.338338+00:00,blocked,TSLAUSDT,hold,autonomous,logged,0,0.00,379.3400,,No trade signal
2026-09-25T02:00:22.561923+00:00,blocked,AAPLUSDT,hold,autonomous,logged,0,0.00,335.8500,,No trade signal
2026-09-25T02:00:22.56314+00:00,blocked,TSLAUSDT,hold,strategy,logged,0,0.00,379.3400,,No trade signal
2026-09-25T02:00:30.919607+00:00,blocked,TSLAUSDT,hold,strategy,logged,0,0.00,379.3400,,No trade signal
2026-09-25T02:00:35.839956+00:00,blocked,AAPLUSDT,hold,strategy,logged,0,0.00,335.8500,,No trade signal
2026-09-25T02:00:37.141979+00:00,blocked,AAPLUSDT,hold,strategy,logged,0,0.00,335.8500,,No trade signal
2026-09-25T02:05:30.919287+00:00,blocked,TSLAUSDT,hold,autonomous,logged,0,0.00,379.5100,,No trade signal
2026-09-25T02:05:35.877377+00:00,blocked,AAPLUSDT,hold,autonomous,logged,0,0.00,335.6900,,No trade signal
2026-09-25T02:05:35.878583+00:00,blocked,TSLAUSDT,hold,autonomous,logged,0,0.00,379.5900,,No trade signal
2026-09-25T02:05:40.08743+00:00,blocked,AAPLUSDT,hold,autonomous,logged,0,0.00,335.6900,,No trade signal
2026-09-25T02:05:41.835463+00:00,blocked,TSLAUSDT,hold,strategy,logged,0,0.00,379.5900,,No trade signal
2026-09-25T02:05:42.146467+00:00,blocked,TSLAUSDT,hold,strategy,logged,0,0.00,379.5900,,No trade signal
2026-09-25T02:05:45.717718+00:00,blocked,AAPLUSDT,hold,strategy,logged,0,0.00,335.6900,,No trade signal
2026-09-25T02:05:47.538327+00:00,blocked,AAPLUSDT,hold,strategy,logged,0,0.00,335.6900,,No trade signal
2026-09-25T02:10:38.943907+00:00,blocked,TSLAUSDT,hold,autonomous,logged,0,0.00,379.8000,,No trade signal
2026-09-25T02:10:42.020951+00:00,blocked,AAPLUSDT,hold,autonomous,logged,0,0.00,335.7800,,No trade signal
2026-09-25T02:10:42.121364+00:00,blocked,TSLAUSDT,hold,autonomous,logged,0,0.00,379.8000,,No trade signal
2026-09-25T02:10:47.291759+00:00,blocked,AAPLUSDT,hold,autonomous,logged,0,0.00,335.7800,,No trade signal
2026-09-25T02:10:50.916263+00:00,blocked,TSLAUSDT,hold,strategy,logged,0,0.00,379.8000,,No trade signal
2026-09-25T02:10:55.087698+00:00,blocked,TSLAUSDT,hold,strategy,logged,0,0.00,379.8000,,No trade signal
2026-09-25T02:10:55.087181+00:00,blocked,AAPLUSDT,hold,strategy,logged,0,0.00,335.7800,,No trade signal
2026-09-25T02:11:00.423282+00:00,blocked,AAPLUSDT,hold,strategy,logged,0,0.00,335.7800,,No trade signal
2026-09-25T02:15:45.893676+00:00,blocked,TSLAUSDT,hold,autonomous,logged,0,0.00,379.6100,,No trade signal
2026-09-25T02:15:50.449463+00:00,blocked,AAPLUSDT,hold,autonomous,logged,0,0.00,335.8400,,No trade signal
2026-09-25T02:15:50.45046+00:00,blocked,TSLAUSDT,hold,autonomous,logged,0,0.00,379.6100,,No trade signal
2026-09-25T02:15:55.985838+00:00,blocked,AAPLUSDT,hold,autonomous,logged,0,0.00,335.8400,,No trade signal
2026-09-25T02:15:59.230639+00:00,blocked,TSLAUSDT,hold,strategy,logged,0,0.00,379.6100,,No trade signal
2026-09-25T02:16:03.220612+00:00,blocked,AAPLUSDT,hold,strategy,logged,0,0.00,335.8400,,No trade signal
2026-09-25T02:16:03.221822+00:00,blocked,TSLAUSDT,hold,strategy,logged,0,0.00,379.6200,,No trade signal
2026-09-25T02:16:08.847352+00:00,blocked,AAPLUSDT,hold,strategy,logged,0,0.00,335.8400,,No trade signal
2026-09-25T02:20:54.636418+00:00,blocked,TSLAUSDT,hold,autonomous,logged,0,0.00,379.8200,,No trade signal
2026-09-25T02:20:58.578644+00:00,blocked,TSLAUSDT,hold,autonomous,logged,0,0.00,379.8200,,No trade signal
2026-09-25T02:20:58.578292+00:00,blocked,AAPLUSDT,hold,autonomous,logged,0,0.00,335.9100,,No trade signal
2026-09-25T02:21:00.345787+00:00,blocked,AAPLUSDT,hold,autonomous,logged,0,0.00,335.9100,,No trade signal
2026-09-25T02:21:07.328409+00:00,blocked,TSLAUSDT,hold,strategy,logged,0,0.00,379.8000,,No trade signal
2026-09-25T02:21:10.870979+00:00,blocked,AAPLUSDT,hold,strategy,logged,0,0.00,335.9100,,No trade signal
2026-09-25T02:21:10.882284+00:00,blocked,TSLAUSDT,hold,strategy,logged,0,0.00,379.8000,,No trade signal
2026-09-25T02:21:15.397649+00:00,blocked,AAPLUSDT,hold,strategy,logged,0,0.00,335.9500,,No trade signal
2026-09-25T02:26:04.10089+00:00,blocked,TSLAUSDT,hold,autonomous,logged,0,0.00,379.6800,,No trade signal
2026-09-25T02:26:08.01763+00:00,blocked,TSLAUSDT,hold,autonomous,logged,0,0.00,379.6800,,No trade signal
2026-09-25T02:26:08.017272+00:00,blocked,AAPLUSDT,hold,autonomous,logged,0,0.00,335.8700,,No trade signal
2026-09-25T02:26:12.992241+00:00,blocked,AAPLUSDT,hold,autonomous,logged,0,0.00,335.8700,,No trade signal
2026-09-25T02:26:14.534691+00:00,blocked,TSLAUSDT,hold,strategy,logged,0,0.00,379.6900,,No trade signal
2026-09-25T02:26:18.18283+00:00,blocked,AAPLUSDT,hold,strategy,logged,0,0.00,335.8700,,No trade signal
2026-09-25T02:26:18.184219+00:00,blocked,TSLAUSDT,hold,strategy,logged,0,0.00,379.6900,,No trade signal
2026-09-25T02:26:22.523055+00:00,blocked,AAPLUSDT,hold,strategy,logged,0,0.00,335.8700,,No trade signal
2026-09-25T02:31:11.831074+00:00,blocked,TSLAUSDT,hold,autonomous,logged,0,0.00,379.4900,,No trade signal
2026-09-25T02:31:16.046505+00:00,blocked,AAPLUSDT,hold,autonomous,logged,0,0.00,335.7400,,No trade signal
2026-09-25T02:31:16.047648+00:00,blocked,TSLAUSDT,hold,autonomous,logged,0,0.00,379.4900,,No trade signal
2026-09-25T02:31:21.259375+00:00,blocked,AAPLUSDT,hold,autonomous,logged,0,0.00,335.7400,,No trade signal
2026-09-25T02:31:21.32588+00:00,blocked,TSLAUSDT,hold,strategy,logged,0,0.00,379.4900,,No trade signal
2026-09-25T02:31:26.328439+00:00,blocked,AAPLUSDT,hold,strategy,logged,0,0.00,335.7400,,No trade signal
2026-09-25T02:31:26.384823+00:00,blocked,TSLAUSDT,hold,strategy,logged,0,0.00,379.4900,,No trade signal
2026-09-25T02:31:31.087444+00:00,blocked,AAPLUSDT,hold,strategy,logged,0,0.00,335.7400,,No trade signal
2026-09-25T02:36:20.033671+00:00,blocked,TSLAUSDT,hold,autonomous,logged,0,0.00,379.1300,,No trade signal
2026-09-25T02:36:24.698635+00:00,blocked,TSLAUSDT,hold,autonomous,logged,0,0.00,379.1300,,No trade signal
2026-09-25T02:36:24.698135+00:00,blocked,AAPLUSDT,hold,autonomous,logged,0,0.00,335.6700,,No trade signal
2026-09-25T02:36:26.323018+00:00,blocked,AAPLUSDT,hold,autonomous,logged,0,0.00,335.6700,,No trade signal
2026-09-25T02:36:31.017297+00:00,blocked,TSLAUSDT,hold,strategy,logged,0,0.00,379.1300,,No trade signal
2026-09-25T02:36:34.44023+00:00,blocked,AAPLUSDT,hold,strategy,logged,0,0.00,335.6700,,No trade signal
2026-09-25T02:36:34.441374+00:00,blocked,TSLAUSDT,hold,strategy,logged,0,0.00,379.1300,,No trade signal
2026-09-25T02:36:39.621546+00:00,blocked,AAPLUSDT,hold,strategy,logged,0,0.00,335.6700,,No trade signal
2026-09-25T02:41:29.787741+00:00,blocked,TSLAUSDT,hold,autonomous,logged,0,0.00,379.1500,,No trade signal
2026-09-25T02:41:33.322214+00:00,blocked,AAPLUSDT,hold,autonomous,logged,0,0.00,335.7700,,No trade signal
2026-09-25T02:41:33.323163+00:00,blocked,TSLAUSDT,hold,autonomous,logged,0,0.00,379.1500,,No trade signal
2026-09-25T02:41:38.225594+00:00,blocked,AAPLUSDT,hold,autonomous,logged,0,0.00,335.7700,,No trade signal
2026-09-25T02:41:38.423434+00:00,blocked,TSLAUSDT,hold,strategy,logged,0,0.00,379.1500,,No trade signal
2026-09-25T02:41:42.824576+00:00,blocked,AAPLUSDT,hold,strategy,logged,0,0.00,335.7700,,No trade signal
2026-09-25T02:41:42.825914+00:00,blocked,TSLAUSDT,hold,strategy,logged,0,0.00,379.1500,,No trade signal
2026-09-25T02:41:47.699138+00:00,blocked,AAPLUSDT,hold,strategy,logged,0,0.00,335.7700,,No trade signal
2026-09-25T02:46:37.102259+00:00,blocked,TSLAUSDT,hold,autonomous,logged,0,0.00,379.0100,,No trade signal
2026-09-25T02:46:43.531477+00:00,blocked,AAPLUSDT,hold,autonomous,logged,0,0.00,335.8500,,No trade signal
2026-09-25T02:46:43.532769+00:00,blocked,TSLAUSDT,hold,autonomous,logged,0,0.00,378.9700,,No trade signal
2026-09-25T02:46:47.918168+00:00,blocked,TSLAUSDT,hold,strategy,logged,0,0.00,378.9700,,No trade signal
2026-09-25T02:46:49.112661+00:00,blocked,AAPLUSDT,hold,autonomous,logged,0,0.00,335.8500,,No trade signal
2026-09-25T02:46:52.408861+00:00,blocked,AAPLUSDT,hold,strategy,logged,0,0.00,335.8500,,No trade signal
2026-09-25T02:46:52.410025+00:00,blocked,TSLAUSDT,hold,strategy,logged,0,0.00,378.9700,,No trade signal
2026-09-25T02:46:58.779095+00:00,blocked,AAPLUSDT,hold,strategy,logged,0,0.00,335.8500,,No trade signal
2026-09-25T02:51:47.917813+00:00,blocked,TSLAUSDT,hold,autonomous,logged,0,0.00,379.0000,,No trade signal
2026-09-25T02:51:52.710619+00:00,blocked,AAPLUSDT,hold,autonomous,logged,0,0.00,335.6900,,No trade signal
2026-09-25T02:51:56.507199+00:00,blocked,TSLAUSDT,hold,autonomous,logged,0,0.00,379.0700,,No trade signal
2026-09-25T02:51:57.923538+00:00,blocked,AAPLUSDT,hold,autonomous,logged,0,0.00,335.6900,,No trade signal
2026-09-25T02:51:57.924566+00:00,blocked,TSLAUSDT,hold,strategy,logged,0,0.00,379.0700,,No trade signal
2026-09-25T02:52:03.330525+00:00,blocked,AAPLUSDT,hold,strategy,logged,0,0.00,335.6900,,No trade signal
2026-09-25T02:52:03.331559+00:00,blocked,TSLAUSDT,hold,strategy,logged,0,0.00,379.0700,,No trade signal
2026-09-25T02:52:05.007078+00:00,blocked,AAPLUSDT,hold,strategy,logged,0,0.00,335.6900,,No trade signal
2026-09-25T02:56:56.506892+00:00,blocked,TSLAUSDT,hold,autonomous,logged,0,0.00,379.3100,,No trade signal
2026-09-25T02:57:00.331268+00:00,blocked,AAPLUSDT,hold,autonomous,logged,0,0.00,335.6900,,No trade signal
2026-09-25T02:57:00.332466+00:00,blocked,TSLAUSDT,hold,autonomous,logged,0,0.00,379.3100,,No trade signal
2026-09-25T02:57:05.287532+00:00,blocked,AAPLUSDT,hold,autonomous,logged,0,0.00,335.6900,,No trade signal
2026-09-25T02:57:07.682003+00:00,blocked,TSLAUSDT,hold,strategy,logged,0,0.00,379.3100,,No trade signal
2026-09-25T02:57:11.370481+00:00,blocked,AAPLUSDT,hold,strategy,logged,0,0.00,335.6900,,No trade signal
2026-09-25T02:57:11.461877+00:00,blocked,TSLAUSDT,hold,strategy,logged,0,0.00,379.3100,,No trade signal
2026-09-25T02:57:16.800672+00:00,blocked,AAPLUSDT,hold,strategy,logged,0,0.00,335.6900,,No trade signal
2026-09-25T03:02:03.985409+00:00,blocked,TSLAUSDT,hold,autonomous,logged,0,0.00,379.3600,,No trade signal
2026-09-25T03:02:08.225906+00:00,blocked,AAPLUSDT,hold,autonomous,logged,0,0.00,335.8500,,No trade signal
2026-09-25T03:02:08.226458+00:00,blocked,TSLAUSDT,hold,autonomous,logged,0,0.00,379.3600,,No trade signal
2026-09-25T03:02:12.62621+00:00,blocked,AAPLUSDT,hold,autonomous,logged,0,0.00,335.8500,,No trade signal
2026-09-25T03:02:15.627166+00:00,blocked,TSLAUSDT,hold,strategy,logged,0,0.00,379.3600,,No trade signal
2026-09-25T03:02:19.061327+00:00,blocked,AAPLUSDT,hold,strategy,logged,0,0.00,335.8500,,No trade signal
2026-09-25T03:02:19.06236+00:00,blocked,TSLAUSDT,hold,strategy,logged,0,0.00,379.3600,,No trade signal
2026-09-25T03:02:20.809968+00:00,blocked,AAPLUSDT,hold,strategy,logged,0,0.00,335.8500,,No trade signal
2026-09-25T03:10:55.811522+00:00,blocked,TSLAUSDT,hold,strategy,logged,0,0.00,379.5900,,No trade signal
2026-09-25T03:10:55.812104+00:00,blocked,TSLAUSDT,hold,strategy,logged,0,0.00,379.5900,,No trade signal
2026-09-25T03:10:55.813997+00:00,blocked,TSLAUSDT,hold,autonomous,logged,0,0.00,379.5900,,No trade signal
2026-09-25T03:10:55.81495+00:00,blocked,TSLAUSDT,hold,autonomous,logged,0,0.00,379.5900,,No trade signal
2026-09-25T03:11:00.364137+00:00,blocked,AAPLUSDT,hold,autonomous,logged,0,0.00,335.8900,,No trade signal
2026-09-25T03:11:01.650039+00:00,blocked,AAPLUSDT,hold,autonomous,logged,0,0.00,335.8900,,No trade signal
2026-09-25T03:11:02.986609+00:00,blocked,AAPLUSDT,hold,strategy,logged,0,0.00,335.8900,,No trade signal
2026-09-25T03:11:06.306407+00:00,blocked,AAPLUSDT,hold,strategy,logged,0,0.00,335.8900,,No trade signal
2026-09-25T03:16:09.905903+00:00,blocked,TSLAUSDT,hold,autonomous,logged,0,0.00,379.5200,,No trade signal
2026-09-25T03:16:13.827905+00:00,blocked,TSLAUSDT,hold,strategy,logged,0,0.00,379.5200,,No trade signal
2026-09-25T03:16:13.82782+00:00,blocked,TSLAUSDT,hold,autonomous,logged,0,0.00,379.5200,,No trade signal
2026-09-25T03:16:13.82718+00:00,blocked,AAPLUSDT,hold,autonomous,logged,0,0.00,335.8900,,No trade signal
2026-09-25T03:16:22.026797+00:00,blocked,TSLAUSDT,hold,strategy,logged,0,0.00,379.5200,,No trade signal
2026-09-25T03:16:23.279134+00:00,blocked,AAPLUSDT,hold,autonomous,logged,0,0.00,335.8900,,No trade signal
2026-09-25T03:16:24.576207+00:00,blocked,AAPLUSDT,hold,strategy,logged,0,0.00,335.8900,,No trade signal
2026-09-25T03:16:29.170626+00:00,blocked,AAPLUSDT,hold,strategy,logged,0,0.00,335.8900,,No trade signal
2026-09-25T03:21:22.027407+00:00,blocked,TSLAUSDT,hold,autonomous,logged,0,0.00,379.4800,,No trade signal
2026-09-25T03:21:25.856327+00:00,blocked,AAPLUSDT,hold,autonomous,logged,0,0.00,335.8800,,No trade signal
2026-09-25T03:21:25.897851+00:00,blocked,TSLAUSDT,hold,autonomous,logged,0,0.00,379.4800,,No trade signal
2026-09-25T03:21:31.267103+00:00,blocked,AAPLUSDT,hold,autonomous,logged,0,0.00,335.8800,,No trade signal
2026-09-25T03:21:31.294617+00:00,blocked,TSLAUSDT,hold,strategy,logged,0,0.00,379.4800,,No trade signal
2026-09-25T03:21:34.217608+00:00,blocked,AAPLUSDT,hold,strategy,logged,0,0.00,335.8800,,No trade signal
2026-09-25T03:21:34.330905+00:00,blocked,TSLAUSDT,hold,strategy,logged,0,0.00,379.4800,,No trade signal
2026-09-25T03:21:38.909062+00:00,blocked,AAPLUSDT,hold,strategy,logged,0,0.00,335.8800,,No trade signal
2026-09-25T03:26:29.996153+00:00,blocked,TSLAUSDT,hold,autonomous,logged,0,0.00,379.5100,,No trade signal
2026-09-25T03:26:33.600991+00:00,blocked,AAPLUSDT,hold,autonomous,logged,0,0.00,335.8500,,No trade signal
2026-09-25T03:26:33.646346+00:00,blocked,TSLAUSDT,hold,autonomous,logged,0,0.00,379.5100,,No trade signal
2026-09-25T03:26:37.419538+00:00,blocked,TSLAUSDT,hold,strategy,logged,0,0.00,379.5100,,No trade signal
2026-09-25T03:26:38.625265+00:00,blocked,AAPLUSDT,hold,autonomous,logged,0,0.00,335.8500,,No trade signal
2026-09-25T03:26:40.10267+00:00,blocked,AAPLUSDT,hold,strategy,logged,0,0.00,335.8500,,No trade signal
2026-09-25T03:26:42.780426+00:00,blocked,TSLAUSDT,hold,strategy,logged,0,0.00,379.5100,,No trade signal
2026-09-25T03:26:45.824138+00:00,blocked,AAPLUSDT,hold,strategy,logged,0,0.00,335.8500,,No trade signal
2026-09-25T03:31:37.419045+00:00,blocked,TSLAUSDT,hold,autonomous,logged,0,0.00,379.4500,,No trade signal
2026-09-25T03:31:42.086755+00:00,blocked,AAPLUSDT,hold,autonomous,logged,0,0.00,335.7000,,No trade signal
2026-09-25T03:31:42.0879+00:00,blocked,TSLAUSDT,hold,autonomous,logged,0,0.00,379.4500,,No trade signal
2026-09-25T03:31:43.726919+00:00,blocked,TSLAUSDT,hold,strategy,logged,0,0.00,379.4500,,No trade signal
2026-09-25T03:31:43.726668+00:00,blocked,AAPLUSDT,hold,autonomous,logged,0,0.00,335.7000,,No trade signal
2026-09-25T03:31:49.299149+00:00,blocked,AAPLUSDT,hold,strategy,logged,0,0.00,335.7000,,No trade signal
2026-09-25T03:31:50.940956+00:00,blocked,TSLAUSDT,hold,strategy,logged,0,0.00,379.4500,,No trade signal
2026-09-25T03:31:54.332656+00:00,blocked,AAPLUSDT,hold,strategy,logged,0,0.00,335.7000,,No trade signal
2026-09-25T03:36:46.880117+00:00,blocked,TSLAUSDT,hold,autonomous,logged,0,0.00,379.4400,,No trade signal
2026-09-25T03:36:50.725702+00:00,blocked,TSLAUSDT,hold,autonomous,logged,0,0.00,379.4400,,No trade signal
2026-09-25T03:36:50.7252+00:00,blocked,AAPLUSDT,hold,autonomous,logged,0,0.00,335.7300,,No trade signal
2026-09-25T03:36:50.940506+00:00,blocked,TSLAUSDT,hold,strategy,logged,0,0.00,379.4400,,No trade signal
2026-09-25T03:36:52.425691+00:00,blocked,AAPLUSDT,hold,autonomous,logged,0,0.00,335.7300,,No trade signal
2026-09-25T03:36:58.112428+00:00,blocked,AAPLUSDT,hold,strategy,logged,0,0.00,335.6700,,No trade signal
2026-09-25T03:36:58.212852+00:00,blocked,TSLAUSDT,hold,strategy,logged,0,0.00,379.4400,,No trade signal
2026-09-25T03:37:03.123432+00:00,blocked,AAPLUSDT,hold,strategy,logged,0,0.00,335.6700,,No trade signal
2026-09-25T03:41:55.710565+00:00,blocked,TSLAUSDT,hold,autonomous,logged,0,0.00,379.6700,,No trade signal
2026-09-25T03:41:59.809339+00:00,blocked,AAPLUSDT,hold,autonomous,logged,0,0.00,335.5200,,No trade signal
2026-09-25T03:41:59.810533+00:00,blocked,TSLAUSDT,hold,strategy,logged,0,0.00,379.6700,,No trade signal
2026-09-25T03:41:59.810463+00:00,blocked,TSLAUSDT,hold,autonomous,logged,0,0.00,379.6700,,No trade signal
2026-09-25T03:42:01.538976+00:00,blocked,AAPLUSDT,hold,autonomous,logged,0,0.00,335.5200,,No trade signal
2026-09-25T03:42:06.579855+00:00,blocked,AAPLUSDT,hold,strategy,logged,0,0.00,335.5200,,No trade signal
2026-09-25T03:42:07.821343+00:00,blocked,TSLAUSDT,hold,strategy,logged,0,0.00,379.7200,,No trade signal
2026-09-25T03:42:12.935542+00:00,blocked,AAPLUSDT,hold,strategy,logged,0,0.00,335.5200,,No trade signal
2026-09-25T03:47:05.282393+00:00,blocked,TSLAUSDT,hold,autonomous,logged,0,0.00,379.3200,,No trade signal
2026-09-25T03:47:10.257945+00:00,blocked,TSLAUSDT,hold,autonomous,logged,0,0.00,379.3200,,No trade signal
2026-09-25T03:47:10.257552+00:00,blocked,AAPLUSDT,hold,autonomous,logged,0,0.00,335.2900,,No trade signal
2026-09-25T03:47:10.258021+00:00,blocked,TSLAUSDT,hold,strategy,logged,0,0.00,379.3200,,No trade signal
2026-09-25T03:47:15.735603+00:00,blocked,AAPLUSDT,hold,autonomous,logged,0,0.00,335.2900,,No trade signal
2026-09-25T03:47:17.106709+00:00,blocked,TSLAUSDT,hold,strategy,logged,0,0.00,379.3200,,No trade signal
2026-09-25T03:47:17.106236+00:00,blocked,AAPLUSDT,hold,strategy,logged,0,0.00,335.2900,,No trade signal
2026-09-25T03:47:21.694055+00:00,blocked,AAPLUSDT,hold,strategy,logged,0,0.00,335.2900,,No trade signal
2026-09-25T03:52:14.53064+00:00,blocked,TSLAUSDT,hold,autonomous,logged,0,0.00,379.4000,,No trade signal
2026-09-25T03:52:18.999938+00:00,blocked,AAPLUSDT,hold,autonomous,logged,0,0.00,335.5000,,No trade signal
2026-09-25T03:52:19.083351+00:00,blocked,TSLAUSDT,hold,autonomous,logged,0,0.00,379.4900,,No trade signal
2026-09-25T03:52:23.906884+00:00,blocked,AAPLUSDT,hold,autonomous,logged,0,0.00,335.5000,,No trade signal
2026-09-25T03:52:24.00736+00:00,blocked,TSLAUSDT,hold,strategy,logged,0,0.00,379.4900,,No trade signal
2026-09-25T03:52:26.830943+00:00,blocked,AAPLUSDT,hold,strategy,logged,0,0.00,335.5000,,No trade signal
2026-09-25T03:52:26.849263+00:00,blocked,TSLAUSDT,hold,strategy,logged,0,0.00,379.4900,,No trade signal
2026-09-25T03:52:32.231532+00:00,blocked,AAPLUSDT,hold,strategy,logged,0,0.00,335.5000,,No trade signal
2026-09-25T05:21:47.399273+00:00,blocked,TSLAUSDT,hold,strategy,logged,0,0.00,379.6400,,No trade signal
2026-09-25T05:21:47.401053+00:00,blocked,TSLAUSDT,hold,strategy,logged,0,0.00,379.6400,,No trade signal
2026-09-25T05:21:47.4022+00:00,blocked,TSLAUSDT,hold,autonomous,logged,0,0.00,379.6400,,No trade signal
2026-09-25T05:21:47.403141+00:00,blocked,TSLAUSDT,hold,autonomous,logged,0,0.00,379.6400,,No trade signal
2026-09-25T05:21:50.014939+00:00,blocked,AAPLUSDT,hold,autonomous,logged,0,0.00,335.4300,,No trade signal
2026-09-25T05:21:53.740409+00:00,blocked,AAPLUSDT,hold,autonomous,logged,0,0.00,335.4300,,No trade signal
2026-09-25T05:21:54.935099+00:00,blocked,AAPLUSDT,hold,strategy,logged,0,0.00,335.4300,,No trade signal
2026-09-25T05:21:59.21092+00:00,blocked,AAPLUSDT,hold,strategy,logged,0,0.00,335.4300,,No trade signal
2026-09-25T05:26:56.133229+00:00,blocked,TSLAUSDT,hold,autonomous,logged,0,0.00,379.4900,,No trade signal
2026-09-25T05:26:58.577841+00:00,blocked,AAPLUSDT,hold,autonomous,logged,0,0.00,335.2700,,No trade signal
2026-09-25T05:27:04.490282+00:00,blocked,TSLAUSDT,hold,autonomous,logged,0,0.00,379.4900,,No trade signal
2026-09-25T05:27:08.73382+00:00,blocked,AAPLUSDT,hold,autonomous,logged,0,0.00,335.2700,,No trade signal
2026-09-25T05:27:08.734456+00:00,blocked,TSLAUSDT,hold,strategy,logged,0,0.00,379.4900,,No trade signal
2026-09-25T05:27:12.836028+00:00,blocked,TSLAUSDT,hold,strategy,logged,0,0.00,379.4900,,No trade signal
2026-09-25T05:27:14.633215+00:00,blocked,AAPLUSDT,hold,strategy,logged,0,0.00,335.2700,,No trade signal
2026-09-25T05:27:17.907574+00:00,blocked,AAPLUSDT,hold,strategy,logged,0,0.00,335.2700,,No trade signal
2026-09-25T05:32:00.095176+00:00,blocked,TSLAUSDT,hold,autonomous,logged,0,0.00,379.7000,,No trade signal
2026-09-25T05:32:03.07149+00:00,blocked,AAPLUSDT,hold,autonomous,logged,0,0.00,335.7400,,No trade signal
2026-09-25T05:32:12.834832+00:00,blocked,TSLAUSDT,hold,autonomous,logged,0,0.00,379.7000,,No trade signal
2026-09-25T05:32:16.029458+00:00,blocked,AAPLUSDT,hold,autonomous,logged,0,0.00,335.7400,,No trade signal
2026-09-25T05:32:19.425631+00:00,blocked,TSLAUSDT,hold,strategy,logged,0,0.00,379.7000,,No trade signal
2026-09-25T05:32:21.124212+00:00,blocked,AAPLUSDT,hold,strategy,logged,0,0.00,335.7400,,No trade signal
2026-09-25T05:32:22.730559+00:00,blocked,TSLAUSDT,hold,strategy,logged,0,0.00,379.7000,,No trade signal
2026-09-25T05:32:26.495436+00:00,blocked,AAPLUSDT,hold,strategy,logged,0,0.00,335.7400,,No trade signal
2026-09-25T07:37:03.009294+00:00,blocked,TSLAUSDT,hold,strategy,logged,0,0.00,380.8700,,No trade signal
2026-09-25T07:37:03.010048+00:00,blocked,TSLAUSDT,hold,strategy,logged,0,0.00,380.8700,,No trade signal
2026-09-25T07:37:03.012058+00:00,blocked,TSLAUSDT,hold,autonomous,logged,0,0.00,380.8700,,No trade signal
2026-09-25T07:37:03.013131+00:00,blocked,TSLAUSDT,hold,autonomous,logged,0,0.00,380.8700,,No trade signal
2026-09-25T07:37:08.396942+00:00,blocked,AAPLUSDT,hold,autonomous,logged,0,0.00,335.8900,,No trade signal
2026-09-25T07:37:09.751361+00:00,blocked,AAPLUSDT,hold,autonomous,logged,0,0.00,335.8900,,No trade signal
2026-09-25T07:37:10.943782+00:00,blocked,AAPLUSDT,hold,strategy,logged,0,0.00,335.8900,,No trade signal
2026-09-25T07:37:17.481298+00:00,blocked,AAPLUSDT,hold,strategy,logged,0,0.00,335.8900,,No trade signal
2026-09-25T07:42:13.96043+00:00,blocked,TSLAUSDT,hold,autonomous,logged,0,0.00,380.8200,,No trade signal
2026-09-25T07:42:18.105223+00:00,blocked,AAPLUSDT,hold,autonomous,logged,0,0.00,335.9100,,No trade signal
2026-09-25T07:42:21.501791+00:00,blocked,TSLAUSDT,hold,strategy,logged,0,0.00,380.8200,,No trade signal
2026-09-25T07:42:21.501667+00:00,blocked,TSLAUSDT,hold,autonomous,logged,0,0.00,380.8200,,No trade signal
2026-09-25T07:42:23.306367+00:00,blocked,AAPLUSDT,hold,autonomous,logged,0,0.00,335.9100,,No trade signal
2026-09-25T07:42:24.505568+00:00,blocked,AAPLUSDT,hold,strategy,logged,0,0.00,335.9100,,No trade signal
2026-09-25T07:42:24.508165+00:00,blocked,TSLAUSDT,hold,strategy,logged,0,0.00,380.7500,,No trade signal
2026-09-25T07:42:29.171281+00:00,blocked,AAPLUSDT,hold,strategy,logged,0,0.00,335.9100,,No trade signal
2026-09-25T07:47:21.502085+00:00,blocked,TSLAUSDT,hold,autonomous,logged,0,0.00,381.0000,,No trade signal
2026-09-25T07:47:25.483253+00:00,blocked,AAPLUSDT,hold,autonomous,logged,0,0.00,335.9300,,No trade signal
2026-09-25T07:47:29.030467+00:00,blocked,TSLAUSDT,hold,autonomous,logged,0,0.00,381.0000,,No trade signal
2026-09-25T07:47:30.589699+00:00,blocked,AAPLUSDT,hold,autonomous,logged,0,0.00,335.9400,,No trade signal
2026-09-25T07:47:30.688135+00:00,blocked,TSLAUSDT,hold,strategy,logged,0,0.00,380.9900,,No trade signal
2026-09-25T07:47:33.490605+00:00,blocked,AAPLUSDT,hold,strategy,logged,0,0.00,335.9400,,No trade signal
2026-09-25T07:47:33.853104+00:00,blocked,TSLAUSDT,hold,strategy,logged,0,0.00,380.9900,,No trade signal
2026-09-25T07:47:39.964215+00:00,blocked,AAPLUSDT,hold,strategy,logged,0,0.00,335.9400,,No trade signal
2026-09-25T07:52:29.030583+00:00,blocked,TSLAUSDT,hold,autonomous,logged,0,0.00,380.7500,,No trade signal
2026-09-25T07:52:33.272688+00:00,blocked,AAPLUSDT,hold,autonomous,logged,0,0.00,335.9100,,No trade signal
2026-09-25T07:52:33.273863+00:00,blocked,TSLAUSDT,hold,autonomous,logged,0,0.00,380.7500,,No trade signal
2026-09-25T07:52:34.848072+00:00,blocked,AAPLUSDT,hold,autonomous,logged,0,0.00,335.9100,,No trade signal
2026-09-25T07:52:38.007937+00:00,blocked,TSLAUSDT,hold,strategy,logged,0,0.00,380.7500,,No trade signal
2026-09-25T07:52:41.082157+00:00,blocked,AAPLUSDT,hold,strategy,logged,0,0.00,335.9100,,No trade signal
2026-09-25T07:52:43.608324+00:00,blocked,TSLAUSDT,hold,strategy,logged,0,0.00,380.7500,,No trade signal
2026-09-25T07:52:46.886584+00:00,blocked,AAPLUSDT,hold,strategy,logged,0,0.00,335.9100,,No trade signal
2026-09-25T10:19:41.202255+00:00,blocked,TSLAUSDT,hold,strategy,logged,0,0.00,381.4600,,No trade signal
2026-09-25T10:19:41.203035+00:00,blocked,TSLAUSDT,hold,strategy,logged,0,0.00,381.4600,,No trade signal
2026-09-25T10:19:46.479000+00:00,position_opened,TSLAUSDT,buy,autonomous,submitted,1,381.46,381.4600,,Encrypted intent submitted · 2787c747…
2026-09-25T10:19:41.206084+00:00,buy,TSLAUSDT,buy,autonomous,rejected,1,381.46,381.4600,,symbol not available on this market
2026-09-25T10:19:46.238134+00:00,blocked,AAPLUSDT,hold,strategy,logged,0,0.00,335.8600,,No trade signal
2026-09-25T10:19:47.49481+00:00,blocked,AAPLUSDT,hold,strategy,logged,0,0.00,335.8600,,No trade signal
2026-09-25T10:19:51.154818+00:00,blocked,AAPLUSDT,hold,autonomous,logged,0,0.00,335.8600,,No trade signal
2026-09-25T10:19:52.322993+00:00,blocked,AAPLUSDT,hold,autonomous,logged,0,0.00,335.8600,,No trade signal
2026-09-25T10:24:55.293155+00:00,blocked,TSLAUSDT,hold,strategy,logged,0,0.00,381.2000,,No trade signal
2026-09-25T10:24:59.227218+00:00,blocked,AAPLUSDT,hold,strategy,logged,0,0.00,335.8800,,No trade signal
2026-09-25T10:24:59.228447+00:00,buy,TSLAUSDT,buy,autonomous,skipped_existing_position,1,381.18,381.1800,,Position already open
2026-09-25T10:24:59.228356+00:00,blocked,TSLAUSDT,hold,strategy,logged,0,0.00,381.1800,,No trade signal
2026-09-25T10:25:01.033206+00:00,blocked,AAPLUSDT,hold,autonomous,logged,0,0.00,335.8800,,No trade signal
2026-09-25T10:25:05.519306+00:00,buy,TSLAUSDT,buy,autonomous,rejected,1,381.18,381.1800,,symbol not available on this market
2026-09-25T10:25:06.777647+00:00,blocked,AAPLUSDT,hold,strategy,logged,0,0.00,335.8800,,No trade signal
2026-09-25T10:25:15.187572+00:00,blocked,AAPLUSDT,hold,autonomous,logged,0,0.00,335.8800,,No trade signal
2026-09-25T10:30:05.518879+00:00,blocked,TSLAUSDT,hold,strategy,logged,0,0.00,381.4800,,No trade signal
2026-09-25T10:30:17.435963+00:00,blocked,AAPLUSDT,hold,strategy,logged,0,0.00,335.8800,,No trade signal
2026-09-25T10:30:17.44039+00:00,blocked,TSLAUSDT,hold,strategy,logged,0,0.00,381.3400,,No trade signal
2026-09-25T10:30:17.440277+00:00,buy,TSLAUSDT,buy,autonomous,skipped_existing_position,1,381.34,381.3400,,Position already open
2026-09-25T10:30:19.774759+00:00,blocked,AAPLUSDT,hold,autonomous,logged,0,0.00,335.8800,,No trade signal
2026-09-25T10:30:19.775894+00:00,buy,TSLAUSDT,buy,autonomous,rejected,1,381.36,381.3600,,symbol not available on this market
2026-09-25T10:30:21.212963+00:00,blocked,AAPLUSDT,hold,strategy,logged,0,0.00,335.8800,,No trade signal
2026-09-25T10:30:30.229798+00:00,blocked,AAPLUSDT,hold,autonomous,logged,0,0.00,335.8700,,No trade signal
2026-09-25T10:35:24.323849+00:00,blocked,TSLAUSDT,hold,strategy,logged,0,0.00,381.3600,,No trade signal
2026-09-25T10:35:27.829379+00:00,blocked,AAPLUSDT,hold,strategy,logged,0,0.00,335.9000,,No trade signal
2026-09-25T10:35:27.883877+00:00,blocked,TSLAUSDT,hold,strategy,logged,0,0.00,381.3600,,No trade signal
2026-09-25T10:35:27.883745+00:00,buy,TSLAUSDT,buy,autonomous,skipped_existing_position,1,381.36,381.3600,,Position already open
2026-09-25T10:35:29.98294+00:00,blocked,AAPLUSDT,hold,autonomous,logged,0,0.00,335.9000,,No trade signal
2026-09-25T10:35:34.603538+00:00,blocked,AAPLUSDT,hold,strategy,logged,0,0.00,335.9000,,No trade signal
2026-09-25T10:35:35.97462+00:00,buy,TSLAUSDT,buy,autonomous,rejected,1,381.36,381.3600,,symbol not available on this market
2026-09-25T10:35:41.98013+00:00,blocked,AAPLUSDT,hold,autonomous,logged,0,0.00,335.9000,,No trade signal
2026-09-25T10:40:33.442931+00:00,blocked,TSLAUSDT,hold,strategy,logged,0,0.00,381.2700,,No trade signal
2026-09-25T10:40:38.425868+00:00,blocked,AAPLUSDT,hold,strategy,logged,0,0.00,335.7200,,No trade signal
2026-09-25T10:40:38.42718+00:00,blocked,TSLAUSDT,hold,strategy,logged,0,0.00,381.2000,,No trade signal
2026-09-25T10:40:38.427091+00:00,buy,TSLAUSDT,buy,autonomous,skipped_existing_position,1,381.20,381.2000,,Position already open
2026-09-25T10:40:40.457809+00:00,blocked,AAPLUSDT,hold,autonomous,logged,0,0.00,335.7200,,No trade signal
2026-09-25T10:40:46.045337+00:00,blocked,AAPLUSDT,hold,strategy,logged,0,0.00,335.7200,,No trade signal
2026-09-25T10:40:47.315816+00:00,buy,TSLAUSDT,buy,autonomous,rejected,1,381.10,381.1000,,symbol not available on this market
2026-09-25T10:40:52.535493+00:00,blocked,AAPLUSDT,hold,autonomous,logged,0,0.00,335.7500,,No trade signal
2026-09-25T10:45:44.841392+00:00,blocked,TSLAUSDT,hold,strategy,logged,0,0.00,381.3100,,No trade signal
2026-09-25T10:45:49.134344+00:00,blocked,AAPLUSDT,hold,strategy,logged,0,0.00,335.7300,,No trade signal
2026-09-25T10:45:49.135633+00:00,blocked,TSLAUSDT,hold,strategy,logged,0,0.00,381.3100,,No trade signal
2026-09-25T10:45:49.135556+00:00,buy,TSLAUSDT,buy,autonomous,skipped_existing_position,1,381.31,381.3100,,Position already open
2026-09-25T10:45:51.614214+00:00,blocked,AAPLUSDT,hold,autonomous,logged,0,0.00,335.7300,,No trade signal
2026-09-25T10:45:55.783451+00:00,blocked,AAPLUSDT,hold,strategy,logged,0,0.00,335.7300,,No trade signal
2026-09-25T10:45:56.98952+00:00,buy,TSLAUSDT,buy,autonomous,rejected,1,381.31,381.3100,,symbol not available on this market
2026-09-25T10:46:03.179465+00:00,blocked,AAPLUSDT,hold,autonomous,logged,0,0.00,335.7300,,No trade signal
2026-09-25T11:51:39.581741+00:00,blocked,TSLAUSDT,hold,strategy,logged,0,0.00,382.4700,,No trade signal
2026-09-25T11:51:39.58245+00:00,blocked,TSLAUSDT,hold,strategy,logged,0,0.00,382.3300,,No trade signal
2026-09-25T11:51:40.965000+00:00,position_opened,TSLAUSDT,buy,autonomous,submitted,1,382.33,382.3300,,Encrypted intent submitted · 4e972da8…
2026-09-25T11:51:39.585452+00:00,buy,TSLAUSDT,buy,autonomous,rejected,1,382.33,382.3300,,symbol not available on this market
2026-09-25T11:51:42.063809+00:00,blocked,AAPLUSDT,hold,strategy,logged,0,0.00,336.1900,,No trade signal
2026-09-25T11:51:45.296782+00:00,blocked,AAPLUSDT,hold,strategy,logged,0,0.00,336.1900,,No trade signal
2026-09-25T11:51:48.453328+00:00,blocked,AAPLUSDT,hold,autonomous,logged,0,0.00,336.1900,,No trade signal
2026-09-25T11:51:49.547257+00:00,blocked,AAPLUSDT,hold,autonomous,logged,0,0.00,336.1800,,No trade signal
2026-09-25T11:56:52.791797+00:00,blocked,TSLAUSDT,hold,strategy,logged,0,0.00,382.3100,,No trade signal
2026-09-25T11:56:56.953047+00:00,blocked,AAPLUSDT,hold,strategy,logged,0,0.00,336.2000,,No trade signal
2026-09-25T11:57:03.515000+00:00,position_opened,TSLAUSDT,buy,autonomous,submitted,1,382.10,382.1000,,Encrypted intent submitted · 62d2b4f6…
2026-09-25T11:56:56.954523+00:00,blocked,TSLAUSDT,hold,strategy,logged,0,0.00,382.1000,,No trade signal
2026-09-25T11:57:02.067305+00:00,buy,TSLAUSDT,buy,autonomous,rejected,1,382.09,382.0900,,symbol not available on this market
2026-09-25T11:57:03.235138+00:00,blocked,AAPLUSDT,hold,strategy,logged,0,0.00,336.2000,,No trade signal
2026-09-25T11:57:05.206346+00:00,blocked,AAPLUSDT,hold,autonomous,logged,0,0.00,336.2000,,No trade signal
2026-09-25T11:57:11.530978+00:00,blocked,AAPLUSDT,hold,autonomous,logged,0,0.00,336.2000,,No trade signal
2026-09-25T12:02:02.066916+00:00,blocked,TSLAUSDT,hold,strategy,logged,0,0.00,382.1500,,No trade signal
2026-09-25T12:02:06.046221+00:00,blocked,AAPLUSDT,hold,strategy,logged,0,0.00,336.1800,,No trade signal
2026-09-25T12:02:10.044668+00:00,blocked,TSLAUSDT,hold,strategy,logged,0,0.00,382.1300,,No trade signal
2026-09-25T12:02:12.209000+00:00,position_opened,TSLAUSDT,buy,autonomous,submitted,1,382.13,382.1300,,Encrypted intent submitted · 9dbce68d…
2026-09-25T12:02:11.64885+00:00,blocked,AAPLUSDT,hold,strategy,logged,0,0.00,336.1800,,No trade signal
2026-09-25T12:02:14.239148+00:00,blocked,AAPLUSDT,hold,autonomous,logged,0,0.00,336.2400,,No trade signal
2026-09-25T12:02:15.748344+00:00,buy,TSLAUSDT,buy,autonomous,rejected,1,382.19,382.1900,,symbol not available on this market
2026-09-25T12:02:20.256933+00:00,blocked,AAPLUSDT,hold,autonomous,logged,0,0.00,336.2000,,No trade signal
2026-09-25T12:07:10.045141+00:00,blocked,TSLAUSDT,hold,strategy,logged,0,0.00,382.1100,,No trade signal
2026-09-25T12:07:15.371687+00:00,blocked,AAPLUSDT,hold,strategy,logged,0,0.00,336.0100,,No trade signal
2026-09-25T12:07:15.372122+00:00,blocked,TSLAUSDT,hold,strategy,logged,0,0.00,382.0600,,No trade signal
2026-09-25T12:07:21.050000+00:00,position_opened,TSLAUSDT,buy,autonomous,submitted,1,382.02,382.0200,,Encrypted intent submitted · 6d42436c…
2026-09-25T12:07:20.419297+00:00,blocked,AAPLUSDT,hold,strategy,logged,0,0.00,336.0600,,No trade signal
2026-09-25T12:07:23.036611+00:00,blocked,AAPLUSDT,hold,autonomous,logged,0,0.00,336.0600,,No trade signal
2026-09-25T12:07:24.529441+00:00,buy,TSLAUSDT,buy,autonomous,rejected,1,382.02,382.0200,,symbol not available on this market
2026-09-25T12:07:29.075157+00:00,blocked,AAPLUSDT,hold,autonomous,logged,0,0.00,336.0600,,No trade signal
2026-09-25T12:12:19.235178+00:00,blocked,TSLAUSDT,hold,strategy,logged,0,0.00,381.9900,,No trade signal
2026-09-25T12:12:23.828228+00:00,blocked,AAPLUSDT,hold,strategy,logged,0,0.00,336.2500,,No trade signal
2026-09-25T12:12:23.829861+00:00,blocked,TSLAUSDT,hold,strategy,logged,0,0.00,381.6900,,No trade signal
2026-09-25T12:12:25.651+00:00,blocked,AAPLUSDT,hold,strategy,logged,0,0.00,336.2500,,No trade signal
2026-09-25T12:12:25.652179+00:00,buy,TSLAUSDT,buy,autonomous,skipped_existing_position,1,381.69,381.6900,,Position already open
2026-09-25T12:12:30.553239+00:00,blocked,AAPLUSDT,hold,autonomous,logged,0,0.00,336.2500,,No trade signal
2026-09-25T12:12:33.554159+00:00,buy,TSLAUSDT,buy,autonomous,rejected,1,381.90,381.9000,,symbol not available on this market
2026-09-25T12:12:37.941783+00:00,blocked,AAPLUSDT,hold,autonomous,logged,0,0.00,336.2300,,No trade signal
2026-09-25T12:17:29.324327+00:00,blocked,TSLAUSDT,hold,strategy,logged,0,0.00,381.3600,,No trade signal
2026-09-25T12:17:34.134449+00:00,blocked,AAPLUSDT,hold,strategy,logged,0,0.00,336.4300,,No trade signal
2026-09-25T12:17:34.135126+00:00,buy,TSLAUSDT,buy,autonomous,skipped_existing_position,1,381.40,381.4000,,Position already open
2026-09-25T12:17:34.135002+00:00,blocked,TSLAUSDT,hold,strategy,logged,0,0.00,381.4000,,No trade signal
2026-09-25T12:17:35.934232+00:00,blocked,AAPLUSDT,hold,autonomous,logged,0,0.00,336.4300,,No trade signal
2026-09-25T12:17:37.126675+00:00,blocked,AAPLUSDT,hold,strategy,logged,0,0.00,336.3500,,No trade signal
2026-09-25T12:31:33.969354+00:00,blocked,TSLAUSDT,hold,strategy,logged,0,0.00,381.8600,,No trade signal
2026-09-25T12:31:33.970106+00:00,blocked,TSLAUSDT,hold,strategy,logged,0,0.00,381.8000,,No trade signal
2026-09-25T12:31:33.972096+00:00,buy,TSLAUSDT,buy,autonomous,skipped_existing_position,1,381.86,381.8600,,Position already open
2026-09-25T12:31:33.973304+00:00,buy,TSLAUSDT,buy,autonomous,rejected,1,381.84,381.8400,,symbol not available on this market
2026-09-25T12:31:35.847887+00:00,blocked,AAPLUSDT,hold,autonomous,logged,0,0.00,336.1700,,No trade signal
2026-09-25T12:31:40.373934+00:00,blocked,AAPLUSDT,hold,strategy,logged,0,0.00,336.3300,,No trade signal
2026-09-25T12:31:41.648932+00:00,blocked,AAPLUSDT,hold,strategy,logged,0,0.00,336.3000,,No trade signal
2026-09-25T12:31:47.522217+00:00,blocked,AAPLUSDT,hold,autonomous,logged,0,0.00,336.3500,,No trade signal
2026-09-25T12:36:42.853637+00:00,buy,TSLAUSDT,buy,autonomous,skipped_existing_position,1,381.50,381.5000,,Position already open
2026-09-25T12:36:45.090339+00:00,blocked,AAPLUSDT,hold,autonomous,logged,0,0.00,336.1700,,No trade signal
2026-09-25T12:36:51.072834+00:00,blocked,TSLAUSDT,hold,strategy,logged,0,0.00,381.4600,,No trade signal
2026-09-25T12:36:55.21987+00:00,blocked,AAPLUSDT,hold,strategy,logged,0,0.00,336.2400,,No trade signal
2026-09-25T12:36:55.221149+00:00,blocked,TSLAUSDT,hold,strategy,logged,0,0.00,381.5100,,No trade signal
2026-09-25T12:36:59.762259+00:00,buy,TSLAUSDT,buy,autonomous,rejected,1,381.50,381.5000,,symbol not available on this market
2026-09-25T12:37:00.945384+00:00,blocked,AAPLUSDT,hold,strategy,logged,0,0.00,336.2400,,No trade signal
2026-09-25T12:37:05.758266+00:00,blocked,AAPLUSDT,hold,autonomous,logged,0,0.00,336.2400,,No trade signal
2026-09-25T12:41:46.578571+00:00,buy,TSLAUSDT,buy,autonomous,skipped_existing_position,1,381.48,381.4800,,Position already open
2026-09-25T12:41:48.354124+00:00,blocked,AAPLUSDT,hold,autonomous,logged,0,0.00,336.0500,,No trade signal
2026-09-25T12:41:59.761331+00:00,blocked,TSLAUSDT,hold,strategy,logged,0,0.00,381.4800,,No trade signal
2026-09-25T12:42:04.321967+00:00,blocked,AAPLUSDT,hold,strategy,logged,0,0.00,336.1000,,No trade signal
2026-09-25T12:42:08.151979+00:00,blocked,TSLAUSDT,hold,strategy,logged,0,0.00,381.4700,,No trade signal
2026-09-25T12:42:09.764371+00:00,blocked,AAPLUSDT,hold,strategy,logged,0,0.00,336.1000,,No trade signal
2026-09-25T12:42:10.213376+00:00,buy,TSLAUSDT,buy,autonomous,rejected,1,381.35,381.3500,,symbol not available on this market
2026-09-25T12:42:15.599253+00:00,blocked,AAPLUSDT,hold,autonomous,logged,0,0.00,336.1900,,No trade signal
2026-09-25T12:46:49.949298+00:00,buy,TSLAUSDT,buy,autonomous,skipped_existing_position,1,381.30,381.3000,,Position already open
2026-09-25T12:46:51.9908+00:00,blocked,AAPLUSDT,hold,autonomous,logged,0,0.00,336.1000,,No trade signal
2026-09-25T12:47:08.151498+00:00,blocked,TSLAUSDT,hold,strategy,logged,0,0.00,381.4000,,No trade signal
2026-09-25T12:47:11.855896+00:00,blocked,TSLAUSDT,hold,strategy,logged,0,0.00,381.4000,,No trade signal
2026-09-25T12:47:11.855334+00:00,blocked,AAPLUSDT,hold,strategy,logged,0,0.00,336.1500,,No trade signal
2026-09-25T12:47:13.641858+00:00,blocked,AAPLUSDT,hold,strategy,logged,0,0.00,336.1500,,No trade signal
2026-09-25T12:47:19.712522+00:00,buy,TSLAUSDT,buy,autonomous,rejected,1,381.51,381.5100,,symbol not available on this market
2026-09-25T12:47:24.665855+00:00,blocked,AAPLUSDT,hold,autonomous,logged,0,0.00,336.1400,,No trade signal
2026-09-25T12:51:53.573128+00:00,buy,TSLAUSDT,buy,autonomous,skipped_existing_position,1,381.00,381.0000,,Position already open
2026-09-25T12:51:55.870782+00:00,blocked,AAPLUSDT,hold,autonomous,logged,0,0.00,335.9900,,No trade signal
2026-09-25T12:52:17.444344+00:00,blocked,TSLAUSDT,hold,strategy,logged,0,0.00,381.1000,,No trade signal
2026-09-25T12:52:21.950718+00:00,blocked,AAPLUSDT,hold,strategy,logged,0,0.00,336.1300,,No trade signal
2026-09-25T12:52:21.955572+00:00,blocked,TSLAUSDT,hold,strategy,logged,0,0.00,381.1000,,No trade signal
2026-09-25T12:52:27.390374+00:00,blocked,AAPLUSDT,hold,strategy,logged,0,0.00,336.1300,,No trade signal
2026-09-25T12:52:28.931408+00:00,buy,TSLAUSDT,buy,autonomous,rejected,1,380.90,380.9000,,symbol not available on this market
2026-09-25T12:52:33.174727+00:00,blocked,AAPLUSDT,hold,autonomous,logged,0,0.00,336.1300,,No trade signal
2026-09-25T14:46:04.028423+00:00,hold,TSLAUSDT,hold,strategy,rejected,5,1910.69,382.1380,,No trade signal
2026-09-25T14:46:04.029921+00:00,blocked,TSLAUSDT,hold,strategy,logged,0,0.00,368.9700,,No trade signal
2026-09-25T14:46:05.513000+00:00,position_closed,TSLAUSDT,close,autonomous,closed,5,1910.69,382.1380,-71.48,Position closed
2026-09-25T14:46:04.031465+00:00,blocked,TSLAUSDT,sell,autonomous,logged,1,368.77,368.7700,,
2026-09-25T14:46:10.695801+00:00,blocked,AAPLUSDT,hold,strategy,logged,0,0.00,336.8400,,No trade signal
2026-09-25T14:46:11.997791+00:00,blocked,AAPLUSDT,hold,autonomous,logged,0,0.00,336.8800,,No trade signal
2026-09-25T14:46:15.421629+00:00,blocked,AAPLUSDT,hold,autonomous,logged,0,0.00,336.8100,,No trade signal
2026-09-25T14:46:16.637606+00:00,blocked,AAPLUSDT,hold,strategy,logged,0,0.00,336.8400,,No trade signal
2026-09-25T14:51:18.932000+00:00,position_opened,TSLAUSDT,sell,autonomous,submitted,1,370.10,370.1000,,Encrypted intent submitted · 466337be…
2026-09-25T14:51:20.140396+00:00,blocked,AAPLUSDT,hold,autonomous,logged,0,0.00,337.5300,,No trade signal
2026-09-25T14:51:21.933111+00:00,blocked,TSLAUSDT,sell,autonomous,logged,1,370.05,370.0500,,
2026-09-25T14:51:26.320763+00:00,blocked,AAPLUSDT,hold,autonomous,logged,0,0.00,337.5200,,No trade signal
2026-09-25T14:51:26.32256+00:00,blocked,TSLAUSDT,hold,strategy,logged,0,0.00,370.4000,,No trade signal
2026-09-25T14:51:30.720672+00:00,blocked,TSLAUSDT,hold,strategy,logged,0,0.00,370.4200,,No trade signal
2026-09-25T14:51:38.02549+00:00,blocked,AAPLUSDT,hold,strategy,logged,0,0.00,337.5600,,No trade signal
2026-09-25T14:51:40.437868+00:00,blocked,AAPLUSDT,hold,strategy,logged,0,0.00,337.5600,,No trade signal
2026-09-25T14:52:23.27668+00:00,blocked,AAPLUSDT,hold,autonomous,logged,0,0.00,337.4100,,No trade signal
2026-09-25T14:52:23.276657+00:00,blocked,AAPLUSDT,hold,autonomous,logged,0,0.00,337.4100,,No trade signal
2026-09-25T14:52:23.276618+00:00,blocked,AAPLUSDT,hold,strategy,logged,0,0.00,337.4100,,No trade signal
2026-09-25T14:52:23.276499+00:00,blocked,AAPLUSDT,hold,strategy,logged,0,0.00,337.4100,,No trade signal
2026-09-25T14:52:38.027000+00:00,position_opened,TSLAUSDT,sell,strategy,submitted,1,369.93,369.9300,,Encrypted intent submitted · f896d1e6…
2026-09-25T14:52:31.385421+00:00,blocked,TSLAUSDT,sell,autonomous,logged,1,369.93,369.9300,,
2026-09-25T14:52:38.028000+00:00,position_opened,TSLAUSDT,sell,autonomous,submitted,1,369.99,369.9900,,Encrypted intent submitted · fb5927f8…
2026-09-25T14:52:36.198762+00:00,blocked,TSLAUSDT,sell,strategy,logged,1,369.93,369.9300,,
2026-09-25T14:57:41.770363+00:00,blocked,AAPLUSDT,hold,autonomous,logged,0,0.00,337.5800,,No trade signal
2026-09-25T14:57:46.216256+00:00,blocked,TSLAUSDT,sell,autonomous,logged,1,370.74,370.7400,,
2026-09-25T14:57:46.217739+00:00,blocked,AAPLUSDT,hold,strategy,logged,0,0.00,337.5200,,No trade signal
2026-09-25T14:57:46.217636+00:00,blocked,AAPLUSDT,hold,strategy,logged,0,0.00,337.5200,,No trade signal
2026-09-25T14:57:48.066979+00:00,sell,TSLAUSDT,sell,strategy,skipped_existing_position,1,370.69,370.6900,,Position already open
2026-09-25T14:57:48.067954+00:00,blocked,AAPLUSDT,hold,autonomous,logged,0,0.00,337.5200,,No trade signal
2026-09-25T14:57:51.966185+00:00,blocked,TSLAUSDT,sell,strategy,logged,1,370.84,370.8400,,
2026-09-25T14:57:56.605142+00:00,sell,TSLAUSDT,sell,autonomous,skipped_existing_position,1,370.86,370.8600,,Position already open
2026-09-25T15:02:21.895884+00:00,blocked,AAPLUSDT,hold,strategy,logged,0,0.00,337.6300,,No trade signal
2026-09-25T15:02:21.896395+00:00,blocked,AAPLUSDT,hold,strategy,logged,0,0.00,337.6300,,No trade signal
2026-09-25T15:02:21.897827+00:00,blocked,AAPLUSDT,hold,autonomous,logged,0,0.00,337.6300,,No trade signal
2026-09-25T15:02:21.898169+00:00,blocked,AAPLUSDT,hold,autonomous,logged,0,0.00,337.6300,,No trade signal
2026-09-25T15:02:26.288911+00:00,blocked,TSLAUSDT,sell,strategy,logged,1,372.23,372.2300,,
2026-09-25T15:02:29.388484+00:00,blocked,TSLAUSDT,sell,autonomous,logged,1,372.19,372.1900,,
2026-09-25T15:02:30.619839+00:00,sell,TSLAUSDT,sell,autonomous,skipped_existing_position,1,372.19,372.1900,,Position already open
2026-09-25T15:02:31.823661+00:00,sell,TSLAUSDT,sell,strategy,skipped_existing_position,1,372.23,372.2300,,Position already open
2026-09-25T15:07:33.218152+00:00,blocked,AAPLUSDT,hold,autonomous,logged,0,0.00,337.6600,,No trade signal
2026-09-25T15:07:35.336976+00:00,blocked,AAPLUSDT,hold,strategy,logged,0,0.00,337.7100,,No trade signal
2026-09-25T15:07:35.336032+00:00,sell,TSLAUSDT,sell,autonomous,skipped_existing_position,1,372.92,372.9200,,Position already open
2026-09-25T15:07:38.608634+00:00,blocked,AAPLUSDT,hold,autonomous,logged,0,0.00,337.6300,,No trade signal
2026-09-25T15:07:38.608032+00:00,sell,TSLAUSDT,sell,strategy,skipped_existing_position,1,373.18,373.1800,,Position already open
2026-09-25T15:07:44.929358+00:00,blocked,TSLAUSDT,sell,autonomous,logged,1,373.01,373.0100,,
2026-09-25T15:07:44.930629+00:00,blocked,AAPLUSDT,hold,strategy,logged,0,0.00,337.6500,,No trade signal
2026-09-25T15:07:49.406133+00:00,blocked,TSLAUSDT,sell,strategy,logged,1,373.04,373.0400,,
2026-09-25T15:12:37.376661+00:00,blocked,AAPLUSDT,hold,autonomous,logged,0,0.00,337.2700,,No trade signal
2026-09-25T15:12:39.738842+00:00,sell,TSLAUSDT,sell,autonomous,skipped_existing_position,1,371.77,371.7700,,Position already open
2026-09-25T15:12:46.244113+00:00,blocked,AAPLUSDT,hold,strategy,logged,0,0.00,337.3600,,No trade signal
2026-09-25T15:12:47.710332+00:00,sell,TSLAUSDT,sell,strategy,skipped_existing_position,1,372.03,372.0300,,Position already open
2026-09-25T15:12:53.745001+00:00,blocked,AAPLUSDT,hold,autonomous,logged,0,0.00,337.4100,,No trade signal
2026-09-25T15:12:57.746807+00:00,blocked,TSLAUSDT,sell,autonomous,logged,1,371.96,371.9600,,
2026-09-25T15:12:57.747851+00:00,blocked,AAPLUSDT,hold,strategy,logged,0,0.00,337.3700,,No trade signal
2026-09-25T15:13:01.476346+00:00,blocked,TSLAUSDT,sell,strategy,logged,1,371.86,371.8600,,
2026-09-25T15:17:41.390888+00:00,blocked,AAPLUSDT,hold,autonomous,logged,0,0.00,338.0600,,No trade signal
2026-09-25T15:17:43.611631+00:00,sell,TSLAUSDT,sell,autonomous,skipped_existing_position,1,370.21,370.2100,,Position already open
2026-09-25T15:17:49.189132+00:00,blocked,AAPLUSDT,hold,strategy,logged,0,0.00,338.1300,,No trade signal
2026-09-25T15:17:50.910883+00:00,sell,TSLAUSDT,sell,strategy,skipped_existing_position,1,370.15,370.1500,,Position already open
2026-09-25T15:18:06.103773+00:00,blocked,AAPLUSDT,hold,autonomous,logged,0,0.00,338.0900,,No trade signal
2026-09-25T15:18:10.121818+00:00,blocked,TSLAUSDT,sell,autonomous,logged,1,370.05,370.0500,,
2026-09-25T15:18:10.125342+00:00,blocked,AAPLUSDT,hold,strategy,logged,0,0.00,338.0900,,No trade signal
2026-09-25T15:18:13.43594+00:00,blocked,TSLAUSDT,sell,strategy,logged,1,370.05,370.0500,,
2026-09-25T15:22:45.231753+00:00,blocked,AAPLUSDT,hold,autonomous,logged,0,0.00,338.3500,,No trade signal
2026-09-25T15:22:47.316325+00:00,sell,TSLAUSDT,sell,autonomous,skipped_existing_position,1,370.36,370.3600,,Position already open
2026-09-25T15:22:52.406772+00:00,blocked,AAPLUSDT,hold,strategy,logged,0,0.00,338.3200,,No trade signal
2026-09-25T15:22:53.997566+00:00,sell,TSLAUSDT,sell,strategy,skipped_existing_position,1,370.25,370.2500,,Position already open
2026-09-25T15:23:17.40841+00:00,blocked,AAPLUSDT,hold,autonomous,logged,0,0.00,338.4400,,No trade signal
2026-09-25T15:23:20.990223+00:00,blocked,TSLAUSDT,sell,autonomous,logged,1,370.17,370.1700,,
2026-09-25T15:23:21.012525+00:00,blocked,AAPLUSDT,hold,strategy,logged,0,0.00,338.4300,,No trade signal
2026-09-25T15:23:24.637483+00:00,blocked,TSLAUSDT,sell,strategy,logged,1,370.06,370.0600,,
2026-09-25T15:27:49.230488+00:00,blocked,AAPLUSDT,hold,autonomous,logged,0,0.00,338.4400,,No trade signal
2026-09-25T15:27:51.787585+00:00,sell,TSLAUSDT,sell,autonomous,skipped_existing_position,1,370.64,370.6400,,Position already open
2026-09-25T15:27:55.445058+00:00,blocked,AAPLUSDT,hold,strategy,logged,0,0.00,338.4800,,No trade signal
2026-09-25T15:27:57.335429+00:00,sell,TSLAUSDT,sell,strategy,skipped_existing_position,1,370.59,370.5900,,Position already open
2026-09-25T15:28:28.095357+00:00,blocked,AAPLUSDT,hold,autonomous,logged,0,0.00,338.4100,,No trade signal
2026-09-25T15:28:32.712804+00:00,blocked,TSLAUSDT,sell,autonomous,logged,1,370.46,370.4600,,
2026-09-25T15:28:32.713821+00:00,blocked,AAPLUSDT,hold,strategy,logged,0,0.00,338.4600,,No trade signal
2026-09-25T15:28:36.288497+00:00,blocked,TSLAUSDT,sell,strategy,logged,1,370.46,370.4600,,
2026-09-25T15:32:53.316656+00:00,blocked,AAPLUSDT,hold,autonomous,logged,0,0.00,338.6900,,No trade signal
2026-09-25T15:32:55.155985+00:00,sell,TSLAUSDT,sell,autonomous,skipped_existing_position,1,370.89,370.8900,,Position already open
2026-09-25T15:32:58.916384+00:00,blocked,AAPLUSDT,hold,strategy,logged,0,0.00,338.7900,,No trade signal
2026-09-25T15:33:00.536277+00:00,sell,TSLAUSDT,sell,strategy,skipped_existing_position,1,370.97,370.9700,,Position already open
2026-09-25T15:33:39.802127+00:00,blocked,AAPLUSDT,hold,autonomous,logged,0,0.00,338.8500,,No trade signal
2026-09-25T15:33:44.443869+00:00,blocked,AAPLUSDT,hold,strategy,logged,0,0.00,338.9800,,No trade signal
2026-09-25T15:33:44.443415+00:00,blocked,TSLAUSDT,sell,autonomous,logged,1,371.32,371.3200,,
2026-09-25T15:33:47.824777+00:00,blocked,TSLAUSDT,sell,strategy,logged,1,371.20,371.2000,,
2026-09-25T15:37:57.042716+00:00,blocked,AAPLUSDT,hold,autonomous,logged,0,0.00,338.4900,,No trade signal
2026-09-25T15:37:59.097926+00:00,sell,TSLAUSDT,sell,autonomous,skipped_existing_position,1,370.82,370.8200,,Position already open
2026-09-25T15:38:04.187518+00:00,blocked,AAPLUSDT,hold,strategy,logged,0,0.00,338.5400,,No trade signal
2026-09-25T15:38:05.714419+00:00,sell,TSLAUSDT,sell,strategy,skipped_existing_position,1,370.90,370.9000,,Position already open
2026-09-25T15:38:51.590958+00:00,blocked,AAPLUSDT,hold,autonomous,logged,0,0.00,338.2800,,No trade signal
2026-09-25T15:38:57.491662+00:00,blocked,TSLAUSDT,sell,autonomous,logged,1,370.72,370.7200,,
2026-09-25T15:38:57.49268+00:00,blocked,AAPLUSDT,hold,strategy,logged,0,0.00,338.3300,,No trade signal
2026-09-25T15:39:02.399039+00:00,blocked,TSLAUSDT,sell,strategy,logged,1,370.63,370.6300,,
2026-09-25T15:43:01.497494+00:00,blocked,AAPLUSDT,hold,autonomous,logged,0,0.00,338.4400,,No trade signal
2026-09-25T15:43:03.217686+00:00,sell,TSLAUSDT,sell,autonomous,skipped_existing_position,1,370.71,370.7100,,Position already open
2026-09-25T15:43:07.397802+00:00,blocked,AAPLUSDT,hold,strategy,logged,0,0.00,338.4200,,No trade signal
2026-09-25T15:43:12.005405+00:00,sell,TSLAUSDT,sell,strategy,skipped_existing_position,1,370.90,370.9000,,Position already open
2026-09-25T15:44:06.931509+00:00,blocked,AAPLUSDT,hold,autonomous,logged,0,0.00,338.2300,,No trade signal
2026-09-25T15:44:10.040991+00:00,blocked,TSLAUSDT,sell,autonomous,logged,1,370.69,370.6900,,
2026-09-25T15:44:14.281887+00:00,blocked,AAPLUSDT,hold,strategy,logged,0,0.00,338.2900,,No trade signal
2026-09-25T15:44:18.422088+00:00,blocked,TSLAUSDT,sell,strategy,logged,1,370.56,370.5600,,
2026-09-25T15:48:04.953562+00:00,blocked,AAPLUSDT,hold,autonomous,logged,0,0.00,338.4000,,No trade signal
2026-09-25T15:48:07.075462+00:00,sell,TSLAUSDT,sell,autonomous,skipped_existing_position,1,371.28,371.2800,,Position already open
2026-09-25T15:48:14.892572+00:00,blocked,AAPLUSDT,hold,strategy,logged,0,0.00,338.3400,,No trade signal
2026-09-25T15:48:18.003587+00:00,sell,TSLAUSDT,sell,strategy,skipped_existing_position,1,371.17,371.1700,,Position already open
2026-09-25T15:49:14.281766+00:00,blocked,AAPLUSDT,hold,autonomous,logged,0,0.00,338.4200,,No trade signal
2026-09-25T15:49:18.206774+00:00,blocked,TSLAUSDT,sell,autonomous,logged,1,370.99,370.9900,,
2026-09-25T15:49:25.591947+00:00,blocked,AAPLUSDT,hold,strategy,logged,0,0.00,338.4000,,No trade signal
2026-09-25T15:49:30.971272+00:00,blocked,TSLAUSDT,sell,strategy,logged,1,370.81,370.8100,,
2026-09-25T15:53:08.692046+00:00,blocked,AAPLUSDT,hold,autonomous,logged,0,0.00,338.2100,,No trade signal
2026-09-25T15:53:12.024114+00:00,sell,TSLAUSDT,sell,autonomous,skipped_existing_position,1,370.86,370.8600,,Position already open
2026-09-25T15:53:20.212915+00:00,blocked,AAPLUSDT,hold,strategy,logged,0,0.00,338.2500,,No trade signal
2026-09-25T15:53:21.834265+00:00,sell,TSLAUSDT,sell,strategy,skipped_existing_position,1,371.02,371.0200,,Position already open
2026-09-25T15:54:22.726277+00:00,blocked,AAPLUSDT,hold,autonomous,logged,0,0.00,338.3800,,No trade signal
2026-09-25T15:54:27.099339+00:00,blocked,TSLAUSDT,sell,autonomous,logged,1,370.96,370.9600,,
2026-09-25T15:54:35.183152+00:00,blocked,AAPLUSDT,hold,strategy,logged,0,0.00,338.3800,,No trade signal
2026-09-25T15:54:38.829806+00:00,blocked,TSLAUSDT,sell,strategy,logged,1,370.92,370.9200,,
2026-09-25T15:58:14.433535+00:00,blocked,AAPLUSDT,hold,autonomous,logged,0,0.00,339.2900,,No trade signal
2026-09-25T15:58:16.540761+00:00,sell,TSLAUSDT,sell,autonomous,skipped_existing_position,1,372.37,372.3700,,Position already open
2026-09-25T15:58:23.436064+00:00,blocked,AAPLUSDT,hold,strategy,logged,0,0.00,339.3000,,No trade signal
2026-09-25T15:58:24.992261+00:00,sell,TSLAUSDT,sell,strategy,skipped_existing_position,1,372.41,372.4100,,Position already open
2026-09-25T15:59:31.107159+00:00,blocked,AAPLUSDT,hold,autonomous,logged,0,0.00,339.2700,,No trade signal
2026-09-25T15:59:35.411578+00:00,blocked,TSLAUSDT,hold,autonomous,logged,0,0.00,372.9300,,No trade signal
2026-09-25T15:59:42.419424+00:00,blocked,AAPLUSDT,hold,strategy,logged,0,0.00,339.4200,,No trade signal
2026-09-25T15:59:45.931412+00:00,blocked,TSLAUSDT,hold,strategy,logged,0,0.00,372.9600,,No trade signal
2026-09-25T16:03:18.090338+00:00,blocked,AAPLUSDT,hold,autonomous,logged,0,0.00,339.9900,,No trade signal
2026-09-25T16:03:20.200309+00:00,blocked,TSLAUSDT,hold,autonomous,logged,0,0.00,373.7900,,No trade signal
2026-09-25T16:03:26.532343+00:00,blocked,AAPLUSDT,hold,strategy,logged,0,0.00,340.1200,,No trade signal
2026-09-25T16:03:27.984545+00:00,blocked,TSLAUSDT,hold,strategy,logged,0,0.00,373.7600,,No trade signal
2026-09-25T16:04:39.437975+00:00,blocked,AAPLUSDT,hold,autonomous,logged,0,0.00,339.9300,,No trade signal
2026-09-25T16:04:43.982271+00:00,blocked,TSLAUSDT,hold,autonomous,logged,0,0.00,373.2700,,No trade signal
2026-09-25T16:04:50.122206+00:00,blocked,AAPLUSDT,hold,strategy,logged,0,0.00,339.8800,,No trade signal
2026-09-25T16:04:54.344088+00:00,blocked,TSLAUSDT,hold,strategy,logged,0,0.00,373.2000,,No trade signal
2026-09-25T16:08:21.788735+00:00,blocked,AAPLUSDT,hold,autonomous,logged,0,0.00,339.5600,,No trade signal
2026-09-25T16:08:23.69773+00:00,blocked,TSLAUSDT,hold,autonomous,logged,0,0.00,373.8500,,No trade signal
2026-09-25T16:08:29.535227+00:00,blocked,AAPLUSDT,hold,strategy,logged,0,0.00,339.5100,,No trade signal
2026-09-25T16:08:31.42981+00:00,blocked,TSLAUSDT,hold,strategy,logged,0,0.00,373.5500,,No trade signal
2026-09-25T16:09:47.694544+00:00,blocked,AAPLUSDT,hold,autonomous,logged,0,0.00,339.5000,,No trade signal
2026-09-25T16:09:51.165341+00:00,blocked,TSLAUSDT,hold,autonomous,logged,0,0.00,373.9100,,No trade signal
2026-09-25T16:09:58.199115+00:00,blocked,AAPLUSDT,hold,strategy,logged,0,0.00,339.4300,,No trade signal
2026-09-25T16:10:14.782582+00:00,blocked,TSLAUSDT,hold,strategy,logged,0,0.00,373.8200,,No trade signal
2026-09-25T16:13:25.973339+00:00,blocked,AAPLUSDT,hold,autonomous,logged,0,0.00,339.7300,,No trade signal
2026-09-25T16:13:28.32635+00:00,blocked,TSLAUSDT,hold,autonomous,logged,0,0.00,373.9000,,No trade signal
2026-09-25T16:13:33.00656+00:00,blocked,AAPLUSDT,hold,strategy,logged,0,0.00,339.7700,,No trade signal
2026-09-25T16:13:34.636525+00:00,blocked,TSLAUSDT,hold,strategy,logged,0,0.00,373.8000,,No trade signal
2026-09-25T16:14:55.220013+00:00,blocked,AAPLUSDT,hold,autonomous,logged,0,0.00,339.7400,,No trade signal
2026-09-25T16:14:59.017776+00:00,blocked,TSLAUSDT,hold,autonomous,logged,0,0.00,374.0500,,No trade signal
2026-09-25T16:15:19.157937+00:00,blocked,AAPLUSDT,hold,strategy,logged,0,0.00,339.6400,,No trade signal
2026-09-25T16:15:23.184691+00:00,blocked,TSLAUSDT,hold,strategy,logged,0,0.00,374.2100,,No trade signal
2026-09-25T16:18:29.865888+00:00,blocked,AAPLUSDT,hold,autonomous,logged,0,0.00,339.3700,,No trade signal
2026-09-25T16:18:31.714811+00:00,sell,TSLAUSDT,sell,autonomous,skipped_existing_position,1,373.79,373.7900,,Position already open
2026-09-25T16:18:36.298208+00:00,blocked,AAPLUSDT,hold,strategy,logged,0,0.00,339.3300,,No trade signal
2026-09-25T16:18:37.99648+00:00,sell,TSLAUSDT,sell,strategy,skipped_existing_position,1,373.84,373.8400,,Position already open
2026-09-25T16:20:15.796792+00:00,blocked,AAPLUSDT,hold,autonomous,logged,0,0.00,339.3600,,No trade signal
2026-09-25T16:20:20.421077+00:00,blocked,TSLAUSDT,sell,autonomous,logged,1,373.49,373.4900,,
2026-09-25T16:20:26.82307+00:00,blocked,AAPLUSDT,hold,strategy,logged,0,0.00,339.3400,,No trade signal
2026-09-25T16:20:30.810233+00:00,blocked,TSLAUSDT,sell,strategy,logged,1,373.46,373.4600,,
2026-09-25T16:23:33.248256+00:00,blocked,AAPLUSDT,hold,autonomous,logged,0,0.00,339.4700,,No trade signal
2026-09-25T16:23:35.111176+00:00,sell,TSLAUSDT,sell,autonomous,skipped_existing_position,1,371.77,371.7700,,Position already open
2026-09-25T16:23:39.525163+00:00,blocked,AAPLUSDT,hold,strategy,logged,0,0.00,339.4800,,No trade signal
2026-09-25T16:23:41.094815+00:00,sell,TSLAUSDT,sell,strategy,skipped_existing_position,1,371.71,371.7100,,Position already open
2026-09-25T16:25:24.025976+00:00,blocked,AAPLUSDT,hold,autonomous,logged,0,0.00,339.3300,,No trade signal
2026-09-25T16:25:28.489806+00:00,blocked,TSLAUSDT,sell,autonomous,logged,1,372.49,372.4900,,
2026-09-25T16:25:29.349846+00:00,blocked,AAPLUSDT,hold,strategy,logged,0,0.00,339.4500,,No trade signal
2026-09-25T16:25:29.351973+00:00,blocked,AAPLUSDT,hold,strategy,logged,0,0.00,339.4500,,No trade signal
2026-09-25T16:25:29.353567+00:00,blocked,AAPLUSDT,hold,autonomous,logged,0,0.00,339.4500,,No trade signal
2026-09-25T16:25:29.353129+00:00,blocked,AAPLUSDT,hold,autonomous,logged,0,0.00,339.4500,,No trade signal
2026-09-25T16:25:33.75099+00:00,blocked,TSLAUSDT,sell,strategy,logged,1,372.64,372.6400,,
2026-09-25T16:25:34.979645+00:00,sell,TSLAUSDT,sell,autonomous,skipped_existing_position,1,372.53,372.5300,,Position already open
2026-09-25T16:25:36.177491+00:00,blocked,AAPLUSDT,hold,strategy,logged,0,0.00,339.4400,,No trade signal
2026-09-25T16:25:36.208777+00:00,sell,TSLAUSDT,sell,strategy,skipped_existing_position,1,372.61,372.6100,,Position already open
2026-09-25T16:25:39.496458+00:00,blocked,TSLAUSDT,sell,autonomous,logged,1,372.44,372.4400,,
2026-09-25T16:30:41.217651+00:00,blocked,AAPLUSDT,hold,autonomous,logged,0,0.00,340.0100,,No trade signal
2026-09-25T16:30:42.726336+00:00,blocked,AAPLUSDT,hold,strategy,logged,0,0.00,340.0000,,No trade signal
2026-09-25T16:30:46.346047+00:00,sell,TSLAUSDT,sell,autonomous,skipped_existing_position,1,372.16,372.1600,,Position already open
2026-09-25T16:30:46.348101+00:00,blocked,AAPLUSDT,hold,strategy,logged,0,0.00,340.0200,,No trade signal
2026-09-25T16:30:48.176556+00:00,sell,TSLAUSDT,sell,strategy,skipped_existing_position,1,372.21,372.2100,,Position already open
2026-09-25T16:30:53.592505+00:00,blocked,TSLAUSDT,sell,strategy,logged,1,372.12,372.1200,,
2026-09-25T16:30:53.596316+00:00,blocked,AAPLUSDT,hold,autonomous,logged,0,0.00,339.9500,,No trade signal
2026-09-25T16:30:59.04367+00:00,blocked,TSLAUSDT,sell,autonomous,logged,1,372.17,372.1700,,
2026-09-25T16:32:39.739701+00:00,blocked,AAPLUSDT,hold,autonomous,logged,0,0.00,340.0400,,No trade signal
2026-09-25T16:32:39.73968+00:00,blocked,AAPLUSDT,hold,autonomous,logged,0,0.00,340.0400,,No trade signal
2026-09-25T16:32:39.73965+00:00,blocked,AAPLUSDT,hold,strategy,logged,0,0.00,340.0700,,No trade signal
2026-09-25T16:32:39.739557+00:00,blocked,AAPLUSDT,hold,strategy,logged,0,0.00,340.0400,,No trade signal
2026-09-25T16:32:41.837423+00:00,sell,TSLAUSDT,sell,strategy,skipped_existing_position,1,371.52,371.5200,,Position already open
2026-09-25T16:32:46.931033+00:00,blocked,TSLAUSDT,sell,autonomous,logged,1,371.84,371.8400,,
2026-09-25T16:32:51.069058+00:00,blocked,TSLAUSDT,sell,strategy,logged,1,371.84,371.8400,,
2026-09-25T16:32:52.366155+00:00,sell,TSLAUSDT,sell,autonomous,skipped_existing_position,1,371.84,371.8400,,Position already open
2026-09-25T16:37:53.620653+00:00,blocked,AAPLUSDT,hold,strategy,logged,0,0.00,339.5400,,No trade signal
2026-09-25T16:37:55.988671+00:00,sell,TSLAUSDT,sell,strategy,skipped_existing_position,1,372.01,372.0100,,Position already open
2026-09-25T16:37:56.021013+00:00,blocked,AAPLUSDT,hold,autonomous,logged,0,0.00,339.5100,,No trade signal
2026-09-25T16:37:58.817063+00:00,sell,TSLAUSDT,sell,autonomous,skipped_existing_position,1,372.13,372.1300,,Position already open
2026-09-25T16:37:58.920014+00:00,blocked,AAPLUSDT,hold,strategy,logged,0,0.00,339.5000,,No trade signal
2026-09-25T16:38:07.120683+00:00,blocked,AAPLUSDT,hold,autonomous,logged,0,0.00,339.5800,,No trade signal
2026-09-25T16:38:07.12038+00:00,blocked,TSLAUSDT,sell,strategy,logged,1,371.98,371.9800,,
2026-09-25T16:38:10.972358+00:00,blocked,TSLAUSDT,sell,autonomous,logged,1,372.02,372.0200,,
2026-09-25T16:42:57.663185+00:00,blocked,AAPLUSDT,hold,strategy,logged,0,0.00,339.4700,,No trade signal
2026-09-25T16:42:59.989939+00:00,sell,TSLAUSDT,sell,strategy,skipped_existing_position,1,371.92,371.9200,,Position already open
2026-09-25T16:43:02.402782+00:00,blocked,AAPLUSDT,hold,autonomous,logged,0,0.00,339.4500,,No trade signal
2026-09-25T16:43:04.26677+00:00,sell,TSLAUSDT,sell,autonomous,skipped_existing_position,1,371.89,371.8900,,Position already open
2026-09-25T16:43:14.456687+00:00,blocked,AAPLUSDT,hold,strategy,logged,0,0.00,339.4500,,No trade signal
2026-09-25T16:43:17.954852+00:00,blocked,TSLAUSDT,sell,strategy,logged,1,371.94,371.9400,,
2026-09-25T16:43:18.088043+00:00,blocked,AAPLUSDT,hold,autonomous,logged,0,0.00,339.5200,,No trade signal
2026-09-25T16:43:22.349617+00:00,blocked,TSLAUSDT,sell,autonomous,logged,1,371.99,371.9900,,
2026-09-25T16:48:02.402928+00:00,blocked,AAPLUSDT,hold,strategy,logged,0,0.00,339.0900,,No trade signal
2026-09-25T16:48:04.551373+00:00,sell,TSLAUSDT,sell,strategy,skipped_existing_position,1,371.80,371.8000,,Position already open
2026-09-25T16:48:06.248735+00:00,blocked,AAPLUSDT,hold,autonomous,logged,0,0.00,339.0300,,No trade signal
2026-09-25T16:48:07.774581+00:00,sell,TSLAUSDT,sell,autonomous,skipped_existing_position,1,371.74,371.7400,,Position already open
2026-09-25T16:48:25.240876+00:00,blocked,AAPLUSDT,hold,strategy,logged,0,0.00,339.1200,,No trade signal
2026-09-25T16:48:29.736497+00:00,blocked,AAPLUSDT,hold,autonomous,logged,0,0.00,339.0900,,No trade signal
2026-09-25T16:48:29.736193+00:00,blocked,TSLAUSDT,sell,strategy,logged,1,371.64,371.6400,,
2026-09-25T16:48:33.727247+00:00,blocked,TSLAUSDT,sell,autonomous,logged,1,371.60,371.6000,,
2026-09-25T17:45:49.649393+00:00,blocked,AAPLUSDT,hold,strategy,logged,0,0.00,340.0900,,No trade signal
2026-09-25T17:45:49.65041+00:00,blocked,AAPLUSDT,hold,strategy,logged,0,0.00,340.0900,,No trade signal
2026-09-25T17:45:49.652327+00:00,blocked,AAPLUSDT,hold,autonomous,logged,0,0.00,340.0800,,No trade signal
2026-09-25T17:45:49.653707+00:00,blocked,AAPLUSDT,hold,autonomous,logged,0,0.00,340.0800,,No trade signal
2026-09-25T17:45:52.095677+00:00,sell,TSLAUSDT,sell,strategy,skipped_existing_position,1,372.51,372.5100,,Position already open
2026-09-25T17:45:54.767443+00:00,blocked,AAPLUSDT,hold,strategy,logged,0,0.00,340.0700,,No trade signal
2026-09-25T17:45:54.768346+00:00,blocked,AAPLUSDT,hold,strategy,logged,0,0.00,340.0700,,No trade signal
2026-09-25T17:45:54.770107+00:00,blocked,AAPLUSDT,hold,autonomous,logged,0,0.00,340.0700,,No trade signal
2026-09-25T17:45:54.771386+00:00,blocked,AAPLUSDT,hold,autonomous,logged,0,0.00,340.0700,,No trade signal
2026-09-25T17:45:56.644036+00:00,sell,TSLAUSDT,sell,strategy,skipped_existing_position,1,372.52,372.5200,,Position already open
2026-09-25T17:45:57.857349+00:00,sell,TSLAUSDT,sell,autonomous,skipped_existing_position,1,372.52,372.5200,,Position already open
2026-09-25T17:46:00.028178+00:00,sell,TSLAUSDT,sell,autonomous,skipped_existing_position,1,372.55,372.5500,,Position already open
2026-09-25T17:46:02.0026+00:00,blocked,TSLAUSDT,sell,autonomous,logged,1,372.56,372.5600,,
2026-09-25T17:46:05.218112+00:00,blocked,TSLAUSDT,sell,strategy,logged,1,372.56,372.5600,,
2026-09-25T17:51:06.529313+00:00,blocked,AAPLUSDT,hold,strategy,logged,0,0.00,339.9600,,No trade signal
2026-09-25T17:51:09.402803+00:00,sell,TSLAUSDT,sell,strategy,skipped_existing_position,1,373.31,373.3100,,Position already open
2026-09-25T17:51:09.403227+00:00,blocked,AAPLUSDT,hold,autonomous,logged,0,0.00,339.9600,,No trade signal
2026-09-25T17:51:12.44471+00:00,sell,TSLAUSDT,sell,autonomous,skipped_existing_position,1,373.29,373.2900,,Position already open
2026-09-25T17:51:13.812723+00:00,blocked,AAPLUSDT,hold,strategy,logged,0,0.00,340.0000,,No trade signal
2026-09-25T17:51:18.423557+00:00,blocked,TSLAUSDT,sell,strategy,logged,1,373.23,373.2300,,
2026-09-25T17:51:18.425799+00:00,blocked,AAPLUSDT,hold,autonomous,logged,0,0.00,340.0100,,No trade signal
2026-09-25T17:51:21.758502+00:00,blocked,TSLAUSDT,sell,autonomous,logged,1,373.18,373.1800,,
2026-09-25T17:56:13.816327+00:00,blocked,AAPLUSDT,hold,strategy,logged,0,0.00,339.8700,,No trade signal
2026-09-25T17:56:16.27963+00:00,sell,TSLAUSDT,sell,strategy,skipped_existing_position,1,373.50,373.5000,,Position already open
2026-09-25T17:56:16.378021+00:00,blocked,AAPLUSDT,hold,autonomous,logged,0,0.00,339.8800,,No trade signal
2026-09-25T17:56:19.590138+00:00,sell,TSLAUSDT,sell,autonomous,skipped_existing_position,1,373.43,373.4300,,Position already open
2026-09-25T17:56:27.749749+00:00,blocked,AAPLUSDT,hold,strategy,logged,0,0.00,339.8900,,No trade signal
2026-09-25T17:56:31.719197+00:00,blocked,TSLAUSDT,sell,strategy,logged,1,373.40,373.4000,,
2026-09-25T17:56:35.475948+00:00,blocked,AAPLUSDT,hold,autonomous,logged,0,0.00,339.8300,,No trade signal
2026-09-25T17:56:39.348894+00:00,blocked,TSLAUSDT,sell,autonomous,logged,1,373.30,373.3000,,
2026-09-25T18:01:18.157683+00:00,blocked,AAPLUSDT,hold,strategy,logged,0,0.00,340.0000,,No trade signal
2026-09-25T18:01:20.036229+00:00,sell,TSLAUSDT,sell,strategy,skipped_existing_position,1,373.52,373.5200,,Position already open
2026-09-25T18:01:21.647766+00:00,blocked,AAPLUSDT,hold,autonomous,logged,0,0.00,340.0500,,No trade signal
2026-09-25T18:01:23.849172+00:00,sell,TSLAUSDT,sell,autonomous,skipped_existing_position,1,373.56,373.5600,,Position already open
2026-09-25T18:01:35.475884+00:00,blocked,AAPLUSDT,hold,strategy,logged,0,0.00,340.0600,,No trade signal
2026-09-25T18:01:39.669934+00:00,blocked,TSLAUSDT,sell,strategy,logged,1,373.60,373.6000,,
2026-09-25T18:01:44.192319+00:00,blocked,AAPLUSDT,hold,autonomous,logged,0,0.00,340.0600,,No trade signal
2026-09-25T18:01:48.565442+00:00,blocked,TSLAUSDT,sell,autonomous,logged,1,373.66,373.6600,,
2026-09-25T18:06:21.648114+00:00,blocked,AAPLUSDT,hold,strategy,logged,0,0.00,340.1300,,No trade signal
2026-09-25T18:06:23.970589+00:00,sell,TSLAUSDT,sell,strategy,skipped_existing_position,1,373.45,373.4500,,Position already open
2026-09-25T18:06:25.631694+00:00,blocked,AAPLUSDT,hold,autonomous,logged,0,0.00,340.1200,,No trade signal
2026-09-25T18:06:27.273496+00:00,sell,TSLAUSDT,sell,autonomous,skipped_existing_position,1,373.43,373.4300,,Position already open
2026-09-25T18:06:44.192217+00:00,blocked,AAPLUSDT,hold,strategy,logged,0,0.00,340.0100,,No trade signal
2026-09-25T18:06:48.375649+00:00,blocked,TSLAUSDT,sell,strategy,logged,1,373.55,373.5500,,
2026-09-25T18:06:52.75965+00:00,blocked,AAPLUSDT,hold,autonomous,logged,0,0.00,340.0500,,No trade signal
2026-09-25T18:06:57.222222+00:00,blocked,TSLAUSDT,sell,autonomous,logged,1,373.52,373.5200,,
2026-09-25T18:11:25.631798+00:00,blocked,AAPLUSDT,hold,strategy,logged,0,0.00,340.0700,,No trade signal
2026-09-25T18:11:28.15063+00:00,sell,TSLAUSDT,sell,strategy,skipped_existing_position,1,373.70,373.7000,,Position already open
2026-09-25T18:11:29.849319+00:00,blocked,AAPLUSDT,hold,autonomous,logged,0,0.00,340.0300,,No trade signal
2026-09-25T18:11:31.47529+00:00,sell,TSLAUSDT,sell,autonomous,skipped_existing_position,1,373.69,373.6900,,Position already open
2026-09-25T18:11:52.759391+00:00,blocked,AAPLUSDT,hold,strategy,logged,0,0.00,339.9600,,No trade signal
2026-09-25T18:11:56.039351+00:00,blocked,TSLAUSDT,sell,strategy,logged,1,373.78,373.7800,,
2026-09-25T18:12:01.282837+00:00,blocked,AAPLUSDT,hold,autonomous,logged,0,0.00,339.9500,,No trade signal
2026-09-25T18:12:05.697023+00:00,blocked,TSLAUSDT,sell,autonomous,logged,1,373.82,373.8200,,
2026-09-25T18:15:15.783821+00:00,blocked,AAPLUSDT,hold,strategy,logged,0,0.00,340.1000,,No trade signal
2026-09-25T18:15:15.783292+00:00,blocked,AAPLUSDT,hold,strategy,logged,0,0.00,340.1000,,No trade signal
2026-09-25T18:15:15.785438+00:00,blocked,AAPLUSDT,hold,autonomous,logged,0,0.00,340.1000,,No trade signal
2026-09-25T18:15:15.786813+00:00,blocked,AAPLUSDT,hold,autonomous,logged,0,0.00,340.1000,,No trade signal
2026-09-25T18:15:18.899005+00:00,blocked,TSLAUSDT,sell,autonomous,logged,1,374.08,374.0800,,
2026-09-25T18:15:20.156525+00:00,sell,TSLAUSDT,sell,autonomous,skipped_existing_position,1,374.17,374.1700,,Position already open
2026-09-25T18:15:21.323437+00:00,sell,TSLAUSDT,sell,strategy,skipped_existing_position,1,374.15,374.1500,,Position already open
2026-09-25T18:15:25.235245+00:00,blocked,TSLAUSDT,sell,strategy,logged,1,374.09,374.0900,,
2026-09-25T18:20:26.773283+00:00,blocked,AAPLUSDT,hold,autonomous,logged,0,0.00,339.9900,,No trade signal
2026-09-25T18:20:28.681665+00:00,sell,TSLAUSDT,sell,autonomous,skipped_existing_position,1,374.13,374.1300,,Position already open
2026-09-25T18:20:28.682622+00:00,blocked,AAPLUSDT,hold,strategy,logged,0,0.00,339.9900,,No trade signal
2026-09-25T18:20:31.749025+00:00,sell,TSLAUSDT,sell,strategy,skipped_existing_position,1,374.12,374.1200,,Position already open
2026-09-25T18:20:33.448149+00:00,blocked,AAPLUSDT,hold,autonomous,logged,0,0.00,339.9700,,No trade signal
2026-09-25T18:20:37.713087+00:00,blocked,TSLAUSDT,sell,autonomous,logged,1,374.16,374.1600,,
2026-09-25T18:20:37.811388+00:00,blocked,AAPLUSDT,hold,strategy,logged,0,0.00,339.9600,,No trade signal
2026-09-25T18:20:42.343+00:00,blocked,TSLAUSDT,sell,strategy,logged,1,374.20,374.2000,,
2026-09-25T18:25:30.501705+00:00,blocked,AAPLUSDT,hold,autonomous,logged,0,0.00,340.1900,,No trade signal
2026-09-25T18:25:32.108788+00:00,sell,TSLAUSDT,sell,autonomous,skipped_existing_position,1,373.46,373.4600,,Position already open
2026-09-25T18:25:33.646704+00:00,blocked,AAPLUSDT,hold,strategy,logged,0,0.00,340.1500,,No trade signal
2026-09-25T18:25:35.184639+00:00,sell,TSLAUSDT,sell,strategy,skipped_existing_position,1,373.42,373.4200,,Position already open
2026-09-25T18:25:46.460668+00:00,blocked,AAPLUSDT,hold,autonomous,logged,0,0.00,340.1500,,No trade signal
2026-09-25T18:25:50.133921+00:00,blocked,AAPLUSDT,hold,strategy,logged,0,0.00,340.1500,,No trade signal
2026-09-25T18:25:50.13361+00:00,blocked,TSLAUSDT,sell,autonomous,logged,1,373.28,373.2800,,
2026-09-25T18:25:54.268714+00:00,blocked,TSLAUSDT,sell,strategy,logged,1,373.33,373.3300,,
2026-09-25T18:30:33.646878+00:00,blocked,AAPLUSDT,hold,autonomous,logged,0,0.00,339.9400,,No trade signal
2026-09-25T18:30:35.542935+00:00,sell,TSLAUSDT,sell,autonomous,skipped_existing_position,1,372.92,372.9200,,Position already open
2026-09-25T18:30:37.590132+00:00,blocked,AAPLUSDT,hold,strategy,logged,0,0.00,339.9700,,No trade signal
2026-09-25T18:30:39.30176+00:00,sell,TSLAUSDT,sell,strategy,skipped_existing_position,1,372.94,372.9400,,Position already open
2026-09-25T18:30:59.01346+00:00,blocked,AAPLUSDT,hold,autonomous,logged,0,0.00,339.9600,,No trade signal
2026-09-25T18:31:04.591714+00:00,blocked,AAPLUSDT,hold,strategy,logged,0,0.00,339.9600,,No trade signal
2026-09-25T18:31:04.591151+00:00,blocked,TSLAUSDT,sell,autonomous,logged,1,373.13,373.1300,,
2026-09-25T18:31:08.844134+00:00,blocked,TSLAUSDT,sell,strategy,logged,1,373.29,373.2900,,
2026-09-25T18:32:31.456175+00:00,blocked,AAPLUSDT,hold,autonomous,logged,0,0.00,340.3200,,No trade signal
2026-09-25T18:32:31.456081+00:00,blocked,AAPLUSDT,hold,strategy,logged,0,0.00,340.3200,,No trade signal
2026-09-25T18:32:33.738155+00:00,sell,TSLAUSDT,sell,autonomous,skipped_existing_position,1,373.88,373.8800,,Position already open
2026-09-25T18:32:34.898634+00:00,sell,TSLAUSDT,sell,strategy,skipped_existing_position,1,373.88,373.8800,,Position already open
2026-09-25T18:32:37.863261+00:00,blocked,AAPLUSDT,hold,autonomous,logged,0,0.00,340.3400,,No trade signal
2026-09-25T18:32:37.863242+00:00,blocked,AAPLUSDT,hold,autonomous,logged,0,0.00,340.3400,,No trade signal
2026-09-25T18:32:37.863215+00:00,blocked,AAPLUSDT,hold,strategy,logged,0,0.00,340.3400,,No trade signal
2026-09-25T18:32:37.863105+00:00,blocked,AAPLUSDT,hold,strategy,logged,0,0.00,340.3400,,No trade signal
2026-09-25T18:32:40.632667+00:00,sell,TSLAUSDT,sell,autonomous,skipped_existing_position,1,373.86,373.8600,,Position already open
2026-09-25T18:32:44.300397+00:00,blocked,TSLAUSDT,sell,strategy,logged,1,373.95,373.9500,,
2026-09-25T18:32:47.95554+00:00,blocked,TSLAUSDT,sell,autonomous,logged,1,373.95,373.9500,,
2026-09-25T18:32:49.269554+00:00,sell,TSLAUSDT,sell,strategy,skipped_existing_position,1,373.95,373.9500,,Position already open
2026-09-25T18:37:50.657004+00:00,blocked,AAPLUSDT,hold,autonomous,logged,0,0.00,340.0900,,No trade signal
2026-09-25T18:37:52.567079+00:00,sell,TSLAUSDT,sell,autonomous,skipped_existing_position,1,372.63,372.6300,,Position already open
2026-09-25T18:37:52.579382+00:00,blocked,AAPLUSDT,hold,strategy,logged,0,0.00,340.1000,,No trade signal
2026-09-25T18:37:54.256787+00:00,sell,TSLAUSDT,sell,strategy,skipped_existing_position,1,372.59,372.5900,,Position already open
2026-09-25T18:37:56.716058+00:00,blocked,AAPLUSDT,hold,autonomous,logged,0,0.00,340.0500,,No trade signal
2026-09-25T18:38:00.331911+00:00,blocked,TSLAUSDT,sell,autonomous,logged,1,372.49,372.4900,,
2026-09-25T18:38:00.441852+00:00,blocked,AAPLUSDT,hold,strategy,logged,0,0.00,340.0700,,No trade signal
2026-09-25T18:38:04.452957+00:00,blocked,TSLAUSDT,sell,strategy,logged,1,372.41,372.4100,,
2026-09-25T18:42:55.50487+00:00,blocked,AAPLUSDT,hold,autonomous,logged,0,0.00,340.2200,,No trade signal
2026-09-25T18:42:57.652017+00:00,sell,TSLAUSDT,sell,autonomous,skipped_existing_position,1,372.95,372.9500,,Position already open
2026-09-25T18:42:57.659283+00:00,blocked,AAPLUSDT,hold,strategy,logged,0,0.00,340.2300,,No trade signal
2026-09-25T18:43:00.453761+00:00,sell,TSLAUSDT,sell,strategy,skipped_existing_position,1,372.94,372.9400,,Position already open
2026-09-25T18:43:07.478921+00:00,blocked,AAPLUSDT,hold,autonomous,logged,0,0.00,340.2500,,No trade signal
2026-09-25T18:43:10.903668+00:00,blocked,TSLAUSDT,sell,autonomous,logged,1,373.08,373.0800,,
2026-09-25T18:43:11.161377+00:00,blocked,AAPLUSDT,hold,strategy,logged,0,0.00,340.2500,,No trade signal
2026-09-25T18:43:14.533313+00:00,blocked,TSLAUSDT,sell,strategy,logged,1,373.03,373.0300,,
2026-09-25T18:47:59.266824+00:00,blocked,AAPLUSDT,hold,autonomous,logged,0,0.00,340.2000,,No trade signal
2026-09-25T18:48:01.672549+00:00,sell,TSLAUSDT,sell,autonomous,skipped_existing_position,1,372.42,372.4200,,Position already open
2026-09-25T18:48:03.344288+00:00,blocked,AAPLUSDT,hold,strategy,logged,0,0.00,340.1900,,No trade signal
2026-09-25T18:48:04.964134+00:00,sell,TSLAUSDT,sell,strategy,skipped_existing_position,1,372.39,372.3900,,Position already open
2026-09-25T18:48:17.619705+00:00,blocked,AAPLUSDT,hold,autonomous,logged,0,0.00,340.1500,,No trade signal
2026-09-25T18:48:21.631484+00:00,blocked,TSLAUSDT,sell,autonomous,logged,1,372.47,372.4700,,
2026-09-25T18:48:21.652929+00:00,blocked,AAPLUSDT,hold,strategy,logged,0,0.00,340.1500,,No trade signal
2026-09-25T18:48:24.850888+00:00,blocked,TSLAUSDT,sell,strategy,logged,1,372.58,372.5800,,
2026-09-25T19:19:09.221554+00:00,blocked,AAPLUSDT,hold,strategy,logged,0,0.00,340.2300,,No trade signal
2026-09-25T19:19:09.222779+00:00,blocked,AAPLUSDT,hold,strategy,logged,0,0.00,340.2300,,No trade signal
2026-09-25T19:19:09.223727+00:00,blocked,AAPLUSDT,hold,autonomous,logged,0,0.00,340.2300,,No trade signal
2026-09-25T19:19:09.224838+00:00,blocked,AAPLUSDT,hold,autonomous,logged,0,0.00,340.2300,,No trade signal
2026-09-25T19:19:11.262199+00:00,sell,TSLAUSDT,sell,strategy,skipped_existing_position,1,372.08,372.0800,,Position already open
2026-09-25T19:19:14.237663+00:00,blocked,TSLAUSDT,sell,strategy,logged,1,372.14,372.1400,,
2026-09-25T19:19:17.291543+00:00,blocked,TSLAUSDT,sell,autonomous,logged,1,372.14,372.1400,,
2026-09-25T19:19:18.518724+00:00,sell,TSLAUSDT,sell,autonomous,skipped_existing_position,1,372.14,372.1400,,Position already open
2026-09-25T19:24:19.71979+00:00,blocked,AAPLUSDT,hold,strategy,logged,0,0.00,340.0000,,No trade signal
2026-09-25T19:24:21.839954+00:00,sell,TSLAUSDT,sell,strategy,skipped_existing_position,1,371.85,371.8500,,Position already open
2026-09-25T19:24:21.87131+00:00,blocked,AAPLUSDT,hold,autonomous,logged,0,0.00,340.0200,,No trade signal
2026-09-25T19:24:24.701786+00:00,sell,TSLAUSDT,sell,autonomous,skipped_existing_position,1,371.85,371.8500,,Position already open
2026-09-25T19:24:24.702849+00:00,blocked,AAPLUSDT,hold,autonomous,logged,0,0.00,340.0000,,No trade signal
2026-09-25T19:24:29.524378+00:00,blocked,TSLAUSDT,sell,autonomous,logged,1,371.85,371.8500,,
2026-09-25T19:24:29.525365+00:00,blocked,AAPLUSDT,hold,strategy,logged,0,0.00,340.0200,,No trade signal
2026-09-25T19:24:33.106263+00:00,blocked,TSLAUSDT,sell,strategy,logged,1,371.94,371.9400,,
2026-09-25T19:29:23.427852+00:00,blocked,AAPLUSDT,hold,strategy,logged,0,0.00,340.1800,,No trade signal
2026-09-25T19:29:25.852095+00:00,sell,TSLAUSDT,sell,strategy,skipped_existing_position,1,371.50,371.5000,,Position already open
2026-09-25T19:29:27.38587+00:00,blocked,AAPLUSDT,hold,autonomous,logged,0,0.00,340.1700,,No trade signal
2026-09-25T19:29:28.785583+00:00,sell,TSLAUSDT,sell,autonomous,skipped_existing_position,1,371.46,371.4600,,Position already open
2026-09-25T19:29:36.940997+00:00,blocked,AAPLUSDT,hold,autonomous,logged,0,0.00,340.1400,,No trade signal
2026-09-25T19:29:40.735973+00:00,blocked,AAPLUSDT,hold,strategy,logged,0,0.00,340.0000,,No trade signal
2026-09-25T19:29:40.7355+00:00,blocked,TSLAUSDT,sell,autonomous,logged,1,371.45,371.4500,,
2026-09-25T19:29:43.785702+00:00,blocked,TSLAUSDT,sell,strategy,logged,1,371.45,371.4500,,
2026-09-25T22:27:24.657000+00:00,position_opened,AAPLUSDT,buy,strategy,submitted,1,341.10,341.1000,,Encrypted intent submitted · 06542ba1…
2026-09-25T22:27:17.696593+00:00,buy,AAPLUSDT,buy,strategy,rejected,1,341.10,341.1000,,symbol not available on this market
2026-09-25T22:27:22.083000+00:00,position_opened,AAPLUSDT,buy,autonomous,submitted,1,341.10,341.1000,,Encrypted intent submitted · 06542ba1…
2026-09-25T22:27:17.698925+00:00,buy,AAPLUSDT,buy,autonomous,rejected,1,341.10,341.1000,,symbol not available on this market
2026-09-25T22:27:25.565028+00:00,blocked,TSLAUSDT,sell,autonomous,logged,1,372.62,372.6200,,
2026-09-25T22:27:26.530041+00:00,sell,TSLAUSDT,sell,autonomous,skipped_existing_position,1,372.62,372.6200,,Position already open
2026-09-25T22:27:27.775714+00:00,blocked,TSLAUSDT,sell,strategy,logged,1,372.62,372.6200,,
2026-09-25T22:27:28.814213+00:00,sell,TSLAUSDT,sell,strategy,skipped_existing_position,1,372.62,372.6200,,Position already open
2026-09-25T22:32:30.061436+00:00,buy,AAPLUSDT,buy,autonomous,skipped_existing_position,1,341.08,341.0800,,Position already open
2026-09-25T22:32:32.584342+00:00,sell,TSLAUSDT,sell,autonomous,skipped_existing_position,1,372.63,372.6300,,Position already open
2026-09-25T22:32:33.999311+00:00,buy,AAPLUSDT,buy,autonomous,rejected,1,341.08,341.0800,,symbol not available on this market
2026-09-25T22:32:36.883537+00:00,buy,AAPLUSDT,buy,strategy,skipped_existing_position,1,341.08,341.0800,,Position already open
2026-09-25T22:32:38.151482+00:00,blocked,TSLAUSDT,sell,autonomous,logged,1,372.63,372.6300,,
2026-09-25T22:32:39.269573+00:00,sell,TSLAUSDT,sell,strategy,skipped_existing_position,1,372.63,372.6300,,Position already open
2026-09-25T22:32:39.270608+00:00,buy,AAPLUSDT,buy,strategy,rejected,1,341.08,341.0800,,symbol not available on this market
2026-09-25T22:32:46.969508+00:00,blocked,TSLAUSDT,sell,strategy,logged,1,372.63,372.6300,,
2026-09-25T22:37:33.974238+00:00,buy,AAPLUSDT,buy,autonomous,skipped_existing_position,1,341.11,341.1100,,Position already open
2026-09-25T22:37:36.001274+00:00,sell,TSLAUSDT,sell,autonomous,skipped_existing_position,1,372.52,372.5200,,Position already open
2026-09-25T22:37:40.856031+00:00,buy,AAPLUSDT,buy,strategy,skipped_existing_position,1,341.11,341.1100,,Position already open
2026-09-25T22:37:42.271395+00:00,sell,TSLAUSDT,sell,strategy,skipped_existing_position,1,372.52,372.5200,,Position already open
2026-09-25T22:37:43.653237+00:00,buy,AAPLUSDT,buy,autonomous,rejected,1,341.11,341.1100,,symbol not available on this market
2026-09-25T22:37:47.778062+00:00,blocked,TSLAUSDT,sell,autonomous,logged,1,372.53,372.5300,,
2026-09-25T22:37:50.972787+00:00,buy,AAPLUSDT,buy,strategy,rejected,1,341.11,341.1100,,symbol not available on this market
2026-09-25T22:37:54.971021+00:00,blocked,TSLAUSDT,sell,strategy,logged,1,372.51,372.5100,,
2026-09-26T00:41:10.222000+00:00,position_opened,AAPLUSDT,buy,strategy,submitted,1,341.36,341.3600,,Encrypted intent submitted · d035129b…
2026-09-26T00:41:08.710274+00:00,buy,AAPLUSDT,buy,strategy,rejected,1,341.36,341.3600,,symbol not available on this market
2026-09-26T00:41:13.615000+00:00,position_opened,AAPLUSDT,buy,autonomous,submitted,1,341.36,341.3600,,Encrypted intent submitted · d035129b…
2026-09-26T00:41:08.715029+00:00,buy,AAPLUSDT,buy,autonomous,rejected,1,341.36,341.3600,,symbol not available on this market
2026-09-26T00:41:14.402921+00:00,sell,TSLAUSDT,sell,strategy,skipped_existing_position,1,371.98,371.9800,,Position already open
2026-09-26T00:41:17.617442+00:00,blocked,TSLAUSDT,sell,strategy,logged,1,371.98,371.9800,,
2026-09-26T00:41:18.741422+00:00,sell,TSLAUSDT,sell,autonomous,skipped_existing_position,1,371.98,371.9800,,Position already open
2026-09-26T00:41:20.849539+00:00,blocked,TSLAUSDT,sell,autonomous,logged,1,371.98,371.9800,,
2026-09-26T00:46:20.741000+00:00,position_opened,AAPLUSDT,buy,strategy,submitted,1,341.36,341.3600,,Encrypted intent submitted · d035129b…
2026-09-26T00:46:22.308812+00:00,sell,TSLAUSDT,sell,strategy,skipped_existing_position,1,371.98,371.9800,,Position already open
2026-09-26T00:46:24.346000+00:00,position_opened,AAPLUSDT,buy,autonomous,submitted,1,341.36,341.3600,,Encrypted intent submitted · d035129b…
2026-09-26T00:46:25.467808+00:00,sell,TSLAUSDT,sell,autonomous,skipped_existing_position,1,371.98,371.9800,,Position already open
2026-09-26T00:46:25.468239+00:00,buy,AAPLUSDT,buy,strategy,rejected,1,341.36,341.3600,,symbol not available on this market
2026-09-26T00:46:29.258403+00:00,buy,AAPLUSDT,buy,autonomous,rejected,1,341.36,341.3600,,symbol not available on this market
2026-09-26T00:46:30.333372+00:00,blocked,TSLAUSDT,sell,strategy,logged,1,371.98,371.9800,,
2026-09-26T00:46:34.133296+00:00,blocked,TSLAUSDT,sell,autonomous,logged,1,371.98,371.9800,,
2026-09-26T00:51:24.775000+00:00,position_opened,AAPLUSDT,buy,strategy,submitted,1,341.36,341.3600,,Encrypted intent submitted · d035129b…
2026-09-26T00:51:26.008976+00:00,sell,TSLAUSDT,sell,strategy,skipped_existing_position,1,371.98,371.9800,,Position already open
2026-09-26T00:51:29.002000+00:00,position_opened,AAPLUSDT,buy,autonomous,submitted,1,341.36,341.3600,,Encrypted intent submitted · d035129b…
2026-09-26T00:51:30.061318+00:00,sell,TSLAUSDT,sell,autonomous,skipped_existing_position,1,371.98,371.9800,,Position already open
2026-09-26T00:51:37.541738+00:00,buy,AAPLUSDT,buy,strategy,rejected,1,341.36,341.3600,,symbol not available on this market
2026-09-26T00:51:40.702706+00:00,buy,AAPLUSDT,buy,autonomous,rejected,1,341.36,341.3600,,symbol not available on this market
2026-09-26T00:51:41.799014+00:00,blocked,TSLAUSDT,sell,strategy,logged,1,371.98,371.9800,,
2026-09-26T00:51:49.568534+00:00,blocked,TSLAUSDT,sell,autonomous,logged,1,371.98,371.9800,,
2026-09-26T00:56:28.928000+00:00,position_opened,AAPLUSDT,buy,strategy,submitted,1,341.36,341.3600,,Encrypted intent submitted · d035129b…
2026-09-26T00:56:30.492054+00:00,sell,TSLAUSDT,sell,strategy,skipped_existing_position,1,371.98,371.9800,,Position already open
2026-09-26T00:56:31.933604+00:00,buy,AAPLUSDT,buy,autonomous,skipped_existing_position,1,341.36,341.3600,,Position already open
2026-09-26T00:56:33.557772+00:00,sell,TSLAUSDT,sell,autonomous,skipped_existing_position,1,371.98,371.9800,,Position already open
2026-09-26T00:56:48.478221+00:00,buy,AAPLUSDT,buy,strategy,rejected,1,341.36,341.3600,,symbol not available on this market
2026-09-26T00:56:53.087368+00:00,blocked,TSLAUSDT,sell,strategy,logged,1,371.98,371.9800,,
2026-09-26T00:56:53.41342+00:00,buy,AAPLUSDT,buy,autonomous,rejected,1,341.36,341.3600,,symbol not available on this market
2026-09-26T00:57:00.744244+00:00,blocked,TSLAUSDT,sell,autonomous,logged,1,371.98,371.9800,,
2026-09-26T01:01:31.933498+00:00,buy,AAPLUSDT,buy,strategy,skipped_existing_position,1,341.36,341.3600,,Position already open
2026-09-26T01:01:34.086759+00:00,sell,TSLAUSDT,sell,strategy,skipped_existing_position,1,371.98,371.9800,,Position already open
2026-09-26T01:01:35.621337+00:00,buy,AAPLUSDT,buy,autonomous,skipped_existing_position,1,341.36,341.3600,,Position already open
2026-09-26T01:01:37.262823+00:00,sell,TSLAUSDT,sell,autonomous,skipped_existing_position,1,371.98,371.9800,,Position already open
2026-09-26T01:01:57.424458+00:00,buy,AAPLUSDT,buy,strategy,rejected,1,341.36,341.3600,,symbol not available on this market
2026-09-26T01:02:03.058461+00:00,blocked,TSLAUSDT,sell,strategy,logged,1,371.98,371.9800,,
2026-09-26T01:02:06.747377+00:00,buy,AAPLUSDT,buy,autonomous,rejected,1,341.36,341.3600,,symbol not available on this market
2026-09-26T01:02:10.924899+00:00,blocked,TSLAUSDT,sell,autonomous,logged,1,371.98,371.9800,,
2026-09-26T01:06:35.62115+00:00,buy,AAPLUSDT,buy,strategy,skipped_existing_position,1,341.36,341.3600,,Position already open
2026-09-26T01:06:37.625269+00:00,sell,TSLAUSDT,sell,strategy,skipped_existing_position,1,371.98,371.9800,,Position already open
2026-09-26T01:06:39.128165+00:00,buy,AAPLUSDT,buy,autonomous,skipped_existing_position,1,341.36,341.3600,,Position already open
2026-09-26T01:06:40.612993+00:00,sell,TSLAUSDT,sell,autonomous,skipped_existing_position,1,371.98,371.9800,,Position already open
2026-09-26T01:07:06.746931+00:00,buy,AAPLUSDT,buy,strategy,rejected,1,341.36,341.3600,,symbol not available on this market
2026-09-26T01:07:11.235428+00:00,blocked,TSLAUSDT,sell,strategy,logged,1,371.98,371.9800,,
2026-09-26T01:07:15.786328+00:00,buy,AAPLUSDT,buy,autonomous,rejected,1,341.36,341.3600,,symbol not available on this market
2026-09-26T01:07:20.347331+00:00,blocked,TSLAUSDT,sell,autonomous,logged,1,371.98,371.9800,,
2026-09-26T10:11:08.990115+00:00,buy,AAPLUSDT,buy,strategy,skipped_existing_position,1,341.10,341.1000,,Position already open
2026-09-26T10:11:08.992949+00:00,buy,AAPLUSDT,buy,autonomous,skipped_existing_position,1,341.10,341.1000,,Position already open
2026-09-26T10:11:08.992037+00:00,buy,AAPLUSDT,buy,strategy,rejected,1,341.10,341.1000,,symbol not available on this market
2026-09-26T10:11:08.993874+00:00,buy,AAPLUSDT,buy,autonomous,rejected,1,341.10,341.1000,,symbol not available on this market
2026-09-26T10:11:11.518899+00:00,sell,TSLAUSDT,sell,autonomous,skipped_existing_position,1,372.03,372.0300,,Position already open
2026-09-26T10:11:13.145641+00:00,sell,TSLAUSDT,sell,strategy,skipped_existing_position,1,372.03,372.0300,,Position already open
2026-09-26T10:11:24.642125+00:00,blocked,TSLAUSDT,sell,strategy,logged,1,372.03,372.0300,,
2026-09-26T10:11:25.736567+00:00,blocked,TSLAUSDT,sell,autonomous,logged,1,372.03,372.0300,,
2026-09-26T10:16:18.490501+00:00,buy,AAPLUSDT,buy,autonomous,skipped_existing_position,1,341.10,341.1000,,Position already open
2026-09-26T10:16:21.168758+00:00,sell,TSLAUSDT,sell,autonomous,skipped_existing_position,1,372.03,372.0300,,Position already open
2026-09-26T10:16:21.169813+00:00,buy,AAPLUSDT,buy,strategy,skipped_existing_position,1,341.10,341.1000,,Position already open
2026-09-26T10:16:23.804004+00:00,sell,TSLAUSDT,sell,strategy,skipped_existing_position,1,372.03,372.0300,,Position already open
2026-09-26T10:16:29.638554+00:00,buy,AAPLUSDT,buy,strategy,rejected,1,341.10,341.1000,,symbol not available on this market
2026-09-26T10:16:34.686395+00:00,blocked,TSLAUSDT,sell,strategy,logged,1,372.03,372.0300,,
2026-09-26T10:16:34.710751+00:00,buy,AAPLUSDT,buy,autonomous,rejected,1,341.10,341.1000,,symbol not available on this market
2026-09-26T10:16:42.847011+00:00,blocked,TSLAUSDT,sell,autonomous,logged,1,372.03,372.0300,,
2026-09-26T10:21:22.612431+00:00,buy,AAPLUSDT,buy,autonomous,skipped_existing_position,1,341.10,341.1000,,Position already open
2026-09-26T10:21:25.169809+00:00,sell,TSLAUSDT,sell,autonomous,skipped_existing_position,1,372.03,372.0300,,Position already open
2026-09-26T10:21:25.215208+00:00,buy,AAPLUSDT,buy,strategy,skipped_existing_position,1,341.10,341.1000,,Position already open
2026-09-26T10:21:27.722631+00:00,sell,TSLAUSDT,sell,strategy,skipped_existing_position,1,372.03,372.0300,,Position already open
2026-09-26T10:21:38.71465+00:00,buy,AAPLUSDT,buy,strategy,rejected,1,341.10,341.1000,,symbol not available on this market
2026-09-26T10:21:43.51043+00:00,blocked,TSLAUSDT,sell,strategy,logged,1,372.03,372.0300,,
2026-09-26T10:21:48.248535+00:00,buy,AAPLUSDT,buy,autonomous,rejected,1,341.10,341.1000,,symbol not available on this market
2026-09-26T10:21:53.102435+00:00,blocked,TSLAUSDT,sell,autonomous,logged,1,372.03,372.0300,,
2026-09-26T13:20:44.722841+00:00,buy,AAPLUSDT,buy,strategy,skipped_existing_position,1,340.01,340.0100,,Position already open
2026-09-26T13:20:44.724249+00:00,buy,AAPLUSDT,buy,strategy,rejected,1,340.01,340.0100,,symbol not available on this market
2026-09-26T13:20:44.725297+00:00,buy,AAPLUSDT,buy,autonomous,skipped_existing_position,1,340.01,340.0100,,Position already open
2026-09-26T13:20:44.726157+00:00,buy,AAPLUSDT,buy,autonomous,rejected,1,340.01,340.0100,,symbol not available on this market
2026-09-26T13:20:46.935042+00:00,sell,TSLAUSDT,sell,autonomous,skipped_existing_position,1,371.80,371.8000,,Position already open
2026-09-26T13:20:48.803465+00:00,sell,TSLAUSDT,sell,strategy,skipped_existing_position,1,371.80,371.8000,,Position already open
2026-09-26T13:20:57.19602+00:00,blocked,TSLAUSDT,sell,strategy,logged,1,371.80,371.8000,,
2026-09-26T13:20:58.534812+00:00,blocked,TSLAUSDT,sell,autonomous,logged,1,371.80,371.8000,,
2026-09-26T13:25:53.777000+00:00,position_opened,AAPLUSDT,buy,autonomous,submitted,1,340.01,340.0100,,Encrypted intent submitted · ec01ef55…
2026-09-26T13:25:55.192374+00:00,sell,TSLAUSDT,sell,autonomous,skipped_existing_position,1,371.80,371.8000,,Position already open
2026-09-26T13:25:57.609000+00:00,position_opened,AAPLUSDT,buy,strategy,submitted,1,340.01,340.0100,,Encrypted intent submitted · ec01ef55…
2026-09-26T13:25:58.734023+00:00,sell,TSLAUSDT,sell,strategy,skipped_existing_position,1,371.80,371.8000,,Position already open
2026-09-26T13:26:03.651012+00:00,buy,AAPLUSDT,buy,strategy,rejected,1,340.01,340.0100,,symbol not available on this market
2026-09-26T13:26:08.29203+00:00,blocked,TSLAUSDT,sell,strategy,logged,1,371.80,371.8000,,
2026-09-26T13:26:12.351607+00:00,buy,AAPLUSDT,buy,autonomous,rejected,1,340.01,340.0100,,symbol not available on this market
2026-09-26T13:26:17.390914+00:00,blocked,TSLAUSDT,sell,autonomous,logged,1,371.80,371.8000,,
2026-09-26T13:30:56.825518+00:00,buy,AAPLUSDT,buy,autonomous,skipped_existing_position,1,341.50,341.5000,,Position already open
2026-09-26T13:30:59.202731+00:00,sell,TSLAUSDT,sell,autonomous,skipped_existing_position,1,371.80,371.8000,,Position already open
2026-09-26T13:31:01.530000+00:00,position_opened,AAPLUSDT,buy,strategy,submitted,1,341.50,341.5000,,Encrypted intent submitted · 977d1a74…
2026-09-26T13:31:03.226838+00:00,sell,TSLAUSDT,sell,strategy,skipped_existing_position,1,371.80,371.8000,,Position already open
2026-09-26T13:31:12.352062+00:00,buy,AAPLUSDT,buy,strategy,rejected,1,341.50,341.5000,,symbol not available on this market
2026-09-26T13:31:16.795423+00:00,blocked,TSLAUSDT,sell,strategy,logged,1,371.80,371.8000,,
2026-09-26T13:31:22.71165+00:00,buy,AAPLUSDT,buy,autonomous,rejected,1,341.50,341.5000,,symbol not available on this market
2026-09-26T13:31:27.151654+00:00,blocked,TSLAUSDT,sell,autonomous,logged,1,371.80,371.8000,,
2026-09-26T13:36:00.745552+00:00,buy,AAPLUSDT,buy,autonomous,skipped_existing_position,1,341.50,341.5000,,Position already open
2026-09-26T13:36:03.155987+00:00,sell,TSLAUSDT,sell,autonomous,skipped_existing_position,1,371.80,371.8000,,Position already open
2026-09-26T13:36:06.317708+00:00,buy,AAPLUSDT,buy,strategy,skipped_existing_position,1,341.50,341.5000,,Position already open
2026-09-26T13:36:08.130739+00:00,sell,TSLAUSDT,sell,strategy,skipped_existing_position,1,371.80,371.8000,,Position already open
2026-09-26T13:36:21.001114+00:00,buy,AAPLUSDT,buy,strategy,rejected,1,341.50,341.5000,,symbol not available on this market
2026-09-26T13:36:26.424419+00:00,blocked,TSLAUSDT,sell,strategy,logged,1,371.80,371.8000,,
2026-09-26T13:36:31.545827+00:00,buy,AAPLUSDT,buy,autonomous,rejected,1,341.50,341.5000,,symbol not available on this market
2026-09-26T13:36:36.317037+00:00,blocked,TSLAUSDT,sell,autonomous,logged,1,371.80,371.8000,,
2026-09-26T13:38:12.558000+00:00,position_opened,AAPLUSDT,buy,strategy,submitted,1,341.50,341.5000,,Encrypted intent submitted · 977d1a74…
2026-09-26T13:38:06.118616+00:00,buy,AAPLUSDT,buy,strategy,rejected,1,341.50,341.5000,,symbol not available on this market
2026-09-26T13:38:12.520000+00:00,position_opened,AAPLUSDT,buy,autonomous,submitted,1,341.50,341.5000,,Encrypted intent submitted · 977d1a74…
2026-09-26T13:38:06.120427+00:00,buy,AAPLUSDT,buy,autonomous,rejected,1,341.50,341.5000,,symbol not available on this market
2026-09-26T13:38:13.358093+00:00,blocked,TSLAUSDT,sell,autonomous,logged,1,371.80,371.8000,,
2026-09-26T13:38:14.456328+00:00,blocked,TSLAUSDT,sell,strategy,logged,1,371.80,371.8000,,
2026-09-26T13:38:15.427168+00:00,sell,TSLAUSDT,sell,autonomous,skipped_existing_position,1,371.80,371.8000,,Position already open
2026-09-26T13:38:16.384627+00:00,sell,TSLAUSDT,sell,strategy,skipped_existing_position,1,371.80,371.8000,,Position already open
2026-09-26T13:43:17.576556+00:00,buy,AAPLUSDT,buy,autonomous,skipped_existing_position,1,341.50,341.5000,,Position already open
2026-09-26T13:43:18.949936+00:00,sell,TSLAUSDT,sell,autonomous,skipped_existing_position,1,371.80,371.8000,,Position already open
2026-09-26T13:43:20.766044+00:00,buy,AAPLUSDT,buy,autonomous,rejected,1,341.50,341.5000,,symbol not available on this market
2026-09-26T13:43:24.154702+00:00,buy,AAPLUSDT,buy,strategy,skipped_existing_position,1,341.50,341.5000,,Position already open
2026-09-26T13:43:25.294547+00:00,blocked,TSLAUSDT,sell,autonomous,logged,1,371.80,371.8000,,
2026-09-26T13:43:25.295525+00:00,buy,AAPLUSDT,buy,strategy,rejected,1,341.50,341.5000,,symbol not available on this market
2026-09-26T13:43:26.549354+00:00,sell,TSLAUSDT,sell,strategy,skipped_existing_position,1,371.80,371.8000,,Position already open
2026-09-26T13:43:36.590469+00:00,blocked,TSLAUSDT,sell,strategy,logged,1,371.80,371.8000,,
2026-09-26T13:48:20.762978+00:00,buy,AAPLUSDT,buy,autonomous,skipped_existing_position,1,341.50,341.5000,,Position already open
2026-09-26T13:48:22.817186+00:00,sell,TSLAUSDT,sell,autonomous,skipped_existing_position,1,371.80,371.8000,,Position already open
2026-09-26T13:48:31.059595+00:00,buy,AAPLUSDT,buy,autonomous,rejected,1,341.50,341.5000,,symbol not available on this market
2026-09-26T13:48:35.421536+00:00,blocked,TSLAUSDT,sell,autonomous,logged,1,371.80,371.8000,,
2026-09-26T13:48:35.489857+00:00,buy,AAPLUSDT,buy,strategy,skipped_existing_position,1,341.50,341.5000,,Position already open
2026-09-26T13:48:36.95401+00:00,sell,TSLAUSDT,sell,strategy,skipped_existing_position,1,371.80,371.8000,,Position already open
2026-09-26T13:48:41.562316+00:00,buy,AAPLUSDT,buy,strategy,rejected,1,341.50,341.5000,,symbol not available on this market
2026-09-26T13:48:46.264888+00:00,blocked,TSLAUSDT,sell,strategy,logged,1,371.80,371.8000,,
2026-09-26T13:53:24.290374+00:00,buy,AAPLUSDT,buy,autonomous,skipped_existing_position,1,341.50,341.5000,,Position already open
2026-09-26T13:53:26.139058+00:00,sell,TSLAUSDT,sell,autonomous,skipped_existing_position,1,371.80,371.8000,,Position already open
2026-09-26T13:53:40.462663+00:00,buy,AAPLUSDT,buy,autonomous,rejected,1,341.50,341.5000,,symbol not available on this market
2026-09-26T13:53:44.081328+00:00,buy,AAPLUSDT,buy,strategy,skipped_existing_position,1,341.50,341.5000,,Position already open
2026-09-26T13:53:45.155907+00:00,blocked,TSLAUSDT,sell,autonomous,logged,1,371.80,371.8000,,
2026-09-26T13:53:46.264886+00:00,sell,TSLAUSDT,sell,strategy,skipped_existing_position,1,371.80,371.8000,,Position already open
2026-09-26T13:53:50.962184+00:00,buy,AAPLUSDT,buy,strategy,rejected,1,341.50,341.5000,,symbol not available on this market
2026-09-26T13:53:55.587316+00:00,blocked,TSLAUSDT,sell,strategy,logged,1,371.80,371.8000,,
2026-09-26T13:58:27.568617+00:00,buy,AAPLUSDT,buy,autonomous,skipped_existing_position,1,341.50,341.5000,,Position already open
2026-09-26T13:58:29.445421+00:00,sell,TSLAUSDT,sell,autonomous,skipped_existing_position,1,371.80,371.8000,,Position already open
2026-09-26T13:58:47.731449+00:00,buy,AAPLUSDT,buy,strategy,skipped_existing_position,1,341.50,341.5000,,Position already open
2026-09-26T13:58:49.130712+00:00,sell,TSLAUSDT,sell,strategy,skipped_existing_position,1,371.80,371.8000,,Position already open
2026-09-26T13:58:50.96229+00:00,buy,AAPLUSDT,buy,autonomous,rejected,1,341.50,341.5000,,symbol not available on this market
2026-09-26T13:58:55.597768+00:00,blocked,TSLAUSDT,sell,autonomous,logged,1,371.80,371.8000,,
2026-09-26T13:59:00.059684+00:00,buy,AAPLUSDT,buy,strategy,rejected,1,341.50,341.5000,,symbol not available on this market
2026-09-26T13:59:05.79696+00:00,blocked,TSLAUSDT,sell,strategy,logged,1,371.80,371.8000,,
2026-09-26T14:03:30.874821+00:00,buy,AAPLUSDT,buy,autonomous,skipped_existing_position,1,341.50,341.5000,,Position already open
2026-09-26T14:03:32.985972+00:00,sell,TSLAUSDT,sell,autonomous,skipped_existing_position,1,371.80,371.8000,,Position already open
2026-09-26T14:03:50.5935+00:00,buy,AAPLUSDT,buy,strategy,skipped_existing_position,1,341.50,341.5000,,Position already open
2026-09-26T14:03:52.288007+00:00,sell,TSLAUSDT,sell,strategy,skipped_existing_position,1,371.80,371.8000,,Position already open
2026-09-26T14:04:00.059865+00:00,buy,AAPLUSDT,buy,autonomous,rejected,1,341.50,341.5000,,symbol not available on this market
2026-09-26T14:04:05.442844+00:00,blocked,TSLAUSDT,sell,autonomous,logged,1,371.80,371.8000,,
2026-09-26T14:04:10.304401+00:00,buy,AAPLUSDT,buy,strategy,rejected,1,341.50,341.5000,,symbol not available on this market
2026-09-26T14:04:14.826469+00:00,blocked,TSLAUSDT,sell,strategy,logged,1,371.80,371.8000,,
2026-09-26T14:08:34.713495+00:00,buy,AAPLUSDT,buy,autonomous,skipped_existing_position,1,341.50,341.5000,,Position already open
2026-09-26T14:08:36.385654+00:00,sell,TSLAUSDT,sell,autonomous,skipped_existing_position,1,371.80,371.8000,,Position already open
2026-09-26T14:08:53.776957+00:00,buy,AAPLUSDT,buy,strategy,skipped_existing_position,1,341.50,341.5000,,Position already open
2026-09-26T14:08:55.420534+00:00,sell,TSLAUSDT,sell,strategy,skipped_existing_position,1,371.80,371.8000,,Position already open
2026-09-26T14:09:10.304344+00:00,buy,AAPLUSDT,buy,autonomous,rejected,1,341.50,341.5000,,symbol not available on this market
2026-09-26T14:09:15.358861+00:00,blocked,TSLAUSDT,sell,autonomous,logged,1,371.80,371.8000,,
2026-09-26T14:09:19.042162+00:00,buy,AAPLUSDT,buy,strategy,rejected,1,341.50,341.5000,,symbol not available on this market
2026-09-26T14:09:24.069104+00:00,blocked,TSLAUSDT,sell,strategy,logged,1,371.80,371.8000,,
2026-09-26T14:13:37.881275+00:00,buy,AAPLUSDT,buy,autonomous,skipped_existing_position,1,341.59,341.5900,,Position already open
2026-09-26T14:13:39.952211+00:00,blocked,TSLAUSDT,hold,autonomous,logged,0,0.00,371.8000,,No trade signal
2026-09-26T14:13:56.985764+00:00,buy,AAPLUSDT,buy,strategy,skipped_existing_position,1,341.59,341.5900,,Position already open
2026-09-26T14:13:58.444163+00:00,blocked,TSLAUSDT,hold,strategy,logged,0,0.00,371.8000,,No trade signal
2026-09-26T14:14:19.041645+00:00,buy,AAPLUSDT,buy,autonomous,rejected,1,341.59,341.5900,,symbol not available on this market
2026-09-26T14:14:23.942865+00:00,blocked,TSLAUSDT,hold,autonomous,logged,0,0.00,371.8000,,No trade signal
2026-09-26T14:14:28.848925+00:00,buy,AAPLUSDT,buy,strategy,rejected,1,341.59,341.5900,,symbol not available on this market
2026-09-26T14:14:37.687239+00:00,blocked,TSLAUSDT,hold,strategy,logged,0,0.00,371.8000,,No trade signal
2026-09-26T14:18:41.831029+00:00,buy,AAPLUSDT,buy,autonomous,skipped_existing_position,1,341.59,341.5900,,Position already open
2026-09-26T14:18:43.459509+00:00,blocked,TSLAUSDT,hold,autonomous,logged,0,0.00,371.8000,,No trade signal
2026-09-26T14:19:04.886145+00:00,buy,AAPLUSDT,buy,strategy,skipped_existing_position,1,341.59,341.5900,,Position already open
2026-09-26T14:19:06.48368+00:00,blocked,TSLAUSDT,hold,strategy,logged,0,0.00,371.8000,,No trade signal
2026-09-26T14:19:27.564121+00:00,buy,AAPLUSDT,buy,autonomous,rejected,1,341.59,341.5900,,symbol not available on this market
2026-09-26T14:19:32.677987+00:00,blocked,TSLAUSDT,hold,autonomous,logged,0,0.00,371.8000,,No trade signal
2026-09-26T14:19:41.297707+00:00,buy,AAPLUSDT,buy,strategy,rejected,1,341.59,341.5900,,symbol not available on this market
2026-09-26T14:19:45.566966+00:00,blocked,TSLAUSDT,hold,strategy,logged,0,0.00,371.8000,,No trade signal
2026-09-26T14:23:45.379823+00:00,buy,AAPLUSDT,buy,autonomous,skipped_existing_position,1,341.59,341.5900,,Position already open
2026-09-26T14:23:46.855138+00:00,blocked,TSLAUSDT,hold,autonomous,logged,0,0.00,371.8000,,No trade signal
2026-09-26T14:24:07.962907+00:00,buy,AAPLUSDT,buy,strategy,skipped_existing_position,1,341.59,341.5900,,Position already open
2026-09-26T14:24:09.457702+00:00,blocked,TSLAUSDT,hold,strategy,logged,0,0.00,371.8000,,No trade signal
2026-09-26T14:24:36.577917+00:00,buy,AAPLUSDT,buy,autonomous,rejected,1,341.59,341.5900,,symbol not available on this market
2026-09-26T14:24:41.035852+00:00,blocked,TSLAUSDT,hold,autonomous,logged,0,0.00,371.8000,,No trade signal
2026-09-26T14:24:49.763756+00:00,buy,AAPLUSDT,buy,strategy,rejected,1,341.59,341.5900,,symbol not available on this market
2026-09-26T14:24:54.289315+00:00,blocked,TSLAUSDT,hold,strategy,logged,0,0.00,371.8000,,No trade signal
2026-09-26T14:28:48.381066+00:00,buy,AAPLUSDT,buy,autonomous,skipped_existing_position,1,341.59,341.5900,,Position already open
2026-09-26T14:28:50.475113+00:00,blocked,TSLAUSDT,hold,autonomous,logged,0,0.00,371.8000,,No trade signal
2026-09-26T14:29:10.886334+00:00,buy,AAPLUSDT,buy,strategy,skipped_existing_position,1,341.59,341.5900,,Position already open
2026-09-26T14:29:12.33065+00:00,blocked,TSLAUSDT,hold,strategy,logged,0,0.00,371.8000,,No trade signal
2026-09-26T14:29:44.733032+00:00,buy,AAPLUSDT,buy,autonomous,rejected,1,341.59,341.5900,,symbol not available on this market
2026-09-26T14:29:49.041776+00:00,blocked,TSLAUSDT,hold,autonomous,logged,0,0.00,371.8000,,No trade signal
2026-09-26T14:29:58.549444+00:00,buy,AAPLUSDT,buy,strategy,rejected,1,341.59,341.5900,,symbol not available on this market
2026-09-26T14:30:11.665818+00:00,blocked,TSLAUSDT,hold,strategy,logged,0,0.00,371.8000,,No trade signal
2026-09-26T14:33:52.12933+00:00,buy,AAPLUSDT,buy,autonomous,skipped_existing_position,1,341.59,341.5900,,Position already open
2026-09-26T14:33:53.66756+00:00,blocked,TSLAUSDT,hold,autonomous,logged,0,0.00,371.8000,,No trade signal
2026-09-26T14:34:14.209164+00:00,buy,AAPLUSDT,buy,strategy,skipped_existing_position,1,341.59,341.5900,,Position already open
2026-09-26T14:34:15.686895+00:00,blocked,TSLAUSDT,hold,strategy,logged,0,0.00,371.8000,,No trade signal
2026-09-26T14:34:52.679202+00:00,buy,AAPLUSDT,buy,autonomous,rejected,1,341.59,341.5900,,symbol not available on this market
2026-09-26T14:34:57.583308+00:00,blocked,TSLAUSDT,hold,autonomous,logged,0,0.00,371.8000,,No trade signal
2026-09-26T14:35:16.882789+00:00,buy,AAPLUSDT,buy,strategy,rejected,1,341.59,341.5900,,symbol not available on this market
2026-09-26T14:35:25.940558+00:00,blocked,TSLAUSDT,hold,strategy,logged,0,0.00,371.8000,,No trade signal
2026-09-26T14:38:55.24943+00:00,buy,AAPLUSDT,buy,autonomous,skipped_existing_position,1,341.59,341.5900,,Position already open
2026-09-26T14:38:57.566686+00:00,blocked,TSLAUSDT,hold,autonomous,logged,0,0.00,371.8000,,No trade signal
2026-09-26T14:39:17.317313+00:00,buy,AAPLUSDT,buy,strategy,skipped_existing_position,1,341.59,341.5900,,Position already open
2026-09-26T14:39:21.277701+00:00,blocked,TSLAUSDT,hold,strategy,logged,0,0.00,371.8000,,No trade signal
2026-09-26T14:40:02.065825+00:00,buy,AAPLUSDT,buy,autonomous,rejected,1,341.59,341.5900,,symbol not available on this market
2026-09-26T14:40:10.017186+00:00,blocked,TSLAUSDT,hold,autonomous,logged,0,0.00,371.8000,,No trade signal
2026-09-26T14:40:32.888886+00:00,buy,AAPLUSDT,buy,strategy,rejected,1,341.59,341.5900,,symbol not available on this market
2026-09-26T14:40:37.252806+00:00,blocked,TSLAUSDT,hold,strategy,logged,0,0.00,371.8000,,No trade signal
2026-09-26T14:43:59.443827+00:00,buy,AAPLUSDT,buy,autonomous,skipped_existing_position,1,341.59,341.5900,,Position already open
2026-09-26T14:44:02.078974+00:00,blocked,TSLAUSDT,hold,autonomous,logged,0,0.00,371.8000,,No trade signal
2026-09-26T14:44:23.742315+00:00,buy,AAPLUSDT,buy,strategy,skipped_existing_position,1,341.59,341.5900,,Position already open
2026-09-26T14:44:25.414036+00:00,blocked,TSLAUSDT,hold,strategy,logged,0,0.00,371.8000,,No trade signal
2026-09-26T14:45:14.37475+00:00,buy,AAPLUSDT,buy,autonomous,rejected,1,341.59,341.5900,,symbol not available on this market
2026-09-26T14:45:19.495601+00:00,buy,TSLAUSDT,buy,autonomous,rejected,1,371.80,371.8000,,symbol not available on this market
2026-09-26T14:45:40.953294+00:00,buy,AAPLUSDT,buy,strategy,rejected,1,341.59,341.5900,,symbol not available on this market
2026-09-26T14:45:45.987571+00:00,buy,TSLAUSDT,buy,strategy,rejected,1,371.80,371.8000,,symbol not available on this market
2026-09-26T14:49:04.348336+00:00,buy,AAPLUSDT,buy,autonomous,skipped_existing_position,1,341.59,341.5900,,Position already open
2026-09-26T14:49:08.553000+00:00,position_closed,TSLAUSDT,close,autonomous,closed,3,1109.85,369.9500,-19.74,Position closed
2026-09-26T14:49:26.950184+00:00,buy,AAPLUSDT,buy,strategy,skipped_existing_position,1,341.59,341.5900,,Position already open
2026-09-26T14:49:29.308000+00:00,position_opened,TSLAUSDT,buy,strategy,submitted,1,371.80,371.8000,,Encrypted intent submitted · f075368e…
2026-09-26T14:50:28.148557+00:00,blocked,AAPLUSDT,hold,autonomous,logged,0,0.00,340.1000,,No trade signal
2026-09-26T14:50:34.365084+00:00,buy,TSLAUSDT,buy,autonomous,rejected,1,371.80,371.8000,,symbol not available on this market
2026-09-26T14:50:55.957078+00:00,blocked,AAPLUSDT,hold,strategy,logged,0,0.00,340.1000,,No trade signal
2026-09-26T14:51:00.424071+00:00,buy,TSLAUSDT,buy,strategy,rejected,1,371.80,371.8000,,symbol not available on this market
2026-09-26T14:54:10.652308+00:00,blocked,AAPLUSDT,hold,autonomous,logged,0,0.00,340.1000,,No trade signal
2026-09-26T14:54:13.283016+00:00,buy,TSLAUSDT,buy,autonomous,skipped_existing_position,1,371.80,371.8000,,Position already open
2026-09-26T14:54:30.351495+00:00,blocked,AAPLUSDT,hold,strategy,logged,0,0.00,340.1000,,No trade signal
2026-09-26T14:54:31.82104+00:00,buy,TSLAUSDT,buy,strategy,skipped_existing_position,1,371.80,371.8000,,Position already open
2026-09-26T14:55:38.367736+00:00,blocked,AAPLUSDT,hold,autonomous,logged,0,0.00,340.1000,,No trade signal
2026-09-26T14:55:42.956805+00:00,buy,TSLAUSDT,buy,autonomous,rejected,1,371.80,371.8000,,symbol not available on this market
2026-09-26T14:56:06.471504+00:00,blocked,AAPLUSDT,hold,strategy,logged,0,0.00,340.1000,,No trade signal
2026-09-26T14:56:09.805413+00:00,buy,TSLAUSDT,buy,strategy,rejected,1,371.80,371.8000,,symbol not available on this market
2026-09-26T14:59:14.736929+00:00,blocked,AAPLUSDT,hold,autonomous,logged,0,0.00,340.1000,,No trade signal
2026-09-26T14:59:16.681276+00:00,buy,TSLAUSDT,buy,autonomous,skipped_existing_position,1,371.80,371.8000,,Position already open
2026-09-26T14:59:33.342918+00:00,blocked,AAPLUSDT,hold,strategy,logged,0,0.00,340.1000,,No trade signal
2026-09-26T14:59:34.876681+00:00,buy,TSLAUSDT,buy,strategy,skipped_existing_position,1,371.80,371.8000,,Position already open
2026-09-26T15:00:47.181101+00:00,blocked,AAPLUSDT,hold,autonomous,logged,0,0.00,340.1000,,No trade signal
2026-09-26T15:00:51.778208+00:00,buy,TSLAUSDT,buy,autonomous,rejected,1,371.80,371.8000,,symbol not available on this market
2026-09-26T15:01:14.234306+00:00,blocked,AAPLUSDT,hold,strategy,logged,0,0.00,340.1000,,No trade signal
2026-09-26T15:01:18.478927+00:00,buy,TSLAUSDT,buy,strategy,rejected,1,371.80,371.8000,,symbol not available on this market
2026-09-26T15:04:18.31083+00:00,blocked,AAPLUSDT,hold,autonomous,logged,0,0.00,340.1000,,No trade signal
2026-09-26T15:04:20.290072+00:00,buy,TSLAUSDT,buy,autonomous,skipped_existing_position,1,371.80,371.8000,,Position already open
2026-09-26T15:04:36.358638+00:00,blocked,AAPLUSDT,hold,strategy,logged,0,0.00,340.1000,,No trade signal
2026-09-26T15:04:37.867159+00:00,buy,TSLAUSDT,buy,strategy,skipped_existing_position,1,371.80,371.8000,,Position already open
2026-09-26T15:05:56.856647+00:00,blocked,AAPLUSDT,hold,autonomous,logged,0,0.00,340.1000,,No trade signal
2026-09-26T15:06:00.991137+00:00,blocked,TSLAUSDT,hold,autonomous,logged,0,0.00,371.5500,,No trade signal
2026-09-26T15:06:23.747922+00:00,blocked,AAPLUSDT,hold,strategy,logged,0,0.00,340.1000,,No trade signal
2026-09-26T15:06:27.964711+00:00,blocked,TSLAUSDT,hold,strategy,logged,0,0.00,371.5500,,No trade signal
2026-09-26T15:09:21.898657+00:00,blocked,AAPLUSDT,hold,autonomous,logged,0,0.00,340.1000,,No trade signal
2026-09-26T15:09:23.688266+00:00,blocked,TSLAUSDT,hold,autonomous,logged,0,0.00,371.5500,,No trade signal
2026-09-26T15:09:39.279688+00:00,blocked,AAPLUSDT,hold,strategy,logged,0,0.00,340.1000,,No trade signal
2026-09-26T15:09:40.797269+00:00,blocked,TSLAUSDT,hold,strategy,logged,0,0.00,371.5200,,No trade signal
2026-09-26T15:11:05.495013+00:00,blocked,AAPLUSDT,hold,autonomous,logged,0,0.00,340.1000,,No trade signal
2026-09-26T15:11:09.191227+00:00,blocked,TSLAUSDT,hold,autonomous,logged,0,0.00,371.5200,,No trade signal
2026-09-26T15:11:31.738191+00:00,blocked,AAPLUSDT,hold,strategy,logged,0,0.00,340.1000,,No trade signal
2026-09-26T15:11:35.858918+00:00,blocked,TSLAUSDT,hold,strategy,logged,0,0.00,371.4800,,No trade signal
2026-09-26T17:58:09.822075+00:00,blocked,AAPLUSDT,hold,strategy,logged,0,0.00,341.5900,,No trade signal
2026-09-26T17:58:09.824718+00:00,blocked,AAPLUSDT,hold,strategy,logged,0,0.00,341.5900,,No trade signal
2026-09-26T17:58:09.82518+00:00,blocked,AAPLUSDT,hold,autonomous,logged,0,0.00,341.5900,,No trade signal
2026-09-26T17:58:09.829436+00:00,blocked,AAPLUSDT,hold,autonomous,logged,0,0.00,341.5900,,No trade signal
2026-09-26T17:58:11.797428+00:00,blocked,TSLAUSDT,hold,autonomous,logged,0,0.00,371.6700,,No trade signal
2026-09-26T17:58:16.916397+00:00,blocked,TSLAUSDT,hold,strategy,logged,0,0.00,371.6700,,No trade signal
2026-09-26T17:58:18.372909+00:00,blocked,TSLAUSDT,hold,strategy,logged,0,0.00,371.6700,,No trade signal
2026-09-26T17:58:21.583858+00:00,blocked,TSLAUSDT,hold,autonomous,logged,0,0.00,371.6700,,No trade signal
2026-09-26T18:03:23.192000+00:00,position_closed,AAPLUSDT,close,autonomous,closed,14,4780.56,341.4686,-10.10,Position closed
2026-09-26T18:03:25.240825+00:00,blocked,TSLAUSDT,hold,autonomous,logged,0,0.00,371.6700,,No trade signal
2026-09-26T18:03:26.666312+00:00,blocked,AAPLUSDT,hold,strategy,logged,0,0.00,341.5900,,No trade signal
2026-09-26T18:03:30.957034+00:00,blocked,TSLAUSDT,hold,strategy,logged,0,0.00,371.6700,,No trade signal
2026-09-26T18:03:30.958421+00:00,blocked,AAPLUSDT,hold,autonomous,logged,0,0.00,341.5900,,No trade signal
2026-09-26T18:03:30.958297+00:00,blocked,AAPLUSDT,hold,strategy,logged,0,0.00,341.5900,,No trade signal
2026-09-26T18:03:38.101483+00:00,blocked,TSLAUSDT,hold,autonomous,logged,0,0.00,371.6700,,No trade signal
2026-09-26T18:03:39.60387+00:00,blocked,TSLAUSDT,hold,strategy,logged,0,0.00,371.6700,,No trade signal
2026-09-26T18:08:26.666326+00:00,blocked,AAPLUSDT,hold,autonomous,logged,0,0.00,341.5900,,No trade signal
2026-09-26T18:08:28.910539+00:00,blocked,TSLAUSDT,hold,autonomous,logged,0,0.00,371.8000,,No trade signal
2026-09-26T18:08:35.110283+00:00,blocked,AAPLUSDT,hold,strategy,logged,0,0.00,341.5900,,No trade signal
2026-09-26T18:08:38.604684+00:00,blocked,TSLAUSDT,hold,strategy,logged,0,0.00,371.8000,,No trade signal
2026-09-26T18:08:43.794458+00:00,blocked,AAPLUSDT,hold,autonomous,logged,0,0.00,341.5900,,No trade signal
2026-09-26T18:08:47.08435+00:00,blocked,TSLAUSDT,hold,autonomous,logged,0,0.00,371.8000,,No trade signal
2026-09-26T18:08:47.128679+00:00,blocked,AAPLUSDT,hold,strategy,logged,0,0.00,341.5900,,No trade signal
2026-09-26T18:08:52.061189+00:00,blocked,TSLAUSDT,hold,strategy,logged,0,0.00,371.8000,,No trade signal
2026-09-26T20:33:42.074359+00:00,blocked,AAPLUSDT,hold,strategy,logged,0,0.00,339.9300,,No trade signal
2026-09-26T20:33:42.075892+00:00,blocked,AAPLUSDT,hold,strategy,logged,0,0.00,339.9300,,No trade signal
2026-09-26T20:33:42.076883+00:00,blocked,AAPLUSDT,hold,autonomous,logged,0,0.00,339.9300,,No trade signal
2026-09-26T20:33:42.077941+00:00,blocked,AAPLUSDT,hold,autonomous,logged,0,0.00,339.9300,,No trade signal
2026-09-26T20:33:47.033354+00:00,blocked,TSLAUSDT,hold,autonomous,logged,0,0.00,371.8600,,No trade signal
2026-09-26T20:33:48.522567+00:00,blocked,TSLAUSDT,hold,autonomous,logged,0,0.00,371.8600,,No trade signal
2026-09-26T20:33:52.112422+00:00,blocked,TSLAUSDT,hold,strategy,logged,0,0.00,371.8600,,No trade signal
2026-09-26T20:33:53.197674+00:00,blocked,TSLAUSDT,hold,strategy,logged,0,0.00,371.8600,,No trade signal
2026-09-26T20:38:57.071373+00:00,blocked,AAPLUSDT,hold,autonomous,logged,0,0.00,339.9300,,No trade signal
2026-09-26T20:39:01.217779+00:00,blocked,TSLAUSDT,hold,autonomous,logged,0,0.00,371.8600,,No trade signal
2026-09-26T20:39:01.278042+00:00,blocked,AAPLUSDT,hold,autonomous,logged,0,0.00,339.9300,,No trade signal
2026-09-26T20:39:06.405234+00:00,blocked,TSLAUSDT,hold,autonomous,logged,0,0.00,371.8600,,No trade signal
2026-09-26T20:39:06.492098+00:00,blocked,AAPLUSDT,hold,strategy,logged,0,0.00,339.9300,,No trade signal
2026-09-26T20:39:07.796458+00:00,blocked,AAPLUSDT,hold,strategy,logged,0,0.00,339.9300,,No trade signal
2026-09-26T20:39:11.109346+00:00,blocked,TSLAUSDT,hold,strategy,logged,0,0.00,371.8600,,No trade signal
2026-09-26T20:39:12.198578+00:00,blocked,TSLAUSDT,hold,strategy,logged,0,0.00,371.8600,,No trade signal
2026-09-26T20:44:05.32333+00:00,blocked,AAPLUSDT,hold,autonomous,logged,0,0.00,339.9300,,No trade signal
2026-09-26T20:44:10.781732+00:00,blocked,TSLAUSDT,hold,autonomous,logged,0,0.00,371.8600,,No trade signal
2026-09-26T20:44:10.782037+00:00,blocked,AAPLUSDT,hold,autonomous,logged,0,0.00,339.9300,,No trade signal
2026-09-26T20:44:17.131212+00:00,blocked,TSLAUSDT,hold,autonomous,logged,0,0.00,371.8600,,No trade signal
2026-09-26T20:44:17.132664+00:00,blocked,AAPLUSDT,hold,strategy,logged,0,0.00,339.9300,,No trade signal
2026-09-26T20:44:17.132325+00:00,blocked,AAPLUSDT,hold,strategy,logged,0,0.00,339.9300,,No trade signal
2026-09-26T20:44:18.821066+00:00,blocked,TSLAUSDT,hold,strategy,logged,0,0.00,371.8600,,No trade signal
2026-09-26T20:44:24.046307+00:00,blocked,TSLAUSDT,hold,strategy,logged,0,0.00,371.8600,,No trade signal
2026-09-26T22:31:45.167573+00:00,blocked,AAPLUSDT,hold,strategy,logged,0,0.00,339.9300,,No trade signal
2026-09-26T22:31:45.169968+00:00,blocked,AAPLUSDT,hold,strategy,logged,0,0.00,339.9300,,No trade signal
2026-09-26T22:31:45.171568+00:00,blocked,AAPLUSDT,hold,autonomous,logged,0,0.00,339.9300,,No trade signal
2026-09-26T22:31:45.172235+00:00,blocked,AAPLUSDT,hold,autonomous,logged,0,0.00,339.9300,,No trade signal
2026-09-26T22:31:50.550019+00:00,blocked,TSLAUSDT,hold,strategy,logged,0,0.00,371.8600,,No trade signal
2026-09-26T22:31:54.674114+00:00,blocked,TSLAUSDT,hold,autonomous,logged,0,0.00,371.8600,,No trade signal
2026-09-26T22:31:55.884521+00:00,blocked,TSLAUSDT,hold,autonomous,logged,0,0.00,371.8600,,No trade signal
2026-09-26T22:31:57.103613+00:00,blocked,TSLAUSDT,hold,strategy,logged,0,0.00,371.8600,,No trade signal
2026-09-26T22:37:02.687724+00:00,blocked,AAPLUSDT,hold,strategy,logged,0,0.00,339.9300,,No trade signal
2026-09-26T22:37:06.852913+00:00,blocked,AAPLUSDT,hold,autonomous,logged,0,0.00,339.9300,,No trade signal
2026-09-26T22:37:06.852589+00:00,blocked,TSLAUSDT,hold,strategy,logged,0,0.00,371.8600,,No trade signal
2026-09-26T22:37:11.320952+00:00,blocked,AAPLUSDT,hold,autonomous,logged,0,0.00,339.9300,,No trade signal
2026-09-26T22:37:11.321042+00:00,blocked,AAPLUSDT,hold,strategy,logged,0,0.00,339.9300,,No trade signal
2026-09-26T22:37:15.389974+00:00,blocked,TSLAUSDT,hold,autonomous,logged,0,0.00,371.8600,,No trade signal
2026-09-26T22:37:16.540718+00:00,blocked,TSLAUSDT,hold,strategy,logged,0,0.00,371.8600,,No trade signal
2026-09-26T22:37:17.62732+00:00,blocked,TSLAUSDT,hold,autonomous,logged,0,0.00,371.8600,,No trade signal
2026-09-26T22:42:11.321496+00:00,blocked,AAPLUSDT,hold,strategy,logged,0,0.00,339.9000,,No trade signal
2026-09-26T22:42:15.14057+00:00,blocked,TSLAUSDT,hold,strategy,logged,0,0.00,371.8600,,No trade signal
2026-09-26T22:42:21.549943+00:00,blocked,AAPLUSDT,hold,autonomous,logged,0,0.00,339.9000,,No trade signal
2026-09-26T22:42:28.161033+00:00,blocked,TSLAUSDT,hold,autonomous,logged,0,0.00,371.8600,,No trade signal
2026-09-26T22:42:28.162131+00:00,blocked,AAPLUSDT,hold,autonomous,logged,0,0.00,339.9000,,No trade signal
2026-09-26T22:42:28.162056+00:00,blocked,AAPLUSDT,hold,strategy,logged,0,0.00,339.9000,,No trade signal
2026-09-26T22:42:30.482222+00:00,blocked,TSLAUSDT,hold,strategy,logged,0,0.00,371.8600,,No trade signal
2026-09-26T22:42:35.377592+00:00,blocked,TSLAUSDT,hold,autonomous,logged,0,0.00,371.8600,,No trade signal
2026-09-26T22:47:19.031465+00:00,blocked,AAPLUSDT,hold,strategy,logged,0,0.00,339.9000,,No trade signal
2026-09-26T22:47:22.756992+00:00,blocked,TSLAUSDT,hold,strategy,logged,0,0.00,371.8600,,No trade signal
2026-09-26T22:47:34.174001+00:00,blocked,AAPLUSDT,hold,autonomous,logged,0,0.00,339.9000,,No trade signal
2026-09-26T22:47:38.027995+00:00,blocked,TSLAUSDT,hold,autonomous,logged,0,0.00,371.8600,,No trade signal
2026-09-26T22:47:38.028954+00:00,blocked,AAPLUSDT,hold,autonomous,logged,0,0.00,339.9000,,No trade signal
2026-09-26T22:47:38.028909+00:00,blocked,AAPLUSDT,hold,strategy,logged,0,0.00,339.9000,,No trade signal
2026-09-26T22:47:39.686118+00:00,blocked,TSLAUSDT,hold,strategy,logged,0,0.00,371.8600,,No trade signal
2026-09-26T22:47:44.348966+00:00,blocked,TSLAUSDT,hold,autonomous,logged,0,0.00,371.8600,,No trade signal
2026-09-26T22:52:26.550479+00:00,blocked,AAPLUSDT,hold,strategy,logged,0,0.00,339.9000,,No trade signal
2026-09-26T22:52:32.200511+00:00,blocked,TSLAUSDT,hold,strategy,logged,0,0.00,371.8600,,No trade signal
2026-09-26T22:52:43.166918+00:00,blocked,AAPLUSDT,hold,autonomous,logged,0,0.00,339.9000,,No trade signal
2026-09-26T22:52:43.166902+00:00,blocked,AAPLUSDT,hold,autonomous,logged,0,0.00,339.9000,,No trade signal
2026-09-26T22:52:43.166881+00:00,blocked,AAPLUSDT,hold,strategy,logged,0,0.00,339.9000,,No trade signal
2026-09-26T22:52:43.166813+00:00,blocked,AAPLUSDT,hold,strategy,logged,0,0.00,339.9000,,No trade signal
2026-09-26T22:53:19.547337+00:00,blocked,AAPLUSDT,hold,autonomous,logged,0,0.00,339.9000,,No trade signal
2026-09-26T22:53:19.547319+00:00,blocked,AAPLUSDT,hold,autonomous,logged,0,0.00,339.9000,,No trade signal
2026-09-26T22:53:19.547284+00:00,blocked,AAPLUSDT,hold,strategy,logged,0,0.00,339.9000,,No trade signal
2026-09-26T22:53:19.547208+00:00,blocked,AAPLUSDT,hold,strategy,logged,0,0.00,339.9000,,No trade signal
2026-09-26T22:58:25.254522+00:00,blocked,AAPLUSDT,hold,strategy,logged,0,0.00,339.9000,,No trade signal
2026-09-26T22:58:30.150227+00:00,blocked,AAPLUSDT,hold,autonomous,logged,0,0.00,339.9000,,No trade signal
2026-09-26T22:58:30.150146+00:00,blocked,AAPLUSDT,hold,strategy,logged,0,0.00,339.9000,,No trade signal
2026-09-26T22:58:31.247125+00:00,blocked,AAPLUSDT,hold,autonomous,logged,0,0.00,339.9000,,No trade signal
2026-09-26T23:00:26.102634+00:00,blocked,AAPLUSDT,hold,autonomous,logged,0,0.00,339.9000,,No trade signal
2026-09-26T23:00:26.102611+00:00,blocked,AAPLUSDT,hold,autonomous,logged,0,0.00,339.9000,,No trade signal
2026-09-26T23:00:26.10258+00:00,blocked,AAPLUSDT,hold,strategy,logged,0,0.00,339.9000,,No trade signal
2026-09-26T23:00:26.10248+00:00,blocked,AAPLUSDT,hold,strategy,logged,0,0.00,339.9000,,No trade signal
2026-09-26T23:00:35.496224+00:00,blocked,TSLAUSDT,hold,strategy,logged,0,0.00,371.8600,,No trade signal
2026-09-26T23:00:36.699076+00:00,blocked,TSLAUSDT,hold,autonomous,logged,0,0.00,371.8600,,No trade signal
2026-09-26T23:00:40.955076+00:00,blocked,TSLAUSDT,hold,strategy,logged,0,0.00,371.8600,,No trade signal
2026-09-26T23:00:45.274131+00:00,blocked,TSLAUSDT,hold,autonomous,logged,0,0.00,371.8600,,No trade signal
2026-09-26T23:05:46.399987+00:00,blocked,AAPLUSDT,hold,strategy,logged,0,0.00,339.9000,,No trade signal
2026-09-26T23:05:48.372154+00:00,blocked,TSLAUSDT,hold,strategy,logged,0,0.00,371.8600,,No trade signal
2026-09-26T23:05:48.473795+00:00,blocked,AAPLUSDT,hold,autonomous,logged,0,0.00,339.9000,,No trade signal
2026-09-26T23:05:51.132633+00:00,blocked,TSLAUSDT,hold,autonomous,logged,0,0.00,371.8600,,No trade signal
2026-09-26T23:05:51.357495+00:00,blocked,AAPLUSDT,hold,strategy,logged,0,0.00,339.9000,,No trade signal
2026-09-26T23:05:56.040196+00:00,blocked,TSLAUSDT,hold,strategy,logged,0,0.00,371.8600,,No trade signal
2026-09-26T23:05:56.140912+00:00,blocked,AAPLUSDT,hold,autonomous,logged,0,0.00,339.9000,,No trade signal
2026-09-26T23:06:04.306231+00:00,blocked,TSLAUSDT,hold,autonomous,logged,0,0.00,371.8600,,No trade signal
2026-09-26T23:10:17.783982+00:00,blocked,AAPLUSDT,hold,strategy,logged,0,0.00,339.9000,,No trade signal
2026-09-26T23:10:17.784104+00:00,blocked,AAPLUSDT,hold,autonomous,logged,0,0.00,339.9000,,No trade signal
2026-09-26T23:10:17.784088+00:00,blocked,AAPLUSDT,hold,autonomous,logged,0,0.00,339.9000,,No trade signal
2026-09-26T23:10:17.784066+00:00,blocked,AAPLUSDT,hold,strategy,logged,0,0.00,339.9000,,No trade signal
2026-09-26T23:10:42.047996+00:00,blocked,AAPLUSDT,hold,autonomous,logged,0,0.00,339.9000,,No trade signal
2026-09-26T23:10:42.047973+00:00,blocked,AAPLUSDT,hold,autonomous,logged,0,0.00,339.9000,,No trade signal
2026-09-26T23:10:42.047934+00:00,blocked,AAPLUSDT,hold,strategy,logged,0,0.00,339.9000,,No trade signal
2026-09-26T23:10:42.047829+00:00,blocked,AAPLUSDT,hold,strategy,logged,0,0.00,339.9000,,No trade signal
2026-09-26T23:10:52.459747+00:00,blocked,AAPLUSDT,hold,autonomous,logged,0,0.00,339.9000,,No trade signal
2026-09-26T23:10:52.459727+00:00,blocked,AAPLUSDT,hold,autonomous,logged,0,0.00,339.9000,,No trade signal
2026-09-26T23:10:52.459697+00:00,blocked,AAPLUSDT,hold,strategy,logged,0,0.00,339.9000,,No trade signal
2026-09-26T23:10:52.459607+00:00,blocked,AAPLUSDT,hold,strategy,logged,0,0.00,339.9000,,No trade signal
2026-09-26T23:14:10.700822+00:00,blocked,AAPLUSDT,hold,autonomous,logged,0,0.00,339.9000,,No trade signal
2026-09-26T23:14:10.700797+00:00,blocked,AAPLUSDT,hold,autonomous,logged,0,0.00,339.9000,,No trade signal
2026-09-26T23:14:10.700761+00:00,blocked,AAPLUSDT,hold,strategy,logged,0,0.00,339.9000,,No trade signal
2026-09-26T23:14:10.700655+00:00,blocked,AAPLUSDT,hold,strategy,logged,0,0.00,339.9000,,No trade signal
2026-09-26T23:14:15.791437+00:00,blocked,TSLAUSDT,hold,autonomous,logged,0,0.00,371.8600,,No trade signal
2026-09-26T23:14:17.269716+00:00,blocked,TSLAUSDT,hold,autonomous,logged,0,0.00,371.8600,,No trade signal
2026-09-26T23:14:21.883043+00:00,blocked,TSLAUSDT,hold,strategy,logged,0,0.00,371.8600,,No trade signal
2026-09-26T23:14:23.214439+00:00,blocked,TSLAUSDT,hold,strategy,logged,0,0.00,371.8600,,No trade signal
2026-09-26T23:14:40.372403+00:00,blocked,AAPLUSDT,hold,autonomous,logged,0,0.00,339.9000,,No trade signal
2026-09-26T23:14:40.372363+00:00,blocked,AAPLUSDT,hold,autonomous,logged,0,0.00,339.9000,,No trade signal
2026-09-26T23:14:40.372343+00:00,blocked,AAPLUSDT,hold,strategy,logged,0,0.00,339.9000,,No trade signal
2026-09-26T23:14:40.372273+00:00,blocked,AAPLUSDT,hold,strategy,logged,0,0.00,339.9000,,No trade signal
2026-09-26T23:14:44.185895+00:00,blocked,TSLAUSDT,hold,strategy,logged,0,0.00,371.8600,,No trade signal
2026-09-26T23:14:45.237269+00:00,blocked,TSLAUSDT,hold,strategy,logged,0,0.00,371.8600,,No trade signal
2026-09-26T23:14:46.377541+00:00,blocked,TSLAUSDT,hold,autonomous,logged,0,0.00,371.8600,,No trade signal
2026-09-26T23:14:50.429809+00:00,blocked,TSLAUSDT,hold,autonomous,logged,0,0.00,371.8600,,No trade signal
2026-09-26T23:19:54.255337+00:00,blocked,AAPLUSDT,hold,strategy,logged,0,0.00,339.9000,,No trade signal
2026-09-26T23:19:58.552932+00:00,blocked,AAPLUSDT,hold,autonomous,logged,0,0.00,339.9000,,No trade signal
2026-09-26T23:19:58.552862+00:00,blocked,AAPLUSDT,hold,strategy,logged,0,0.00,339.9000,,No trade signal
2026-09-26T23:19:58.552306+00:00,blocked,TSLAUSDT,hold,strategy,logged,0,0.00,371.8600,,No trade signal
2026-09-26T23:20:00.280837+00:00,blocked,AAPLUSDT,hold,autonomous,logged,0,0.00,339.9000,,No trade signal
2026-09-26T23:20:00.280012+00:00,blocked,TSLAUSDT,hold,autonomous,logged,0,0.00,371.8600,,No trade signal
2026-09-26T23:20:12.668668+00:00,blocked,TSLAUSDT,hold,strategy,logged,0,0.00,371.8600,,No trade signal
2026-09-26T23:20:17.381527+00:00,blocked,TSLAUSDT,hold,autonomous,logged,0,0.00,371.8600,,No trade signal
2026-09-26T23:25:11.494375+00:00,blocked,AAPLUSDT,hold,strategy,logged,0,0.00,339.9000,,No trade signal
2026-09-26T23:25:15.895978+00:00,blocked,TSLAUSDT,hold,strategy,logged,0,0.00,371.8600,,No trade signal
2026-09-26T23:25:15.960309+00:00,blocked,AAPLUSDT,hold,autonomous,logged,0,0.00,339.9000,,No trade signal
2026-09-26T23:25:20.093658+00:00,blocked,AAPLUSDT,hold,strategy,logged,0,0.00,339.9000,,No trade signal
2026-09-26T23:25:21.233532+00:00,blocked,TSLAUSDT,hold,autonomous,logged,0,0.00,371.8600,,No trade signal
2026-09-26T23:25:22.482793+00:00,blocked,TSLAUSDT,hold,strategy,logged,0,0.00,371.8600,,No trade signal
2026-09-26T23:25:22.483764+00:00,blocked,AAPLUSDT,hold,autonomous,logged,0,0.00,339.9000,,No trade signal
2026-09-26T23:25:28.479853+00:00,blocked,TSLAUSDT,hold,autonomous,logged,0,0.00,371.8600,,No trade signal
2026-09-26T23:30:20.09424+00:00,blocked,AAPLUSDT,hold,strategy,logged,0,0.00,339.9000,,No trade signal
2026-09-26T23:30:25.014036+00:00,blocked,TSLAUSDT,hold,strategy,logged,0,0.00,371.8600,,No trade signal
2026-09-26T23:30:25.015056+00:00,blocked,AAPLUSDT,hold,strategy,logged,0,0.00,339.9000,,No trade signal
2026-09-26T23:30:25.015012+00:00,blocked,AAPLUSDT,hold,autonomous,logged,0,0.00,339.9000,,No trade signal
2026-09-26T23:30:31.377367+00:00,blocked,TSLAUSDT,hold,autonomous,logged,0,0.00,371.8600,,No trade signal
2026-09-26T23:30:33.067417+00:00,blocked,TSLAUSDT,hold,strategy,logged,0,0.00,371.8600,,No trade signal
2026-09-26T23:30:33.068789+00:00,blocked,AAPLUSDT,hold,autonomous,logged,0,0.00,339.9000,,No trade signal
2026-09-26T23:30:39.067682+00:00,blocked,TSLAUSDT,hold,autonomous,logged,0,0.00,371.8600,,No trade signal
2026-09-27T00:39:04.493522+00:00,blocked,AAPLUSDT,hold,strategy,logged,0,0.00,339.9000,,No trade signal
2026-09-27T00:39:04.496903+00:00,blocked,AAPLUSDT,hold,strategy,logged,0,0.00,339.9000,,No trade signal
2026-09-27T00:39:04.49811+00:00,blocked,AAPLUSDT,hold,autonomous,logged,0,0.00,339.9000,,No trade signal
2026-09-27T00:39:04.502403+00:00,blocked,AAPLUSDT,hold,autonomous,logged,0,0.00,339.9000,,No trade signal
2026-09-27T00:39:10.154475+00:00,blocked,TSLAUSDT,hold,strategy,logged,0,0.00,371.6000,,No trade signal
2026-09-27T00:39:11.323214+00:00,blocked,TSLAUSDT,hold,strategy,logged,0,0.00,371.6000,,No trade signal
2026-09-27T00:39:15.968575+00:00,blocked,TSLAUSDT,hold,autonomous,logged,0,0.00,371.6000,,No trade signal
2026-09-27T00:39:17.160387+00:00,blocked,TSLAUSDT,hold,autonomous,logged,0,0.00,371.6000,,No trade signal
2026-09-27T00:44:21.700293+00:00,blocked,AAPLUSDT,hold,strategy,logged,0,0.00,339.9000,,No trade signal
2026-09-27T00:44:26.194746+00:00,blocked,AAPLUSDT,hold,autonomous,logged,0,0.00,339.9000,,No trade signal
2026-09-27T00:44:26.194641+00:00,blocked,AAPLUSDT,hold,strategy,logged,0,0.00,339.9000,,No trade signal
2026-09-27T00:44:26.1942+00:00,blocked,TSLAUSDT,hold,strategy,logged,0,0.00,371.6000,,No trade signal
2026-09-27T00:44:29.616746+00:00,blocked,AAPLUSDT,hold,autonomous,logged,0,0.00,339.9000,,No trade signal
2026-09-27T00:44:30.755773+00:00,blocked,TSLAUSDT,hold,strategy,logged,0,0.00,371.6000,,No trade signal
2026-09-27T00:44:34.195055+00:00,blocked,TSLAUSDT,hold,autonomous,logged,0,0.00,371.6000,,No trade signal
2026-09-27T00:44:35.348243+00:00,blocked,TSLAUSDT,hold,autonomous,logged,0,0.00,371.6000,,No trade signal
2026-09-27T00:49:29.616175+00:00,blocked,AAPLUSDT,hold,strategy,logged,0,0.00,339.9000,,No trade signal
2026-09-27T00:49:34.826154+00:00,blocked,TSLAUSDT,hold,strategy,logged,0,0.00,371.6000,,No trade signal
2026-09-27T00:49:38.706468+00:00,blocked,AAPLUSDT,hold,strategy,logged,0,0.00,339.9000,,No trade signal
2026-09-27T00:49:40.134209+00:00,blocked,TSLAUSDT,hold,strategy,logged,0,0.00,371.6000,,No trade signal
2026-09-27T00:49:41.632805+00:00,blocked,AAPLUSDT,hold,autonomous,logged,0,0.00,339.9000,,No trade signal
2026-09-27T00:49:41.632699+00:00,blocked,AAPLUSDT,hold,autonomous,logged,0,0.00,339.9000,,No trade signal
2026-09-27T00:49:43.184425+00:00,blocked,TSLAUSDT,hold,autonomous,logged,0,0.00,371.6000,,No trade signal
2026-09-27T00:49:47.236017+00:00,blocked,TSLAUSDT,hold,autonomous,logged,0,0.00,371.6000,,No trade signal
2026-09-27T00:50:42.457823+00:00,blocked,AAPLUSDT,hold,strategy,logged,0,0.00,339.9000,,No trade signal
2026-09-27T00:50:42.459218+00:00,blocked,AAPLUSDT,hold,strategy,logged,0,0.00,339.9000,,No trade signal
2026-09-27T00:50:42.4601+00:00,blocked,AAPLUSDT,hold,autonomous,logged,0,0.00,339.9000,,No trade signal
2026-09-27T00:50:42.461117+00:00,blocked,AAPLUSDT,hold,autonomous,logged,0,0.00,339.9000,,No trade signal
2026-09-27T00:50:47.124819+00:00,blocked,TSLAUSDT,hold,autonomous,logged,0,0.00,371.6000,,No trade signal
2026-09-27T00:50:48.213919+00:00,blocked,TSLAUSDT,hold,autonomous,logged,0,0.00,371.6000,,No trade signal
2026-09-27T00:50:49.352288+00:00,blocked,TSLAUSDT,hold,strategy,logged,0,0.00,371.6000,,No trade signal
2026-09-27T00:50:52.84818+00:00,blocked,TSLAUSDT,hold,strategy,logged,0,0.00,371.6000,,No trade signal
2026-09-27T00:51:41.19185+00:00,blocked,AAPLUSDT,hold,strategy,logged,0,0.00,339.9000,,No trade signal
2026-09-27T00:51:41.192498+00:00,blocked,AAPLUSDT,hold,strategy,logged,0,0.00,339.9000,,No trade signal
2026-09-27T00:51:41.194807+00:00,blocked,AAPLUSDT,hold,autonomous,logged,0,0.00,339.9000,,No trade signal
2026-09-27T00:51:41.194116+00:00,blocked,AAPLUSDT,hold,autonomous,logged,0,0.00,339.9000,,No trade signal
2026-09-27T00:51:43.051154+00:00,blocked,TSLAUSDT,hold,autonomous,logged,0,0.00,371.6000,,No trade signal
2026-09-27T00:51:44.148552+00:00,blocked,TSLAUSDT,hold,strategy,logged,0,0.00,371.6000,,No trade signal
2026-09-27T00:51:48.053791+00:00,blocked,TSLAUSDT,hold,strategy,logged,0,0.00,371.6000,,No trade signal
2026-09-27T00:51:51.749271+00:00,blocked,TSLAUSDT,hold,autonomous,logged,0,0.00,371.6000,,No trade signal
2026-09-27T00:56:53.031654+00:00,blocked,AAPLUSDT,hold,autonomous,logged,0,0.00,339.9000,,No trade signal
2026-09-27T00:56:54.404622+00:00,blocked,TSLAUSDT,hold,autonomous,logged,0,0.00,371.6400,,No trade signal
2026-09-27T00:56:54.418899+00:00,blocked,AAPLUSDT,hold,strategy,logged,0,0.00,339.9000,,No trade signal
2026-09-27T00:56:55.916561+00:00,blocked,TSLAUSDT,hold,strategy,logged,0,0.00,371.6400,,No trade signal
2026-09-27T00:56:58.2407+00:00,blocked,AAPLUSDT,hold,strategy,logged,0,0.00,339.9000,,No trade signal
2026-09-27T00:57:02.058877+00:00,blocked,TSLAUSDT,hold,strategy,logged,0,0.00,371.6400,,No trade signal
2026-09-27T00:57:06.660888+00:00,blocked,AAPLUSDT,hold,autonomous,logged,0,0.00,339.9000,,No trade signal
2026-09-27T00:57:10.17501+00:00,blocked,TSLAUSDT,hold,autonomous,logged,0,0.00,371.6400,,No trade signal
2026-09-27T01:01:56.928137+00:00,blocked,AAPLUSDT,hold,autonomous,logged,0,0.00,339.9000,,No trade signal
2026-09-27T01:01:58.863154+00:00,blocked,TSLAUSDT,hold,autonomous,logged,0,0.00,371.6400,,No trade signal
2026-09-27T01:01:58.940546+00:00,blocked,AAPLUSDT,hold,strategy,logged,0,0.00,339.9000,,No trade signal
2026-09-27T01:02:01.950591+00:00,blocked,TSLAUSDT,hold,strategy,logged,0,0.00,371.6400,,No trade signal
2026-09-27T01:02:06.660694+00:00,blocked,AAPLUSDT,hold,strategy,logged,0,0.00,339.9000,,No trade signal
2026-09-27T01:02:11.514604+00:00,blocked,TSLAUSDT,hold,strategy,logged,0,0.00,371.6400,,No trade signal
2026-09-27T01:02:16.060699+00:00,blocked,AAPLUSDT,hold,autonomous,logged,0,0.00,339.9000,,No trade signal
2026-09-27T01:02:20.422792+00:00,blocked,TSLAUSDT,hold,autonomous,logged,0,0.00,371.6400,,No trade signal
2026-09-27T01:07:00.460389+00:00,blocked,AAPLUSDT,hold,autonomous,logged,0,0.00,339.9000,,No trade signal
2026-09-27T01:07:02.589818+00:00,blocked,TSLAUSDT,hold,autonomous,logged,0,0.00,371.6400,,No trade signal
2026-09-27T01:07:05.664257+00:00,blocked,AAPLUSDT,hold,strategy,logged,0,0.00,339.9000,,No trade signal
2026-09-27T01:07:07.20585+00:00,blocked,TSLAUSDT,hold,strategy,logged,0,0.00,371.6400,,No trade signal
2026-09-27T01:07:16.060824+00:00,blocked,AAPLUSDT,hold,strategy,logged,0,0.00,339.9000,,No trade signal
2026-09-27T01:07:19.726824+00:00,blocked,TSLAUSDT,hold,strategy,logged,0,0.00,371.6400,,No trade signal
2026-09-27T01:07:24.817879+00:00,blocked,AAPLUSDT,hold,autonomous,logged,0,0.00,339.9000,,No trade signal
2026-09-27T01:07:29.188537+00:00,blocked,TSLAUSDT,hold,autonomous,logged,0,0.00,371.6400,,No trade signal
2026-09-27T01:21:26.903756+00:00,blocked,AAPLUSDT,hold,strategy,logged,0,0.00,339.9000,,No trade signal
2026-09-27T01:21:26.905144+00:00,blocked,AAPLUSDT,hold,strategy,logged,0,0.00,339.9000,,No trade signal
2026-09-27T01:21:26.906266+00:00,blocked,AAPLUSDT,hold,autonomous,logged,0,0.00,339.9000,,No trade signal
2026-09-27T01:21:26.907461+00:00,blocked,AAPLUSDT,hold,autonomous,logged,0,0.00,339.9000,,No trade signal
2026-09-27T01:21:31.222297+00:00,blocked,TSLAUSDT,hold,autonomous,logged,0,0.00,371.6400,,No trade signal
2026-09-27T01:21:32.342294+00:00,blocked,TSLAUSDT,hold,autonomous,logged,0,0.00,371.6400,,No trade signal
2026-09-27T01:21:35.767542+00:00,blocked,TSLAUSDT,hold,strategy,logged,0,0.00,371.6400,,No trade signal
2026-09-27T01:21:37.146628+00:00,blocked,TSLAUSDT,hold,strategy,logged,0,0.00,371.6400,,No trade signal
2026-09-27T01:26:40.474562+00:00,blocked,AAPLUSDT,hold,autonomous,logged,0,0.00,339.9000,,No trade signal
2026-09-27T01:26:45.406229+00:00,blocked,TSLAUSDT,hold,autonomous,logged,0,0.00,371.6400,,No trade signal
2026-09-27T01:26:45.407299+00:00,blocked,AAPLUSDT,hold,autonomous,logged,0,0.00,339.9000,,No trade signal
2026-09-27T01:26:45.576931+00:00,blocked,AAPLUSDT,hold,strategy,logged,0,0.00,339.9000,,No trade signal
2026-09-27T01:26:49.959289+00:00,blocked,AAPLUSDT,hold,strategy,logged,0,0.00,339.9000,,No trade signal
2026-09-27T01:26:51.153531+00:00,blocked,TSLAUSDT,hold,autonomous,logged,0,0.00,371.6400,,No trade signal
2026-09-27T01:26:54.553016+00:00,blocked,TSLAUSDT,hold,strategy,logged,0,0.00,371.6400,,No trade signal
2026-09-27T01:26:55.703865+00:00,blocked,TSLAUSDT,hold,strategy,logged,0,0.00,371.6400,,No trade signal
2026-09-27T01:31:49.959159+00:00,blocked,AAPLUSDT,hold,autonomous,logged,0,0.00,339.9000,,No trade signal
2026-09-27T01:31:54.544911+00:00,blocked,TSLAUSDT,hold,autonomous,logged,0,0.00,371.6400,,No trade signal
2026-09-27T01:31:58.590973+00:00,blocked,AAPLUSDT,hold,autonomous,logged,0,0.00,339.9000,,No trade signal
2026-09-27T01:31:59.974778+00:00,blocked,TSLAUSDT,hold,autonomous,logged,0,0.00,371.6400,,No trade signal
2026-09-27T01:32:01.529837+00:00,blocked,AAPLUSDT,hold,strategy,logged,0,0.00,339.9000,,No trade signal
2026-09-27T01:32:01.692043+00:00,blocked,AAPLUSDT,hold,strategy,logged,0,0.00,339.9000,,No trade signal
2026-09-27T01:32:06.6588+00:00,blocked,TSLAUSDT,hold,strategy,logged,0,0.00,371.6400,,No trade signal
2026-09-27T01:32:07.887046+00:00,blocked,TSLAUSDT,hold,strategy,logged,0,0.00,371.6400,,No trade signal
2026-09-27T06:41:20.12453+00:00,blocked,AAPLUSDT,hold,strategy,logged,0,0.00,340.0300,,No trade signal
2026-09-27T06:41:20.12515+00:00,blocked,AAPLUSDT,hold,strategy,logged,0,0.00,340.0300,,No trade signal
2026-09-27T06:41:20.126678+00:00,blocked,AAPLUSDT,hold,autonomous,logged,0,0.00,340.0300,,No trade signal
2026-09-27T06:41:20.127531+00:00,blocked,AAPLUSDT,hold,autonomous,logged,0,0.00,340.0300,,No trade signal
2026-09-27T06:41:22.110154+00:00,blocked,TSLAUSDT,hold,strategy,logged,0,0.00,371.5100,,No trade signal
2026-09-27T06:41:27.184367+00:00,blocked,TSLAUSDT,hold,strategy,logged,0,0.00,371.5100,,No trade signal
2026-09-27T06:41:30.837595+00:00,blocked,TSLAUSDT,hold,autonomous,logged,0,0.00,371.5100,,No trade signal
2026-09-27T06:41:32.188505+00:00,blocked,TSLAUSDT,hold,autonomous,logged,0,0.00,371.5100,,No trade signal
2026-09-27T06:46:33.271813+00:00,blocked,AAPLUSDT,hold,strategy,logged,0,0.00,340.0300,,No trade signal
2026-09-27T06:46:35.867274+00:00,blocked,TSLAUSDT,hold,strategy,logged,0,0.00,371.5100,,No trade signal
2026-09-27T06:46:37.540448+00:00,blocked,AAPLUSDT,hold,strategy,logged,0,0.00,340.0300,,No trade signal
2026-09-27T06:46:41.841773+00:00,blocked,TSLAUSDT,hold,strategy,logged,0,0.00,371.5100,,No trade signal
2026-09-27T06:46:41.842906+00:00,blocked,AAPLUSDT,hold,autonomous,logged,0,0.00,340.0300,,No trade signal
2026-09-27T06:46:41.842842+00:00,blocked,AAPLUSDT,hold,autonomous,logged,0,0.00,340.0300,,No trade signal
2026-09-27T06:46:46.574585+00:00,blocked,TSLAUSDT,hold,autonomous,logged,0,0.00,371.5100,,No trade signal
2026-09-27T06:46:49.772441+00:00,blocked,TSLAUSDT,hold,autonomous,logged,0,0.00,371.5100,,No trade signal
2026-09-27T06:51:37.540894+00:00,blocked,AAPLUSDT,hold,strategy,logged,0,0.00,340.0300,,No trade signal
2026-09-27T06:51:39.353634+00:00,blocked,TSLAUSDT,hold,strategy,logged,0,0.00,371.5100,,No trade signal
2026-09-27T06:51:45.373647+00:00,blocked,AAPLUSDT,hold,strategy,logged,0,0.00,340.0300,,No trade signal
2026-09-27T06:51:48.967597+00:00,blocked,TSLAUSDT,hold,strategy,logged,0,0.00,371.5100,,No trade signal
2026-09-27T06:51:52.870605+00:00,blocked,AAPLUSDT,hold,autonomous,logged,0,0.00,340.0300,,No trade signal
2026-09-27T06:51:54.260022+00:00,blocked,TSLAUSDT,hold,autonomous,logged,0,0.00,371.5100,,No trade signal
2026-09-27T06:51:54.389279+00:00,blocked,AAPLUSDT,hold,autonomous,logged,0,0.00,340.0300,,No trade signal
2026-09-27T06:51:59.252802+00:00,blocked,TSLAUSDT,hold,autonomous,logged,0,0.00,371.5100,,No trade signal
2026-09-27T08:06:36.79873+00:00,blocked,AAPLUSDT,hold,strategy,logged,0,0.00,339.8700,,No trade signal
2026-09-27T08:06:36.798207+00:00,blocked,AAPLUSDT,hold,strategy,logged,0,0.00,339.8700,,No trade signal
2026-09-27T08:06:36.799701+00:00,blocked,AAPLUSDT,hold,autonomous,logged,0,0.00,339.8700,,No trade signal
2026-09-27T08:06:36.800865+00:00,blocked,AAPLUSDT,hold,autonomous,logged,0,0.00,339.8700,,No trade signal
2026-09-27T08:06:38.965515+00:00,blocked,TSLAUSDT,hold,autonomous,logged,0,0.00,371.8200,,No trade signal
2026-09-27T08:06:43.111106+00:00,blocked,TSLAUSDT,hold,autonomous,logged,0,0.00,371.8200,,No trade signal
2026-09-27T08:06:44.596919+00:00,blocked,TSLAUSDT,hold,strategy,logged,0,0.00,371.8200,,No trade signal
2026-09-27T08:06:48.650016+00:00,blocked,TSLAUSDT,hold,strategy,logged,0,0.00,371.8200,,No trade signal
2026-09-27T08:11:49.857877+00:00,blocked,AAPLUSDT,hold,autonomous,logged,0,0.00,339.8700,,No trade signal
2026-09-27T08:11:51.682563+00:00,blocked,TSLAUSDT,hold,autonomous,logged,0,0.00,371.8200,,No trade signal
2026-09-27T08:11:53.503022+00:00,blocked,AAPLUSDT,hold,autonomous,logged,0,0.00,339.8700,,No trade signal
2026-09-27T08:11:57.826525+00:00,blocked,TSLAUSDT,hold,autonomous,logged,0,0.00,371.8200,,No trade signal
2026-09-27T08:11:57.827502+00:00,blocked,AAPLUSDT,hold,strategy,logged,0,0.00,339.8700,,No trade signal
2026-09-27T08:11:57.831478+00:00,blocked,AAPLUSDT,hold,strategy,logged,0,0.00,339.8700,,No trade signal
2026-09-27T08:11:59.423262+00:00,blocked,TSLAUSDT,hold,strategy,logged,0,0.00,371.8200,,No trade signal
2026-09-27T08:12:03.645037+00:00,blocked,TSLAUSDT,hold,strategy,logged,0,0.00,371.8200,,No trade signal
2026-09-27T08:16:53.3187+00:00,blocked,AAPLUSDT,hold,autonomous,logged,0,0.00,339.8700,,No trade signal
2026-09-27T08:16:56.119179+00:00,blocked,TSLAUSDT,hold,autonomous,logged,0,0.00,371.8200,,No trade signal
2026-09-27T08:17:07.06354+00:00,blocked,AAPLUSDT,hold,autonomous,logged,0,0.00,339.8700,,No trade signal
2026-09-27T08:17:08.829915+00:00,blocked,AAPLUSDT,hold,strategy,logged,0,0.00,339.8700,,No trade signal
2026-09-27T08:17:13.006539+00:00,blocked,TSLAUSDT,hold,autonomous,logged,0,0.00,371.8200,,No trade signal
2026-09-27T08:17:13.007766+00:00,blocked,AAPLUSDT,hold,strategy,logged,0,0.00,339.8700,,No trade signal
2026-09-27T08:17:14.465186+00:00,blocked,TSLAUSDT,hold,strategy,logged,0,0.00,371.8200,,No trade signal
2026-09-27T08:17:18.124962+00:00,blocked,TSLAUSDT,hold,strategy,logged,0,0.00,371.8200,,No trade signal
2026-09-27T08:21:58.533763+00:00,blocked,AAPLUSDT,hold,autonomous,logged,0,0.00,339.8700,,No trade signal
2026-09-27T08:21:59.976064+00:00,blocked,TSLAUSDT,hold,autonomous,logged,0,0.00,371.8200,,No trade signal
2026-09-27T08:22:21.449583+00:00,blocked,AAPLUSDT,hold,autonomous,logged,0,0.00,339.8700,,No trade signal
2026-09-27T08:22:25.539472+00:00,blocked,TSLAUSDT,hold,autonomous,logged,0,0.00,371.8200,,No trade signal
2026-09-27T08:22:25.540524+00:00,blocked,AAPLUSDT,hold,strategy,logged,0,0.00,339.8700,,No trade signal
2026-09-27T08:22:27.057559+00:00,blocked,TSLAUSDT,hold,strategy,logged,0,0.00,371.8200,,No trade signal
2026-09-27T08:22:27.058551+00:00,blocked,AAPLUSDT,hold,strategy,logged,0,0.00,339.8700,,No trade signal
2026-09-27T08:22:34.902886+00:00,blocked,TSLAUSDT,hold,strategy,logged,0,0.00,371.8200,,No trade signal
2026-09-27T08:27:02.136842+00:00,blocked,AAPLUSDT,hold,autonomous,logged,0,0.00,339.8700,,No trade signal
2026-09-27T08:27:03.786614+00:00,blocked,TSLAUSDT,hold,autonomous,logged,0,0.00,371.9000,,No trade signal
2026-09-27T08:27:30.749147+00:00,blocked,AAPLUSDT,hold,autonomous,logged,0,0.00,339.8700,,No trade signal
2026-09-27T08:27:34.024711+00:00,blocked,TSLAUSDT,hold,autonomous,logged,0,0.00,371.9000,,No trade signal
2026-09-27T08:27:38.104163+00:00,blocked,AAPLUSDT,hold,strategy,logged,0,0.00,339.8700,,No trade signal
2026-09-27T08:27:41.418786+00:00,blocked,TSLAUSDT,hold,strategy,logged,0,0.00,371.9000,,No trade signal
2026-09-27T08:27:41.419177+00:00,blocked,AAPLUSDT,hold,strategy,logged,0,0.00,339.8700,,No trade signal
2026-09-27T08:27:50.055922+00:00,blocked,TSLAUSDT,hold,strategy,logged,0,0.00,371.9000,,No trade signal
2026-09-27T08:32:05.359721+00:00,blocked,AAPLUSDT,hold,autonomous,logged,0,0.00,339.8700,,No trade signal
2026-09-27T08:32:07.49654+00:00,blocked,TSLAUSDT,hold,autonomous,logged,0,0.00,371.9000,,No trade signal
2026-09-27T08:32:38.103781+00:00,blocked,AAPLUSDT,hold,autonomous,logged,0,0.00,339.8700,,No trade signal
2026-09-27T08:32:42.854837+00:00,blocked,TSLAUSDT,hold,autonomous,logged,0,0.00,371.9000,,No trade signal
2026-09-27T08:32:47.537746+00:00,blocked,AAPLUSDT,hold,strategy,logged,0,0.00,339.8700,,No trade signal
2026-09-27T08:32:49.112344+00:00,blocked,TSLAUSDT,hold,strategy,logged,0,0.00,371.9000,,No trade signal
2026-09-27T08:32:55.137568+00:00,blocked,AAPLUSDT,hold,strategy,logged,0,0.00,339.8700,,No trade signal
2026-09-27T08:32:59.294923+00:00,blocked,TSLAUSDT,hold,strategy,logged,0,0.00,371.9000,,No trade signal
2026-09-27T08:37:09.073839+00:00,blocked,AAPLUSDT,hold,autonomous,logged,0,0.00,340.1100,,No trade signal
2026-09-27T08:37:10.414258+00:00,blocked,TSLAUSDT,hold,autonomous,logged,0,0.00,372.6500,,No trade signal
2026-09-27T08:37:47.538222+00:00,blocked,AAPLUSDT,hold,autonomous,logged,0,0.00,340.1100,,No trade signal
2026-09-27T08:37:51.504973+00:00,blocked,TSLAUSDT,hold,autonomous,logged,0,0.00,372.6500,,No trade signal
2026-09-27T08:37:51.505499+00:00,blocked,AAPLUSDT,hold,strategy,logged,0,0.00,340.1100,,No trade signal
2026-09-27T08:37:56.352131+00:00,blocked,TSLAUSDT,hold,strategy,logged,0,0.00,372.6500,,No trade signal
2026-09-27T08:38:03.316763+00:00,blocked,AAPLUSDT,hold,strategy,logged,0,0.00,340.1100,,No trade signal
2026-09-27T08:38:07.344389+00:00,blocked,TSLAUSDT,hold,strategy,logged,0,0.00,372.6500,,No trade signal
2026-09-27T08:42:11.850634+00:00,blocked,AAPLUSDT,hold,autonomous,logged,0,0.00,340.1100,,No trade signal
2026-09-27T08:42:13.344004+00:00,blocked,TSLAUSDT,hold,autonomous,logged,0,0.00,372.6500,,No trade signal
2026-09-27T08:42:55.205334+00:00,blocked,AAPLUSDT,hold,autonomous,logged,0,0.00,340.1100,,No trade signal
2026-09-27T08:42:59.328042+00:00,blocked,TSLAUSDT,hold,autonomous,logged,0,0.00,372.6500,,No trade signal
2026-09-27T08:42:59.407394+00:00,blocked,AAPLUSDT,hold,strategy,logged,0,0.00,340.1100,,No trade signal
2026-09-27T08:43:06.504723+00:00,blocked,TSLAUSDT,hold,strategy,logged,0,0.00,372.6500,,No trade signal
2026-09-27T08:43:11.447536+00:00,blocked,AAPLUSDT,hold,strategy,logged,0,0.00,340.1100,,No trade signal
2026-09-27T08:43:15.630522+00:00,blocked,TSLAUSDT,hold,strategy,logged,0,0.00,372.6500,,No trade signal
2026-09-27T08:47:14.813769+00:00,blocked,AAPLUSDT,hold,autonomous,logged,0,0.00,340.1100,,No trade signal
2026-09-27T08:47:16.762726+00:00,blocked,TSLAUSDT,hold,autonomous,logged,0,0.00,372.6500,,No trade signal
2026-09-27T08:48:05.408583+00:00,blocked,AAPLUSDT,hold,autonomous,logged,0,0.00,340.1100,,No trade signal
2026-09-27T08:48:10.117054+00:00,blocked,TSLAUSDT,hold,autonomous,logged,0,0.00,372.6500,,No trade signal
2026-09-27T08:48:10.11821+00:00,blocked,AAPLUSDT,hold,strategy,logged,0,0.00,340.1100,,No trade signal
2026-09-27T08:48:12.057568+00:00,blocked,TSLAUSDT,hold,strategy,logged,0,0.00,372.6500,,No trade signal
2026-09-27T08:48:19.657658+00:00,blocked,AAPLUSDT,hold,strategy,logged,0,0.00,340.1100,,No trade signal
2026-09-27T08:48:24.112104+00:00,blocked,TSLAUSDT,hold,strategy,logged,0,0.00,372.6500,,No trade signal
2026-09-27T08:52:18.149816+00:00,blocked,AAPLUSDT,hold,autonomous,logged,0,0.00,340.1100,,No trade signal
2026-09-27T08:52:20.170038+00:00,blocked,TSLAUSDT,hold,autonomous,logged,0,0.00,372.6500,,No trade signal
2026-09-27T08:53:16.205958+00:00,blocked,AAPLUSDT,hold,autonomous,logged,0,0.00,340.1100,,No trade signal
2026-09-27T08:53:20.505488+00:00,blocked,TSLAUSDT,hold,autonomous,logged,0,0.00,372.6500,,No trade signal
2026-09-27T08:53:20.506545+00:00,blocked,AAPLUSDT,hold,strategy,logged,0,0.00,340.1100,,No trade signal
2026-09-27T08:53:22.13936+00:00,blocked,TSLAUSDT,hold,strategy,logged,0,0.00,372.6500,,No trade signal
2026-09-27T08:53:27.83371+00:00,blocked,AAPLUSDT,hold,strategy,logged,0,0.00,340.1100,,No trade signal
2026-09-27T08:53:31.538151+00:00,blocked,TSLAUSDT,hold,strategy,logged,0,0.00,372.6500,,No trade signal
2026-09-27T09:06:26.801544+00:00,blocked,AAPLUSDT,hold,strategy,logged,0,0.00,340.1100,,No trade signal
2026-09-27T09:06:26.803648+00:00,blocked,AAPLUSDT,hold,autonomous,logged,0,0.00,340.1100,,No trade signal
2026-09-27T09:06:26.803143+00:00,blocked,AAPLUSDT,hold,strategy,logged,0,0.00,340.1100,,No trade signal
2026-09-27T09:06:26.804716+00:00,blocked,AAPLUSDT,hold,autonomous,logged,0,0.00,340.1100,,No trade signal
2026-09-27T09:06:28.676269+00:00,blocked,TSLAUSDT,hold,strategy,logged,0,0.00,372.6500,,No trade signal
2026-09-27T09:06:33.922223+00:00,blocked,TSLAUSDT,hold,strategy,logged,0,0.00,372.6500,,No trade signal
2026-09-27T09:06:36.895721+00:00,blocked,TSLAUSDT,hold,autonomous,logged,0,0.00,372.6500,,No trade signal
2026-09-27T09:06:37.999203+00:00,blocked,TSLAUSDT,hold,autonomous,logged,0,0.00,372.6500,,No trade signal
2026-09-27T09:11:39.164878+00:00,blocked,AAPLUSDT,hold,strategy,logged,0,0.00,340.1100,,No trade signal
2026-09-27T09:11:41.013417+00:00,blocked,TSLAUSDT,hold,strategy,logged,0,0.00,372.6500,,No trade signal
2026-09-27T09:11:42.93552+00:00,blocked,AAPLUSDT,hold,strategy,logged,0,0.00,340.1100,,No trade signal
2026-09-27T09:11:47.081854+00:00,blocked,TSLAUSDT,hold,strategy,logged,0,0.00,372.6500,,No trade signal
2026-09-27T09:11:47.082914+00:00,blocked,AAPLUSDT,hold,autonomous,logged,0,0.00,340.1100,,No trade signal
2026-09-27T09:11:51.367617+00:00,blocked,TSLAUSDT,hold,autonomous,logged,0,0.00,372.6500,,No trade signal
2026-09-27T09:11:51.368775+00:00,blocked,AAPLUSDT,hold,autonomous,logged,0,0.00,340.1100,,No trade signal
2026-09-27T09:11:59.871161+00:00,blocked,TSLAUSDT,hold,autonomous,logged,0,0.00,372.6500,,No trade signal
2026-09-27T09:16:42.790914+00:00,blocked,AAPLUSDT,hold,strategy,logged,0,0.00,340.1100,,No trade signal
2026-09-27T09:16:44.716228+00:00,blocked,TSLAUSDT,hold,strategy,logged,0,0.00,372.6500,,No trade signal
2026-09-27T09:16:55.257718+00:00,blocked,AAPLUSDT,hold,strategy,logged,0,0.00,340.1100,,No trade signal
2026-09-27T09:17:00.02158+00:00,blocked,TSLAUSDT,hold,strategy,logged,0,0.00,372.6500,,No trade signal
2026-09-27T09:17:00.022618+00:00,blocked,AAPLUSDT,hold,autonomous,logged,0,0.00,340.1100,,No trade signal
2026-09-27T09:17:05.495032+00:00,blocked,AAPLUSDT,hold,autonomous,logged,0,0.00,340.1100,,No trade signal
2026-09-27T09:17:09.208804+00:00,blocked,TSLAUSDT,hold,autonomous,logged,0,0.00,372.6500,,No trade signal
2026-09-27T09:17:10.685774+00:00,blocked,TSLAUSDT,hold,autonomous,logged,0,0.00,372.6500,,No trade signal
2026-09-27T09:21:46.546159+00:00,blocked,AAPLUSDT,hold,strategy,logged,0,0.00,340.1100,,No trade signal
2026-09-27T09:21:48.387793+00:00,blocked,TSLAUSDT,hold,strategy,logged,0,0.00,372.1800,,No trade signal
2026-09-27T09:22:05.495101+00:00,blocked,AAPLUSDT,hold,strategy,logged,0,0.00,340.1100,,No trade signal
2026-09-27T09:22:10.986754+00:00,blocked,TSLAUSDT,hold,strategy,logged,0,0.00,372.1800,,No trade signal
2026-09-27T09:22:14.883149+00:00,blocked,AAPLUSDT,hold,autonomous,logged,0,0.00,340.1100,,No trade signal
2026-09-27T09:22:18.475447+00:00,blocked,TSLAUSDT,hold,autonomous,logged,0,0.00,372.1800,,No trade signal
2026-09-27T09:22:18.520746+00:00,blocked,AAPLUSDT,hold,autonomous,logged,0,0.00,340.1100,,No trade signal
2026-09-27T09:22:23.699+00:00,blocked,TSLAUSDT,hold,autonomous,logged,0,0.00,372.2200,,No trade signal
2026-09-27T10:05:18.219545+00:00,blocked,AAPLUSDT,hold,strategy,logged,0,0.00,340.1100,,No trade signal
2026-09-27T10:05:18.221945+00:00,blocked,AAPLUSDT,hold,strategy,logged,0,0.00,340.1100,,No trade signal
2026-09-27T10:05:18.222995+00:00,blocked,AAPLUSDT,hold,autonomous,logged,0,0.00,340.1100,,No trade signal
2026-09-27T10:05:18.224346+00:00,blocked,AAPLUSDT,hold,autonomous,logged,0,0.00,340.1100,,No trade signal
2026-09-27T10:05:20.144882+00:00,blocked,TSLAUSDT,hold,autonomous,logged,0,0.00,372.2600,,No trade signal
2026-09-27T10:05:22.033124+00:00,blocked,TSLAUSDT,hold,strategy,logged,0,0.00,372.2600,,No trade signal
2026-09-27T10:05:26.804267+00:00,blocked,TSLAUSDT,hold,strategy,logged,0,0.00,372.2600,,No trade signal
2026-09-27T10:05:30.647455+00:00,blocked,TSLAUSDT,hold,autonomous,logged,0,0.00,372.2600,,No trade signal
2026-09-27T10:10:31.851608+00:00,blocked,AAPLUSDT,hold,autonomous,logged,0,0.00,340.1100,,No trade signal
2026-09-27T10:10:34.215432+00:00,blocked,TSLAUSDT,hold,autonomous,logged,0,0.00,372.6500,,No trade signal
2026-09-27T10:10:34.312779+00:00,blocked,AAPLUSDT,hold,strategy,logged,0,0.00,340.1100,,No trade signal
2026-09-27T10:10:36.742986+00:00,blocked,TSLAUSDT,hold,strategy,logged,0,0.00,372.4900,,No trade signal
2026-09-27T10:10:36.743944+00:00,blocked,AAPLUSDT,hold,strategy,logged,0,0.00,340.1100,,No trade signal
2026-09-27T10:10:40.681501+00:00,blocked,TSLAUSDT,hold,strategy,logged,0,0.00,372.4900,,No trade signal
2026-09-27T10:10:41.781767+00:00,blocked,AAPLUSDT,hold,autonomous,logged,0,0.00,340.1100,,No trade signal
2026-09-27T10:10:49.90571+00:00,blocked,TSLAUSDT,hold,autonomous,logged,0,0.00,372.4900,,No trade signal
2026-09-27T10:15:35.627095+00:00,blocked,AAPLUSDT,hold,autonomous,logged,0,0.00,340.1100,,No trade signal
2026-09-27T10:15:37.456286+00:00,blocked,TSLAUSDT,hold,autonomous,logged,0,0.00,372.8200,,No trade signal
2026-09-27T10:15:41.781408+00:00,blocked,AAPLUSDT,hold,strategy,logged,0,0.00,340.1100,,No trade signal
2026-09-27T10:15:43.256593+00:00,blocked,TSLAUSDT,hold,strategy,logged,0,0.00,372.8200,,No trade signal
2026-09-27T10:15:45.813764+00:00,blocked,AAPLUSDT,hold,strategy,logged,0,0.00,340.1100,,No trade signal
2026-09-27T10:15:49.346065+00:00,blocked,TSLAUSDT,hold,strategy,logged,0,0.00,372.8200,,No trade signal
2026-09-27T10:15:53.288048+00:00,blocked,AAPLUSDT,hold,autonomous,logged,0,0.00,340.1100,,No trade signal
2026-09-27T10:15:57.364697+00:00,blocked,TSLAUSDT,hold,autonomous,logged,0,0.00,372.8200,,No trade signal
2026-09-27T10:20:39.199723+00:00,blocked,AAPLUSDT,hold,autonomous,logged,0,0.00,340.1100,,No trade signal
2026-09-27T10:20:41.152359+00:00,blocked,TSLAUSDT,hold,autonomous,logged,0,0.00,372.8400,,No trade signal
2026-09-27T10:20:45.092594+00:00,blocked,AAPLUSDT,hold,strategy,logged,0,0.00,340.1100,,No trade signal
2026-09-27T10:20:46.497529+00:00,blocked,TSLAUSDT,hold,strategy,logged,0,0.00,372.8400,,No trade signal
2026-09-27T10:20:53.22575+00:00,blocked,AAPLUSDT,hold,strategy,logged,0,0.00,340.1100,,No trade signal
2026-09-27T10:20:57.022647+00:00,blocked,TSLAUSDT,hold,strategy,logged,0,0.00,372.8400,,No trade signal
2026-09-27T10:21:03.984396+00:00,blocked,AAPLUSDT,hold,autonomous,logged,0,0.00,340.1100,,No trade signal
2026-09-27T10:21:07.41326+00:00,blocked,TSLAUSDT,hold,autonomous,logged,0,0.00,372.8400,,No trade signal
2026-09-27T10:25:42.538184+00:00,blocked,AAPLUSDT,hold,autonomous,logged,0,0.00,340.1100,,No trade signal
2026-09-27T10:25:44.545763+00:00,blocked,TSLAUSDT,hold,autonomous,logged,0,0.00,372.8800,,No trade signal
2026-09-27T10:25:47.952762+00:00,blocked,AAPLUSDT,hold,strategy,logged,0,0.00,340.1100,,No trade signal
2026-09-27T10:25:49.297937+00:00,blocked,TSLAUSDT,hold,strategy,logged,0,0.00,372.8800,,No trade signal
2026-09-27T10:26:01.327585+00:00,blocked,AAPLUSDT,hold,strategy,logged,0,0.00,340.1100,,No trade signal
2026-09-27T10:26:06.304445+00:00,blocked,TSLAUSDT,hold,strategy,logged,0,0.00,372.8800,,No trade signal
2026-09-27T10:26:12.152612+00:00,blocked,AAPLUSDT,hold,autonomous,logged,0,0.00,340.1100,,No trade signal
2026-09-27T10:26:16.20789+00:00,blocked,TSLAUSDT,hold,autonomous,logged,0,0.00,372.8800,,No trade signal
2026-09-27T11:52:24.890407+00:00,blocked,AAPLUSDT,hold,strategy,logged,0,0.00,340.1100,,No trade signal
2026-09-27T11:52:24.891942+00:00,blocked,AAPLUSDT,hold,strategy,logged,0,0.00,340.1100,,No trade signal
2026-09-27T11:52:24.893866+00:00,blocked,AAPLUSDT,hold,autonomous,logged,0,0.00,340.1100,,No trade signal
2026-09-27T11:52:24.89471+00:00,blocked,AAPLUSDT,hold,autonomous,logged,0,0.00,340.1100,,No trade signal
2026-09-27T11:52:26.790939+00:00,blocked,TSLAUSDT,hold,strategy,logged,0,0.00,372.8200,,No trade signal
2026-09-27T11:52:31.755151+00:00,blocked,TSLAUSDT,hold,autonomous,logged,0,0.00,372.8200,,No trade signal
2026-09-27T11:52:36.21037+00:00,blocked,TSLAUSDT,hold,strategy,logged,0,0.00,372.8200,,No trade signal
2026-09-27T11:52:37.367591+00:00,blocked,TSLAUSDT,hold,autonomous,logged,0,0.00,372.8200,,No trade signal
2026-09-27T11:57:38.495869+00:00,blocked,AAPLUSDT,hold,strategy,logged,0,0.00,340.1100,,No trade signal
2026-09-27T11:57:40.517906+00:00,blocked,TSLAUSDT,hold,strategy,logged,0,0.00,372.4500,,No trade signal
2026-09-27T11:57:42.013553+00:00,blocked,AAPLUSDT,hold,autonomous,logged,0,0.00,340.1100,,No trade signal
2026-09-27T11:57:46.276728+00:00,blocked,TSLAUSDT,hold,autonomous,logged,0,0.00,372.4500,,No trade signal
2026-09-27T11:57:46.288011+00:00,blocked,AAPLUSDT,hold,strategy,logged,0,0.00,340.1100,,No trade signal
2026-09-27T11:57:50.517347+00:00,blocked,AAPLUSDT,hold,autonomous,logged,0,0.00,340.1100,,No trade signal
2026-09-27T11:57:53.89597+00:00,blocked,TSLAUSDT,hold,strategy,logged,0,0.00,372.4500,,No trade signal
2026-09-27T11:57:55.203557+00:00,blocked,TSLAUSDT,hold,autonomous,logged,0,0.00,372.4500,,No trade signal
2026-09-27T12:02:41.8678+00:00,blocked,AAPLUSDT,hold,strategy,logged,0,0.00,340.1100,,No trade signal
2026-09-27T12:02:43.967598+00:00,blocked,TSLAUSDT,hold,strategy,logged,0,0.00,372.4500,,No trade signal
2026-09-27T12:02:50.518501+00:00,blocked,AAPLUSDT,hold,autonomous,logged,0,0.00,340.1100,,No trade signal
2026-09-27T12:02:54.700192+00:00,blocked,TSLAUSDT,hold,autonomous,logged,0,0.00,372.4500,,No trade signal
2026-09-27T12:02:58.876146+00:00,blocked,AAPLUSDT,hold,strategy,logged,0,0.00,340.1100,,No trade signal
2026-09-27T12:03:04.783013+00:00,blocked,TSLAUSDT,hold,strategy,logged,0,0.00,372.4500,,No trade signal
2026-09-27T12:03:04.78428+00:00,blocked,AAPLUSDT,hold,autonomous,logged,0,0.00,340.1100,,No trade signal
2026-09-27T12:03:09.986808+00:00,blocked,TSLAUSDT,hold,autonomous,logged,0,0.00,372.4500,,No trade signal
2026-09-27T12:15:12.729612+00:00,blocked,AAPLUSDT,hold,strategy,logged,0,0.00,340.1100,,No trade signal
2026-09-27T12:15:12.731076+00:00,blocked,AAPLUSDT,hold,strategy,logged,0,0.00,340.1100,,No trade signal
2026-09-27T12:15:12.732416+00:00,blocked,AAPLUSDT,hold,autonomous,logged,0,0.00,340.1100,,No trade signal
2026-09-27T12:15:12.734076+00:00,blocked,AAPLUSDT,hold,autonomous,logged,0,0.00,340.1100,,No trade signal
2026-09-27T12:15:19.77206+00:00,blocked,TSLAUSDT,hold,autonomous,logged,0,0.00,372.4500,,No trade signal
2026-09-27T12:15:23.524398+00:00,blocked,TSLAUSDT,hold,strategy,logged,0,0.00,372.4500,,No trade signal
2026-09-27T12:15:24.730386+00:00,blocked,TSLAUSDT,hold,autonomous,logged,0,0.00,372.4500,,No trade signal
2026-09-27T12:15:25.929718+00:00,blocked,TSLAUSDT,hold,strategy,logged,0,0.00,372.4500,,No trade signal
2026-09-27T12:20:30.300638+00:00,blocked,AAPLUSDT,hold,autonomous,logged,0,0.00,340.1100,,No trade signal
2026-09-27T12:20:35.133308+00:00,blocked,TSLAUSDT,hold,autonomous,logged,0,0.00,372.4500,,No trade signal
2026-09-27T12:20:35.134375+00:00,blocked,AAPLUSDT,hold,strategy,logged,0,0.00,340.1100,,No trade signal
2026-09-27T12:20:38.907382+00:00,blocked,AAPLUSDT,hold,strategy,logged,0,0.00,340.1100,,No trade signal
2026-09-27T12:20:38.907291+00:00,blocked,AAPLUSDT,hold,autonomous,logged,0,0.00,340.1100,,No trade signal
2026-09-27T12:20:43.220444+00:00,blocked,TSLAUSDT,hold,strategy,logged,0,0.00,372.4500,,No trade signal
2026-09-27T12:20:44.314423+00:00,blocked,TSLAUSDT,hold,autonomous,logged,0,0.00,372.4500,,No trade signal
2026-09-27T12:20:45.397855+00:00,blocked,TSLAUSDT,hold,strategy,logged,0,0.00,372.4500,,No trade signal
2026-09-27T12:25:38.907544+00:00,blocked,AAPLUSDT,hold,autonomous,logged,0,0.00,340.1100,,No trade signal
2026-09-27T12:25:43.333974+00:00,blocked,TSLAUSDT,hold,autonomous,logged,0,0.00,372.4500,,No trade signal
2026-09-27T12:25:48.409942+00:00,blocked,AAPLUSDT,hold,strategy,logged,0,0.00,340.1100,,No trade signal
2026-09-27T12:25:52.440828+00:00,blocked,TSLAUSDT,hold,strategy,logged,0,0.00,372.4500,,No trade signal
2026-09-27T12:25:52.442103+00:00,blocked,AAPLUSDT,hold,strategy,logged,0,0.00,340.1100,,No trade signal
2026-09-27T12:25:52.442033+00:00,blocked,AAPLUSDT,hold,autonomous,logged,0,0.00,340.1100,,No trade signal
2026-09-27T12:25:53.909405+00:00,blocked,TSLAUSDT,hold,strategy,logged,0,0.00,372.4500,,No trade signal
2026-09-27T12:25:55.429578+00:00,blocked,TSLAUSDT,hold,autonomous,logged,0,0.00,372.4500,,No trade signal
2026-09-27T12:30:47.102662+00:00,blocked,AAPLUSDT,hold,autonomous,logged,0,0.00,340.1100,,No trade signal
2026-09-27T12:30:52.242476+00:00,blocked,TSLAUSDT,hold,autonomous,logged,0,0.00,372.4500,,No trade signal
2026-09-27T12:30:59.43249+00:00,blocked,AAPLUSDT,hold,strategy,logged,0,0.00,340.1100,,No trade signal
2026-09-27T12:31:06.323553+00:00,blocked,AAPLUSDT,hold,autonomous,logged,0,0.00,340.1100,,No trade signal
2026-09-27T12:31:06.323512+00:00,blocked,AAPLUSDT,hold,strategy,logged,0,0.00,340.1100,,No trade signal
2026-09-27T12:31:06.323071+00:00,blocked,TSLAUSDT,hold,strategy,logged,0,0.00,372.4500,,No trade signal
2026-09-27T12:31:08.113551+00:00,blocked,TSLAUSDT,hold,strategy,logged,0,0.00,372.4500,,No trade signal
2026-09-27T12:31:09.622357+00:00,blocked,TSLAUSDT,hold,autonomous,logged,0,0.00,372.4500,,No trade signal
2026-09-27T12:35:56.890882+00:00,blocked,AAPLUSDT,hold,autonomous,logged,0,0.00,339.8600,,No trade signal
2026-09-27T12:36:01.919854+00:00,blocked,TSLAUSDT,hold,autonomous,logged,0,0.00,372.4600,,No trade signal
2026-09-27T12:36:13.228244+00:00,blocked,AAPLUSDT,hold,strategy,logged,0,0.00,339.8600,,No trade signal
2026-09-27T12:36:18.306589+00:00,blocked,TSLAUSDT,hold,strategy,logged,0,0.00,372.4600,,No trade signal
2026-09-27T12:36:18.307612+00:00,blocked,AAPLUSDT,hold,autonomous,logged,0,0.00,339.8600,,No trade signal
2026-09-27T12:36:18.307576+00:00,blocked,AAPLUSDT,hold,strategy,logged,0,0.00,339.8600,,No trade signal
2026-09-27T12:36:23.31443+00:00,blocked,TSLAUSDT,hold,strategy,logged,0,0.00,372.4600,,No trade signal
2026-09-27T12:36:24.405373+00:00,blocked,TSLAUSDT,hold,autonomous,logged,0,0.00,372.4600,,No trade signal
2026-09-27T12:41:06.227034+00:00,blocked,AAPLUSDT,hold,autonomous,logged,0,0.00,339.8600,,No trade signal
2026-09-27T12:41:10.834243+00:00,blocked,TSLAUSDT,hold,autonomous,logged,0,0.00,372.4600,,No trade signal
2026-09-27T12:41:21.888625+00:00,blocked,AAPLUSDT,hold,strategy,logged,0,0.00,339.8600,,No trade signal
2026-09-27T12:41:25.888635+00:00,blocked,TSLAUSDT,hold,strategy,logged,0,0.00,372.4600,,No trade signal
2026-09-27T12:41:25.90295+00:00,blocked,AAPLUSDT,hold,strategy,logged,0,0.00,339.8600,,No trade signal
2026-09-27T12:41:29.998863+00:00,blocked,AAPLUSDT,hold,autonomous,logged,0,0.00,339.8600,,No trade signal
2026-09-27T12:41:31.10488+00:00,blocked,TSLAUSDT,hold,strategy,logged,0,0.00,372.4600,,No trade signal
2026-09-27T12:41:32.3096+00:00,blocked,TSLAUSDT,hold,autonomous,logged,0,0.00,372.4600,,No trade signal
2026-09-27T16:31:52.935302+00:00,blocked,AAPLUSDT,hold,strategy,logged,0,0.00,339.6400,,No trade signal
2026-09-27T16:31:52.936916+00:00,blocked,AAPLUSDT,hold,strategy,logged,0,0.00,339.6400,,No trade signal
2026-09-27T16:31:52.938264+00:00,blocked,AAPLUSDT,hold,autonomous,logged,0,0.00,339.6400,,No trade signal
2026-09-27T16:31:52.939487+00:00,blocked,AAPLUSDT,hold,autonomous,logged,0,0.00,339.6400,,No trade signal
2026-09-27T16:31:58.945475+00:00,blocked,TSLAUSDT,hold,autonomous,logged,0,0.00,372.6100,,No trade signal
2026-09-27T16:32:03.840409+00:00,blocked,TSLAUSDT,hold,strategy,logged,0,0.00,372.6100,,No trade signal
2026-09-27T16:32:05.331032+00:00,blocked,TSLAUSDT,hold,autonomous,logged,0,0.00,372.6100,,No trade signal
2026-09-27T16:32:06.500496+00:00,blocked,TSLAUSDT,hold,strategy,logged,0,0.00,372.6100,,No trade signal
2026-09-27T16:37:11.137213+00:00,blocked,AAPLUSDT,hold,autonomous,logged,0,0.00,339.6400,,No trade signal
2026-09-27T16:37:15.991773+00:00,blocked,TSLAUSDT,hold,autonomous,logged,0,0.00,372.6100,,No trade signal
2026-09-27T16:37:15.992962+00:00,blocked,AAPLUSDT,hold,strategy,logged,0,0.00,339.6400,,No trade signal
2026-09-27T16:37:20.386993+00:00,blocked,AAPLUSDT,hold,strategy,logged,0,0.00,339.6400,,No trade signal
2026-09-27T16:37:20.386906+00:00,blocked,AAPLUSDT,hold,autonomous,logged,0,0.00,339.6400,,No trade signal
2026-09-27T16:37:23.516176+00:00,blocked,TSLAUSDT,hold,strategy,logged,0,0.00,372.6100,,No trade signal
2026-09-27T16:37:24.619137+00:00,blocked,TSLAUSDT,hold,autonomous,logged,0,0.00,372.6100,,No trade signal
2026-09-27T16:37:25.796422+00:00,blocked,TSLAUSDT,hold,strategy,logged,0,0.00,372.6100,,No trade signal
2026-09-27T16:42:20.387226+00:00,blocked,AAPLUSDT,hold,autonomous,logged,0,0.00,339.6400,,No trade signal
2026-09-27T16:42:25.236751+00:00,blocked,TSLAUSDT,hold,autonomous,logged,0,0.00,372.6100,,No trade signal
2026-09-27T16:42:29.110956+00:00,blocked,AAPLUSDT,hold,strategy,logged,0,0.00,339.6400,,No trade signal
2026-09-27T16:42:33.405859+00:00,blocked,AAPLUSDT,hold,strategy,logged,0,0.00,339.6400,,No trade signal
2026-09-27T16:42:33.405789+00:00,blocked,AAPLUSDT,hold,autonomous,logged,0,0.00,339.6400,,No trade signal
2026-09-27T16:42:33.405226+00:00,blocked,TSLAUSDT,hold,strategy,logged,0,0.00,372.6100,,No trade signal
2026-09-27T16:42:35.092576+00:00,blocked,TSLAUSDT,hold,autonomous,logged,0,0.00,372.6100,,No trade signal
2026-09-27T16:42:39.220953+00:00,blocked,TSLAUSDT,hold,strategy,logged,0,0.00,372.6100,,No trade signal
2026-09-27T17:08:11.083745+00:00,blocked,AAPLUSDT,hold,strategy,logged,0,0.00,339.6400,,No trade signal
2026-09-27T17:08:11.084259+00:00,blocked,AAPLUSDT,hold,strategy,logged,0,0.00,339.6400,,No trade signal
2026-09-27T17:08:11.085788+00:00,blocked,AAPLUSDT,hold,autonomous,logged,0,0.00,339.6400,,No trade signal
2026-09-27T17:08:11.087487+00:00,blocked,AAPLUSDT,hold,autonomous,logged,0,0.00,339.6400,,No trade signal
2026-09-27T17:08:13.143191+00:00,blocked,TSLAUSDT,hold,autonomous,logged,0,0.00,372.6100,,No trade signal
2026-09-27T17:08:17.442957+00:00,blocked,TSLAUSDT,hold,autonomous,logged,0,0.00,372.6100,,No trade signal
2026-09-27T17:08:18.614447+00:00,blocked,TSLAUSDT,hold,strategy,logged,0,0.00,372.6100,,No trade signal
2026-09-27T17:08:22.647726+00:00,blocked,TSLAUSDT,hold,strategy,logged,0,0.00,372.6100,,No trade signal
2026-09-27T17:13:24.126592+00:00,blocked,AAPLUSDT,hold,autonomous,logged,0,0.00,339.6400,,No trade signal
2026-09-27T17:13:26.715546+00:00,blocked,TSLAUSDT,hold,autonomous,logged,0,0.00,372.6100,,No trade signal
2026-09-27T17:13:28.148648+00:00,blocked,AAPLUSDT,hold,autonomous,logged,0,0.00,339.6400,,No trade signal
2026-09-27T17:13:32.431716+00:00,blocked,TSLAUSDT,hold,autonomous,logged,0,0.00,372.6100,,No trade signal
2026-09-27T17:13:32.432762+00:00,blocked,AAPLUSDT,hold,strategy,logged,0,0.00,339.6400,,No trade signal
2026-09-27T17:13:36.335553+00:00,blocked,AAPLUSDT,hold,strategy,logged,0,0.00,339.6400,,No trade signal
2026-09-27T17:13:37.429915+00:00,blocked,TSLAUSDT,hold,strategy,logged,0,0.00,372.6100,,No trade signal
2026-09-27T17:13:41.121105+00:00,blocked,TSLAUSDT,hold,strategy,logged,0,0.00,372.6100,,No trade signal
2026-09-27T17:18:28.149401+00:00,blocked,AAPLUSDT,hold,autonomous,logged,0,0.00,339.6400,,No trade signal
2026-09-27T17:18:30.051094+00:00,blocked,TSLAUSDT,hold,autonomous,logged,0,0.00,372.6100,,No trade signal
2026-09-27T17:18:36.335796+00:00,blocked,AAPLUSDT,hold,autonomous,logged,0,0.00,339.6400,,No trade signal
2026-09-27T17:18:40.42297+00:00,blocked,TSLAUSDT,hold,autonomous,logged,0,0.00,372.6100,,No trade signal
2026-09-27T17:18:44.556608+00:00,blocked,AAPLUSDT,hold,strategy,logged,0,0.00,339.6400,,No trade signal
2026-09-27T17:18:45.917456+00:00,blocked,TSLAUSDT,hold,strategy,logged,0,0.00,372.6100,,No trade signal
2026-09-27T17:18:47.632994+00:00,blocked,AAPLUSDT,hold,strategy,logged,0,0.00,339.6400,,No trade signal
2026-09-27T17:18:51.733095+00:00,blocked,TSLAUSDT,hold,strategy,logged,0,0.00,372.6100,,No trade signal
2026-09-27T18:09:56.414021+00:00,blocked,AAPLUSDT,hold,strategy,logged,0,0.00,339.7700,,No trade signal
2026-09-27T18:09:56.415712+00:00,blocked,AAPLUSDT,hold,strategy,logged,0,0.00,339.7700,,No trade signal
2026-09-27T18:09:56.416145+00:00,blocked,AAPLUSDT,hold,autonomous,logged,0,0.00,339.7700,,No trade signal
2026-09-27T18:09:56.418188+00:00,blocked,AAPLUSDT,hold,autonomous,logged,0,0.00,339.7700,,No trade signal
2026-09-27T18:10:02.355745+00:00,blocked,TSLAUSDT,hold,autonomous,logged,0,0.00,372.6600,,No trade signal
2026-09-27T18:10:03.608441+00:00,blocked,TSLAUSDT,hold,strategy,logged,0,0.00,372.6600,,No trade signal
2026-09-27T18:10:06.997632+00:00,blocked,TSLAUSDT,hold,autonomous,logged,0,0.00,372.6600,,No trade signal
2026-09-27T18:10:12.219356+00:00,blocked,TSLAUSDT,hold,strategy,logged,0,0.00,372.6600,,No trade signal
2026-09-27T18:15:16.317246+00:00,blocked,AAPLUSDT,hold,autonomous,logged,0,0.00,339.7700,,No trade signal
2026-09-27T18:15:21.437225+00:00,blocked,TSLAUSDT,hold,autonomous,logged,0,0.00,372.6600,,No trade signal
2026-09-27T18:15:21.438281+00:00,blocked,AAPLUSDT,hold,autonomous,logged,0,0.00,339.7700,,No trade signal
2026-09-27T18:15:21.438212+00:00,blocked,AAPLUSDT,hold,strategy,logged,0,0.00,339.7700,,No trade signal
2026-09-27T18:15:23.748479+00:00,blocked,AAPLUSDT,hold,strategy,logged,0,0.00,339.7700,,No trade signal
2026-09-27T18:15:23.748229+00:00,blocked,TSLAUSDT,hold,strategy,logged,0,0.00,372.6600,,No trade signal
2026-09-27T18:15:25.050536+00:00,blocked,TSLAUSDT,hold,autonomous,logged,0,0.00,372.6600,,No trade signal
2026-09-27T18:15:33.205767+00:00,blocked,TSLAUSDT,hold,strategy,logged,0,0.00,372.6600,,No trade signal
2026-09-27T18:20:28.707738+00:00,blocked,AAPLUSDT,hold,autonomous,logged,0,0.00,339.7700,,No trade signal
2026-09-27T18:20:33.614368+00:00,blocked,TSLAUSDT,hold,autonomous,logged,0,0.00,372.6600,,No trade signal
2026-09-27T18:20:37.529994+00:00,blocked,AAPLUSDT,hold,autonomous,logged,0,0.00,339.7700,,No trade signal
2026-09-27T18:20:37.529909+00:00,blocked,AAPLUSDT,hold,strategy,logged,0,0.00,339.7700,,No trade signal
2026-09-27T18:20:39.128323+00:00,blocked,TSLAUSDT,hold,strategy,logged,0,0.00,372.6600,,No trade signal
2026-09-27T18:20:39.130207+00:00,blocked,AAPLUSDT,hold,strategy,logged,0,0.00,339.7700,,No trade signal
2026-09-27T18:20:40.44791+00:00,blocked,TSLAUSDT,hold,autonomous,logged,0,0.00,372.6600,,No trade signal
2026-09-27T18:20:43.800641+00:00,blocked,TSLAUSDT,hold,strategy,logged,0,0.00,372.6600,,No trade signal
2026-09-27T18:25:37.52997+00:00,blocked,AAPLUSDT,hold,autonomous,logged,0,0.00,339.7700,,No trade signal
2026-09-27T18:25:41.508822+00:00,blocked,TSLAUSDT,hold,autonomous,logged,0,0.00,372.6600,,No trade signal
2026-09-27T18:25:45.841897+00:00,blocked,AAPLUSDT,hold,strategy,logged,0,0.00,339.7700,,No trade signal
2026-09-27T18:25:46.391602+00:00,blocked,AAPLUSDT,hold,autonomous,logged,0,0.00,339.7700,,No trade signal
2026-09-27T18:25:48.032087+00:00,blocked,TSLAUSDT,hold,strategy,logged,0,0.00,372.6600,,No trade signal
2026-09-27T18:25:49.181524+00:00,blocked,TSLAUSDT,hold,autonomous,logged,0,0.00,372.6600,,No trade signal
2026-09-27T18:25:51.51657+00:00,blocked,AAPLUSDT,hold,strategy,logged,0,0.00,339.7700,,No trade signal
2026-09-27T18:25:56.70395+00:00,blocked,TSLAUSDT,hold,strategy,logged,0,0.00,372.6600,,No trade signal
2026-09-27T18:26:13.678815+00:00,blocked,AAPLUSDT,hold,strategy,logged,0,0.00,339.7700,,No trade signal
2026-09-27T18:26:13.680401+00:00,blocked,AAPLUSDT,hold,autonomous,logged,0,0.00,339.7700,,No trade signal
2026-09-27T18:26:13.680087+00:00,blocked,AAPLUSDT,hold,strategy,logged,0,0.00,339.7700,,No trade signal
2026-09-27T18:26:13.681607+00:00,blocked,AAPLUSDT,hold,autonomous,logged,0,0.00,339.7700,,No trade signal
2026-09-27T18:26:18.601039+00:00,blocked,TSLAUSDT,hold,autonomous,logged,0,0.00,372.6600,,No trade signal
2026-09-27T18:26:23.484107+00:00,blocked,TSLAUSDT,hold,strategy,logged,0,0.00,372.6600,,No trade signal
2026-09-27T18:26:24.616423+00:00,blocked,TSLAUSDT,hold,strategy,logged,0,0.00,372.6600,,No trade signal
2026-09-27T18:26:25.687751+00:00,blocked,TSLAUSDT,hold,autonomous,logged,0,0.00,372.6600,,No trade signal
2026-09-27T18:31:29.201685+00:00,blocked,AAPLUSDT,hold,autonomous,logged,0,0.00,339.7700,,No trade signal
2026-09-27T18:31:33.732567+00:00,blocked,TSLAUSDT,hold,autonomous,logged,0,0.00,372.6600,,No trade signal
2026-09-27T18:31:33.761334+00:00,blocked,AAPLUSDT,hold,strategy,logged,0,0.00,339.7700,,No trade signal
2026-09-27T18:31:38.104965+00:00,blocked,AAPLUSDT,hold,strategy,logged,0,0.00,339.7700,,No trade signal
2026-09-27T18:31:38.105119+00:00,blocked,AAPLUSDT,hold,autonomous,logged,0,0.00,339.7700,,No trade signal
2026-09-27T18:31:42.780437+00:00,blocked,TSLAUSDT,hold,strategy,logged,0,0.00,372.6600,,No trade signal
2026-09-27T18:31:43.933771+00:00,blocked,TSLAUSDT,hold,autonomous,logged,0,0.00,372.6600,,No trade signal
2026-09-27T18:31:45.174963+00:00,blocked,TSLAUSDT,hold,strategy,logged,0,0.00,372.6600,,No trade signal
2026-09-27T18:36:38.10521+00:00,blocked,AAPLUSDT,hold,autonomous,logged,0,0.00,339.7700,,No trade signal
2026-09-27T18:36:42.83015+00:00,blocked,TSLAUSDT,hold,autonomous,logged,0,0.00,372.6600,,No trade signal
2026-09-27T18:36:50.610459+00:00,blocked,AAPLUSDT,hold,strategy,logged,0,0.00,339.7700,,No trade signal
2026-09-27T18:36:54.373408+00:00,blocked,TSLAUSDT,hold,strategy,logged,0,0.00,372.6600,,No trade signal
2026-09-27T18:36:54.425881+00:00,blocked,AAPLUSDT,hold,strategy,logged,0,0.00,339.7700,,No trade signal
2026-09-27T18:36:54.42574+00:00,blocked,AAPLUSDT,hold,autonomous,logged,0,0.00,339.7700,,No trade signal
2026-09-27T18:36:59.795151+00:00,blocked,TSLAUSDT,hold,strategy,logged,0,0.00,372.6600,,No trade signal
2026-09-27T18:37:01.031134+00:00,blocked,TSLAUSDT,hold,autonomous,logged,0,0.00,372.6600,,No trade signal
2026-09-27T18:41:47.080476+00:00,blocked,AAPLUSDT,hold,autonomous,logged,0,0.00,339.7700,,No trade signal
2026-09-27T18:41:51.477833+00:00,blocked,TSLAUSDT,hold,autonomous,logged,0,0.00,372.6600,,No trade signal
2026-09-27T18:41:58.677358+00:00,blocked,AAPLUSDT,hold,strategy,logged,0,0.00,339.7700,,No trade signal
2026-09-27T18:42:03.362819+00:00,blocked,TSLAUSDT,hold,strategy,logged,0,0.00,372.6600,,No trade signal
2026-09-27T18:42:03.363226+00:00,blocked,AAPLUSDT,hold,strategy,logged,0,0.00,339.7700,,No trade signal
2026-09-27T18:42:08.316347+00:00,blocked,AAPLUSDT,hold,autonomous,logged,0,0.00,339.7700,,No trade signal
2026-09-27T18:42:09.877462+00:00,blocked,TSLAUSDT,hold,strategy,logged,0,0.00,372.6600,,No trade signal
2026-09-27T18:42:11.005941+00:00,blocked,TSLAUSDT,hold,autonomous,logged,0,0.00,372.6600,,No trade signal
2026-09-27T18:45:33.657347+00:00,blocked,AAPLUSDT,hold,strategy,logged,0,0.00,339.7700,,No trade signal
2026-09-27T18:45:33.658694+00:00,blocked,AAPLUSDT,hold,strategy,logged,0,0.00,339.7700,,No trade signal
2026-09-27T18:45:33.659629+00:00,blocked,AAPLUSDT,hold,autonomous,logged,0,0.00,339.7700,,No trade signal
2026-09-27T18:45:33.660509+00:00,blocked,AAPLUSDT,hold,autonomous,logged,0,0.00,339.7700,,No trade signal
2026-09-27T18:45:35.753387+00:00,blocked,TSLAUSDT,hold,strategy,logged,0,0.00,372.6600,,No trade signal
2026-09-27T18:45:39.148745+00:00,blocked,TSLAUSDT,hold,strategy,logged,0,0.00,372.6600,,No trade signal
2026-09-27T18:45:43.430072+00:00,blocked,TSLAUSDT,hold,autonomous,logged,0,0.00,372.6600,,No trade signal
2026-09-27T18:45:45.446556+00:00,blocked,TSLAUSDT,hold,autonomous,logged,0,0.00,372.6600,,No trade signal
2026-09-27T18:50:46.562815+00:00,blocked,AAPLUSDT,hold,strategy,logged,0,0.00,339.7700,,No trade signal
2026-09-27T18:50:49.835377+00:00,blocked,TSLAUSDT,hold,strategy,logged,0,0.00,372.6600,,No trade signal
2026-09-27T18:50:50.242667+00:00,blocked,AAPLUSDT,hold,strategy,logged,0,0.00,339.7700,,No trade signal
2026-09-27T18:50:57.287752+00:00,blocked,TSLAUSDT,hold,strategy,logged,0,0.00,372.6600,,No trade signal
2026-09-27T18:50:57.288458+00:00,blocked,AAPLUSDT,hold,autonomous,logged,0,0.00,339.7700,,No trade signal
2026-09-27T18:50:57.288365+00:00,blocked,AAPLUSDT,hold,autonomous,logged,0,0.00,339.7700,,No trade signal
2026-09-27T18:51:00.022274+00:00,blocked,TSLAUSDT,hold,autonomous,logged,0,0.00,372.6600,,No trade signal
2026-09-27T18:51:09.448943+00:00,blocked,TSLAUSDT,hold,autonomous,logged,0,0.00,372.6600,,No trade signal
2026-09-27T18:55:53.341709+00:00,blocked,AAPLUSDT,hold,strategy,logged,0,0.00,339.7700,,No trade signal
2026-09-27T18:55:55.403943+00:00,blocked,TSLAUSDT,hold,strategy,logged,0,0.00,372.6600,,No trade signal
2026-09-27T18:56:05.452572+00:00,blocked,AAPLUSDT,hold,strategy,logged,0,0.00,339.7700,,No trade signal
2026-09-27T18:56:11.635706+00:00,blocked,TSLAUSDT,hold,strategy,logged,0,0.00,372.6600,,No trade signal
2026-09-27T18:56:11.637598+00:00,blocked,AAPLUSDT,hold,autonomous,logged,0,0.00,339.7700,,No trade signal
2026-09-27T18:56:14.963805+00:00,blocked,TSLAUSDT,hold,autonomous,logged,0,0.00,372.6600,,No trade signal
2026-09-27T18:56:14.964889+00:00,blocked,AAPLUSDT,hold,autonomous,logged,0,0.00,339.7700,,No trade signal
2026-09-27T18:56:23.449112+00:00,blocked,TSLAUSDT,hold,autonomous,logged,0,0.00,372.6600,,No trade signal
2026-09-27T19:00:57.484885+00:00,blocked,AAPLUSDT,hold,strategy,logged,0,0.00,339.7700,,No trade signal
2026-09-27T19:00:59.065535+00:00,blocked,TSLAUSDT,hold,strategy,logged,0,0.00,372.7900,,No trade signal
2026-09-27T19:01:18.69267+00:00,blocked,AAPLUSDT,hold,strategy,logged,0,0.00,339.7700,,No trade signal
2026-09-27T19:01:25.065402+00:00,blocked,TSLAUSDT,hold,strategy,logged,0,0.00,372.7900,,No trade signal
2026-09-27T19:01:25.066593+00:00,blocked,AAPLUSDT,hold,autonomous,logged,0,0.00,339.7700,,No trade signal
2026-09-27T19:01:27.873354+00:00,blocked,TSLAUSDT,hold,autonomous,logged,0,0.00,372.7900,,No trade signal
2026-09-27T19:01:31.579678+00:00,blocked,AAPLUSDT,hold,autonomous,logged,0,0.00,339.7700,,No trade signal
2026-09-27T19:01:37.558285+00:00,blocked,TSLAUSDT,hold,autonomous,logged,0,0.00,372.7900,,No trade signal
2026-09-27T19:06:01.045838+00:00,blocked,AAPLUSDT,hold,strategy,logged,0,0.00,339.7700,,No trade signal
2026-09-27T19:06:03.283287+00:00,blocked,TSLAUSDT,hold,strategy,logged,0,0.00,372.7900,,No trade signal
2026-09-27T19:06:31.639647+00:00,blocked,AAPLUSDT,hold,strategy,logged,0,0.00,339.7700,,No trade signal
2026-09-27T19:06:33.136502+00:00,blocked,AAPLUSDT,hold,autonomous,logged,0,0.00,339.7700,,No trade signal
2026-09-27T19:06:39.829295+00:00,blocked,TSLAUSDT,hold,strategy,logged,0,0.00,372.7900,,No trade signal
2026-09-27T19:06:40.9234+00:00,blocked,TSLAUSDT,hold,autonomous,logged,0,0.00,372.7900,,No trade signal
2026-09-27T19:06:46.848964+00:00,blocked,AAPLUSDT,hold,autonomous,logged,0,0.00,339.7700,,No trade signal
2026-09-27T19:06:51.147375+00:00,blocked,TSLAUSDT,hold,autonomous,logged,0,0.00,372.7900,,No trade signal
2026-09-27T19:11:06.736664+00:00,blocked,AAPLUSDT,hold,strategy,logged,0,0.00,339.7700,,No trade signal
2026-09-27T19:11:08.272326+00:00,blocked,TSLAUSDT,hold,strategy,logged,0,0.00,372.7900,,No trade signal
2026-09-27T19:11:45.342086+00:00,blocked,AAPLUSDT,hold,strategy,logged,0,0.00,339.7700,,No trade signal
2026-09-27T19:11:50.422091+00:00,blocked,TSLAUSDT,hold,strategy,logged,0,0.00,372.7900,,No trade signal
2026-09-27T19:11:50.423032+00:00,blocked,AAPLUSDT,hold,autonomous,logged,0,0.00,339.7700,,No trade signal
2026-09-27T19:11:55.170307+00:00,blocked,TSLAUSDT,hold,autonomous,logged,0,0.00,372.7900,,No trade signal
2026-09-27T19:11:58.24694+00:00,blocked,AAPLUSDT,hold,autonomous,logged,0,0.00,339.7700,,No trade signal
2026-09-27T19:12:02.549157+00:00,blocked,TSLAUSDT,hold,autonomous,logged,0,0.00,372.7900,,No trade signal
2026-09-27T19:16:09.64096+00:00,blocked,AAPLUSDT,hold,strategy,logged,0,0.00,339.7700,,No trade signal
2026-09-27T19:16:11.247081+00:00,blocked,TSLAUSDT,hold,strategy,logged,0,0.00,372.7900,,No trade signal
2026-09-27T19:16:54.09333+00:00,blocked,AAPLUSDT,hold,strategy,logged,0,0.00,339.7700,,No trade signal
2026-09-27T19:16:59.143661+00:00,blocked,TSLAUSDT,hold,strategy,logged,0,0.00,372.7900,,No trade signal
2026-09-27T19:16:59.144695+00:00,blocked,AAPLUSDT,hold,autonomous,logged,0,0.00,339.7700,,No trade signal
2026-09-27T19:17:00.57672+00:00,blocked,TSLAUSDT,hold,autonomous,logged,0,0.00,372.7900,,No trade signal
2026-09-27T19:17:07.345934+00:00,blocked,AAPLUSDT,hold,autonomous,logged,0,0.00,339.7700,,No trade signal
2026-09-27T19:17:11.458513+00:00,blocked,TSLAUSDT,hold,autonomous,logged,0,0.00,372.7900,,No trade signal
2026-09-27T19:21:12.706129+00:00,blocked,AAPLUSDT,hold,strategy,logged,0,0.00,339.7700,,No trade signal
2026-09-27T19:21:14.79391+00:00,blocked,TSLAUSDT,hold,strategy,logged,0,0.00,372.7900,,No trade signal
2026-09-27T19:22:04.959561+00:00,blocked,AAPLUSDT,hold,strategy,logged,0,0.00,339.7700,,No trade signal
2026-09-27T19:22:09.168177+00:00,blocked,TSLAUSDT,hold,strategy,logged,0,0.00,372.7900,,No trade signal
2026-09-27T19:22:09.169223+00:00,blocked,AAPLUSDT,hold,autonomous,logged,0,0.00,339.7700,,No trade signal
2026-09-27T19:22:14.754448+00:00,blocked,TSLAUSDT,hold,autonomous,logged,0,0.00,372.7900,,No trade signal
2026-09-27T19:22:16.285089+00:00,blocked,AAPLUSDT,hold,autonomous,logged,0,0.00,339.7700,,No trade signal
2026-09-27T19:22:19.953208+00:00,blocked,TSLAUSDT,hold,autonomous,logged,0,0.00,372.7900,,No trade signal
2026-09-27T19:26:16.451329+00:00,blocked,AAPLUSDT,hold,strategy,logged,0,0.00,339.7700,,No trade signal
2026-09-27T19:26:20.839495+00:00,blocked,TSLAUSDT,hold,strategy,logged,0,0.00,372.7900,,No trade signal
2026-09-27T19:27:13.668197+00:00,blocked,AAPLUSDT,hold,strategy,logged,0,0.00,339.7700,,No trade signal
2026-09-27T19:27:18.524285+00:00,blocked,TSLAUSDT,hold,strategy,logged,0,0.00,372.7900,,No trade signal
2026-09-27T19:27:18.525698+00:00,blocked,AAPLUSDT,hold,autonomous,logged,0,0.00,339.7700,,No trade signal
2026-09-27T19:27:23.243234+00:00,blocked,TSLAUSDT,hold,autonomous,logged,0,0.00,372.7900,,No trade signal
2026-09-27T19:27:28.620969+00:00,blocked,AAPLUSDT,hold,autonomous,logged,0,0.00,339.7700,,No trade signal
2026-09-27T19:27:35.151157+00:00,blocked,TSLAUSDT,hold,autonomous,logged,0,0.00,372.7900,,No trade signal
2026-09-27T19:28:08.808364+00:00,blocked,AAPLUSDT,hold,strategy,logged,0,0.00,339.7700,,No trade signal
2026-09-27T19:28:08.809903+00:00,blocked,AAPLUSDT,hold,strategy,logged,0,0.00,339.7700,,No trade signal
2026-09-27T19:28:08.812178+00:00,blocked,AAPLUSDT,hold,autonomous,logged,0,0.00,339.7700,,No trade signal
2026-09-27T19:28:08.814488+00:00,blocked,AAPLUSDT,hold,autonomous,logged,0,0.00,339.7700,,No trade signal
2026-09-27T19:28:10.829649+00:00,blocked,TSLAUSDT,hold,strategy,logged,0,0.00,372.7900,,No trade signal
2026-09-27T19:28:14.065444+00:00,blocked,TSLAUSDT,hold,autonomous,logged,0,0.00,372.7900,,No trade signal
2026-09-27T19:28:18.373147+00:00,blocked,TSLAUSDT,hold,strategy,logged,0,0.00,372.7900,,No trade signal
2026-09-27T19:28:20.710826+00:00,blocked,TSLAUSDT,hold,autonomous,logged,0,0.00,372.7900,,No trade signal
2026-09-27T19:33:21.822623+00:00,blocked,AAPLUSDT,hold,strategy,logged,0,0.00,339.7700,,No trade signal
2026-09-27T19:33:23.56901+00:00,blocked,TSLAUSDT,hold,strategy,logged,0,0.00,372.7900,,No trade signal
2026-09-27T19:33:25.948623+00:00,blocked,AAPLUSDT,hold,autonomous,logged,0,0.00,339.7700,,No trade signal
2026-09-27T19:33:29.859424+00:00,blocked,AAPLUSDT,hold,strategy,logged,0,0.00,339.7700,,No trade signal
2026-09-27T19:33:29.859145+00:00,blocked,TSLAUSDT,hold,autonomous,logged,0,0.00,372.7900,,No trade signal
2026-09-27T19:33:33.441795+00:00,blocked,TSLAUSDT,hold,strategy,logged,0,0.00,372.7900,,No trade signal
2026-09-27T19:33:33.443026+00:00,blocked,AAPLUSDT,hold,autonomous,logged,0,0.00,339.7700,,No trade signal
2026-09-27T19:33:41.23986+00:00,blocked,TSLAUSDT,hold,autonomous,logged,0,0.00,372.7900,,No trade signal
2026-09-27T19:35:37.016182+00:00,blocked,AAPLUSDT,hold,strategy,logged,0,0.00,339.7700,,No trade signal
2026-09-27T19:35:37.017717+00:00,blocked,AAPLUSDT,hold,autonomous,logged,0,0.00,339.7700,,No trade signal
2026-09-27T19:35:37.017407+00:00,blocked,AAPLUSDT,hold,strategy,logged,0,0.00,339.7700,,No trade signal
2026-09-27T19:35:37.018833+00:00,blocked,AAPLUSDT,hold,autonomous,logged,0,0.00,339.7700,,No trade signal
2026-09-27T19:35:39.123253+00:00,blocked,TSLAUSDT,hold,autonomous,logged,0,0.00,372.7900,,No trade signal
2026-09-27T19:35:40.437335+00:00,blocked,TSLAUSDT,hold,strategy,logged,0,0.00,372.7900,,No trade signal
2026-09-27T19:35:44.996728+00:00,blocked,TSLAUSDT,hold,strategy,logged,0,0.00,372.7900,,No trade signal
2026-09-27T19:35:48.215415+00:00,blocked,TSLAUSDT,hold,autonomous,logged,0,0.00,372.7900,,No trade signal
2026-09-27T19:40:50.549632+00:00,blocked,AAPLUSDT,hold,autonomous,logged,0,0.00,339.7700,,No trade signal
2026-09-27T19:40:52.460663+00:00,blocked,TSLAUSDT,hold,autonomous,logged,0,0.00,372.7900,,No trade signal
2026-09-27T19:40:52.559027+00:00,blocked,AAPLUSDT,hold,strategy,logged,0,0.00,339.7700,,No trade signal
2026-09-27T19:40:55.262886+00:00,blocked,TSLAUSDT,hold,strategy,logged,0,0.00,372.7900,,No trade signal
2026-09-27T19:40:55.263973+00:00,blocked,AAPLUSDT,hold,strategy,logged,0,0.00,339.7700,,No trade signal
2026-09-27T19:41:00.275328+00:00,blocked,TSLAUSDT,hold,strategy,logged,0,0.00,372.7900,,No trade signal
2026-09-27T19:41:00.276388+00:00,blocked,AAPLUSDT,hold,autonomous,logged,0,0.00,339.7700,,No trade signal
2026-09-27T19:41:11.920605+00:00,blocked,TSLAUSDT,hold,autonomous,logged,0,0.00,372.7900,,No trade signal
2026-09-27T19:42:07.187869+00:00,blocked,AAPLUSDT,hold,strategy,logged,0,0.00,339.7700,,No trade signal
2026-09-27T19:42:07.188466+00:00,blocked,AAPLUSDT,hold,strategy,logged,0,0.00,339.7700,,No trade signal
2026-09-27T19:42:07.190591+00:00,blocked,AAPLUSDT,hold,autonomous,logged,0,0.00,339.7700,,No trade signal
2026-09-27T19:42:07.190223+00:00,blocked,AAPLUSDT,hold,autonomous,logged,0,0.00,339.7700,,No trade signal
2026-09-27T19:42:09.189375+00:00,blocked,TSLAUSDT,hold,strategy,logged,0,0.00,372.7900,,No trade signal
2026-09-27T19:42:13.109487+00:00,blocked,TSLAUSDT,hold,autonomous,logged,0,0.00,372.7900,,No trade signal
2026-09-27T19:42:17.352955+00:00,blocked,TSLAUSDT,hold,strategy,logged,0,0.00,372.7900,,No trade signal
2026-09-27T19:42:18.501898+00:00,blocked,TSLAUSDT,hold,autonomous,logged,0,0.00,372.7900,,No trade signal
2026-09-27T19:47:19.592408+00:00,blocked,AAPLUSDT,hold,strategy,logged,0,0.00,339.7700,,No trade signal
2026-09-27T19:47:21.45569+00:00,blocked,TSLAUSDT,hold,strategy,logged,0,0.00,372.7900,,No trade signal
2026-09-27T19:47:23.222575+00:00,blocked,AAPLUSDT,hold,autonomous,logged,0,0.00,339.7700,,No trade signal
2026-09-27T19:47:26.930956+00:00,blocked,TSLAUSDT,hold,autonomous,logged,0,0.00,372.7900,,No trade signal
2026-09-27T19:47:31.71752+00:00,blocked,AAPLUSDT,hold,autonomous,logged,0,0.00,339.7700,,No trade signal
2026-09-27T19:47:31.717433+00:00,blocked,AAPLUSDT,hold,strategy,logged,0,0.00,339.7700,,No trade signal
2026-09-27T19:47:34.013402+00:00,blocked,TSLAUSDT,hold,autonomous,logged,0,0.00,372.7900,,No trade signal
2026-09-27T19:47:38.018951+00:00,blocked,TSLAUSDT,hold,strategy,logged,0,0.00,372.7900,,No trade signal
2026-09-27T19:52:22.940863+00:00,blocked,AAPLUSDT,hold,strategy,logged,0,0.00,339.7700,,No trade signal
2026-09-27T19:52:24.867523+00:00,blocked,TSLAUSDT,hold,strategy,logged,0,0.00,372.7900,,No trade signal
2026-09-27T19:52:31.717378+00:00,blocked,AAPLUSDT,hold,autonomous,logged,0,0.00,339.7700,,No trade signal
2026-09-27T19:52:36.638732+00:00,blocked,TSLAUSDT,hold,autonomous,logged,0,0.00,372.7900,,No trade signal
2026-09-27T19:52:41.295208+00:00,blocked,AAPLUSDT,hold,autonomous,logged,0,0.00,339.7700,,No trade signal
2026-09-27T19:52:43.493425+00:00,blocked,TSLAUSDT,hold,autonomous,logged,0,0.00,372.7900,,No trade signal
2026-09-27T19:52:43.593821+00:00,blocked,AAPLUSDT,hold,strategy,logged,0,0.00,339.7700,,No trade signal
2026-09-27T19:52:49.099866+00:00,blocked,TSLAUSDT,hold,strategy,logged,0,0.00,372.7900,,No trade signal
2026-09-27T19:57:26.414206+00:00,blocked,AAPLUSDT,hold,strategy,logged,0,0.00,339.7700,,No trade signal
2026-09-27T19:57:28.853233+00:00,blocked,TSLAUSDT,hold,strategy,logged,0,0.00,372.7900,,No trade signal
2026-09-27T19:57:41.295234+00:00,blocked,AAPLUSDT,hold,autonomous,logged,0,0.00,339.7700,,No trade signal
2026-09-27T19:57:46.43191+00:00,blocked,TSLAUSDT,hold,autonomous,logged,0,0.00,372.7900,,No trade signal
2026-09-27T19:57:46.433152+00:00,blocked,AAPLUSDT,hold,autonomous,logged,0,0.00,339.7700,,No trade signal
2026-09-27T19:57:52.11684+00:00,blocked,TSLAUSDT,hold,autonomous,logged,0,0.00,372.7900,,No trade signal
2026-09-27T19:57:54.679292+00:00,blocked,AAPLUSDT,hold,strategy,logged,0,0.00,339.7700,,No trade signal
2026-09-27T19:57:58.223088+00:00,blocked,TSLAUSDT,hold,strategy,logged,0,0.00,372.7900,,No trade signal
2026-09-27T20:05:58.926083+00:00,blocked,AAPLUSDT,hold,strategy,logged,0,0.00,339.6100,,No trade signal
2026-09-27T20:05:58.927981+00:00,blocked,AAPLUSDT,hold,autonomous,logged,0,0.00,339.6100,,No trade signal
2026-09-27T20:05:58.927469+00:00,blocked,AAPLUSDT,hold,strategy,logged,0,0.00,339.6100,,No trade signal
2026-09-27T20:05:58.929528+00:00,blocked,AAPLUSDT,hold,autonomous,logged,0,0.00,339.6100,,No trade signal
2026-09-27T20:06:08.250605+00:00,blocked,TSLAUSDT,hold,autonomous,logged,0,0.00,372.7900,,No trade signal
2026-09-27T20:06:11.88991+00:00,blocked,TSLAUSDT,hold,strategy,logged,0,0.00,372.7900,,No trade signal
2026-09-27T20:06:13.055205+00:00,blocked,TSLAUSDT,hold,strategy,logged,0,0.00,372.7900,,No trade signal
2026-09-27T20:06:14.577449+00:00,blocked,TSLAUSDT,hold,autonomous,logged,0,0.00,372.7900,,No trade signal
2026-09-27T20:11:19.781951+00:00,blocked,AAPLUSDT,hold,autonomous,logged,0,0.00,339.6100,,No trade signal
2026-09-27T20:11:24.150987+00:00,blocked,AAPLUSDT,hold,strategy,logged,0,0.00,339.6100,,No trade signal
2026-09-27T20:11:24.150924+00:00,blocked,AAPLUSDT,hold,strategy,logged,0,0.00,339.6100,,No trade signal
2026-09-27T20:11:24.15058+00:00,blocked,TSLAUSDT,hold,autonomous,logged,0,0.00,372.7900,,No trade signal
2026-09-27T20:11:28.372153+00:00,blocked,AAPLUSDT,hold,autonomous,logged,0,0.00,339.6100,,No trade signal
2026-09-27T20:11:32.469047+00:00,blocked,TSLAUSDT,hold,strategy,logged,0,0.00,372.7900,,No trade signal
2026-09-27T20:11:33.672842+00:00,blocked,TSLAUSDT,hold,strategy,logged,0,0.00,372.7900,,No trade signal
2026-09-27T20:11:34.855145+00:00,blocked,TSLAUSDT,hold,autonomous,logged,0,0.00,372.7900,,No trade signal
2026-09-27T20:16:28.372388+00:00,blocked,AAPLUSDT,hold,autonomous,logged,0,0.00,339.6100,,No trade signal
2026-09-27T20:16:32.57308+00:00,blocked,TSLAUSDT,hold,autonomous,logged,0,0.00,372.8400,,No trade signal
2026-09-27T20:16:38.154939+00:00,blocked,AAPLUSDT,hold,strategy,logged,0,0.00,339.6100,,No trade signal
2026-09-27T20:16:42.149334+00:00,blocked,TSLAUSDT,hold,strategy,logged,0,0.00,372.8400,,No trade signal
2026-09-27T20:16:42.150581+00:00,blocked,AAPLUSDT,hold,autonomous,logged,0,0.00,339.6100,,No trade signal
2026-09-27T20:16:42.150518+00:00,blocked,AAPLUSDT,hold,strategy,logged,0,0.00,339.6100,,No trade signal
2026-09-27T20:16:43.753562+00:00,blocked,TSLAUSDT,hold,autonomous,logged,0,0.00,372.8400,,No trade signal
2026-09-27T20:16:48.424558+00:00,blocked,TSLAUSDT,hold,strategy,logged,0,0.00,372.8400,,No trade signal
2026-09-27T20:17:30.656875+00:00,blocked,AAPLUSDT,hold,strategy,logged,0,0.00,339.6100,,No trade signal
2026-09-27T20:17:30.657485+00:00,blocked,AAPLUSDT,hold,strategy,logged,0,0.00,339.6100,,No trade signal
2026-09-27T20:17:30.659666+00:00,blocked,AAPLUSDT,hold,autonomous,logged,0,0.00,339.6100,,No trade signal
2026-09-27T20:17:30.660631+00:00,blocked,AAPLUSDT,hold,autonomous,logged,0,0.00,339.6100,,No trade signal
2026-09-27T20:17:32.859373+00:00,blocked,TSLAUSDT,hold,strategy,logged,0,0.00,372.8700,,No trade signal
2026-09-27T20:17:35.674264+00:00,blocked,TSLAUSDT,hold,autonomous,logged,0,0.00,372.8700,,No trade signal
2026-09-27T20:17:40.47544+00:00,blocked,TSLAUSDT,hold,strategy,logged,0,0.00,372.8700,,No trade signal
2026-09-27T20:17:41.659378+00:00,blocked,TSLAUSDT,hold,autonomous,logged,0,0.00,372.8700,,No trade signal
2026-09-27T20:22:42.847254+00:00,blocked,AAPLUSDT,hold,strategy,logged,0,0.00,339.6100,,No trade signal
2026-09-27T20:22:44.333392+00:00,blocked,TSLAUSDT,hold,strategy,logged,0,0.00,372.8700,,No trade signal
2026-09-27T20:22:46.213762+00:00,blocked,AAPLUSDT,hold,autonomous,logged,0,0.00,339.6100,,No trade signal
2026-09-27T20:22:50.349577+00:00,blocked,TSLAUSDT,hold,autonomous,logged,0,0.00,372.8700,,No trade signal
2026-09-27T20:22:54.557139+00:00,blocked,AAPLUSDT,hold,autonomous,logged,0,0.00,339.6100,,No trade signal
2026-09-27T20:22:54.557041+00:00,blocked,AAPLUSDT,hold,strategy,logged,0,0.00,339.6100,,No trade signal
2026-09-27T20:22:59.093417+00:00,blocked,TSLAUSDT,hold,strategy,logged,0,0.00,372.8700,,No trade signal
2026-09-27T20:23:00.245299+00:00,blocked,TSLAUSDT,hold,autonomous,logged,0,0.00,372.8700,,No trade signal
2026-09-27T20:27:45.81813+00:00,blocked,AAPLUSDT,hold,strategy,logged,0,0.00,339.6100,,No trade signal
2026-09-27T20:27:48.161409+00:00,blocked,TSLAUSDT,hold,strategy,logged,0,0.00,372.8700,,No trade signal
2026-09-27T20:27:54.556199+00:00,blocked,AAPLUSDT,hold,autonomous,logged,0,0.00,339.6100,,No trade signal
2026-09-27T20:27:59.11678+00:00,blocked,TSLAUSDT,hold,autonomous,logged,0,0.00,372.8700,,No trade signal
2026-09-27T20:28:05.216603+00:00,blocked,AAPLUSDT,hold,strategy,logged,0,0.00,339.6100,,No trade signal
2026-09-27T20:28:06.586028+00:00,blocked,AAPLUSDT,hold,autonomous,logged,0,0.00,339.6100,,No trade signal
2026-09-27T20:28:10.675766+00:00,blocked,TSLAUSDT,hold,strategy,logged,0,0.00,372.8700,,No trade signal
2026-09-27T20:28:11.744724+00:00,blocked,TSLAUSDT,hold,autonomous,logged,0,0.00,372.8700,,No trade signal
2026-09-27T20:32:49.522721+00:00,blocked,AAPLUSDT,hold,strategy,logged,0,0.00,339.6100,,No trade signal
2026-09-27T20:32:51.555556+00:00,blocked,TSLAUSDT,hold,strategy,logged,0,0.00,372.8700,,No trade signal
2026-09-27T20:33:03.915644+00:00,blocked,AAPLUSDT,hold,autonomous,logged,0,0.00,339.6100,,No trade signal
2026-09-27T20:33:07.430961+00:00,blocked,TSLAUSDT,hold,autonomous,logged,0,0.00,372.8700,,No trade signal
2026-09-27T20:33:15.716369+00:00,blocked,AAPLUSDT,hold,strategy,logged,0,0.00,339.6100,,No trade signal
2026-09-27T20:33:19.737362+00:00,blocked,TSLAUSDT,hold,strategy,logged,0,0.00,372.8700,,No trade signal
2026-09-27T20:33:19.738461+00:00,blocked,AAPLUSDT,hold,autonomous,logged,0,0.00,339.6100,,No trade signal
2026-09-27T20:33:21.239683+00:00,blocked,TSLAUSDT,hold,autonomous,logged,0,0.00,372.8700,,No trade signal
2026-09-27T20:37:53.011492+00:00,blocked,AAPLUSDT,hold,strategy,logged,0,0.00,339.6100,,No trade signal
2026-09-27T20:37:55.173079+00:00,blocked,TSLAUSDT,hold,strategy,logged,0,0.00,372.8700,,No trade signal
2026-09-27T20:38:11.643777+00:00,blocked,AAPLUSDT,hold,autonomous,logged,0,0.00,339.6100,,No trade signal
2026-09-27T20:38:15.836289+00:00,blocked,TSLAUSDT,hold,autonomous,logged,0,0.00,372.8700,,No trade signal
2026-09-27T20:38:25.369483+00:00,blocked,AAPLUSDT,hold,strategy,logged,0,0.00,339.6100,,No trade signal
2026-09-27T20:38:29.976211+00:00,blocked,TSLAUSDT,hold,strategy,logged,0,0.00,372.8700,,No trade signal
2026-09-27T20:38:29.977318+00:00,blocked,AAPLUSDT,hold,autonomous,logged,0,0.00,339.6100,,No trade signal
2026-09-27T20:38:35.32805+00:00,blocked,TSLAUSDT,hold,autonomous,logged,0,0.00,372.8700,,No trade signal
2026-09-27T20:45:27.460505+00:00,blocked,AAPLUSDT,hold,strategy,logged,0,0.00,339.6100,,No trade signal
2026-09-27T20:45:27.461919+00:00,blocked,AAPLUSDT,hold,strategy,logged,0,0.00,339.6100,,No trade signal
2026-09-27T20:45:27.462789+00:00,blocked,AAPLUSDT,hold,autonomous,logged,0,0.00,339.6100,,No trade signal
2026-09-27T20:45:27.463989+00:00,blocked,AAPLUSDT,hold,autonomous,logged,0,0.00,339.6100,,No trade signal
2026-09-27T20:45:29.570118+00:00,blocked,TSLAUSDT,hold,strategy,logged,0,0.00,372.8700,,No trade signal
2026-09-27T20:45:33.303648+00:00,blocked,TSLAUSDT,hold,strategy,logged,0,0.00,372.8700,,No trade signal
2026-09-27T20:45:34.47247+00:00,blocked,TSLAUSDT,hold,autonomous,logged,0,0.00,372.8700,,No trade signal
2026-09-27T20:45:38.260094+00:00,blocked,TSLAUSDT,hold,autonomous,logged,0,0.00,372.8700,,No trade signal
2026-09-27T20:50:40.275414+00:00,blocked,AAPLUSDT,hold,strategy,logged,0,0.00,339.6100,,No trade signal
2026-09-27T20:50:41.705831+00:00,blocked,TSLAUSDT,hold,strategy,logged,0,0.00,372.8700,,No trade signal
2026-09-27T20:50:44.364522+00:00,blocked,AAPLUSDT,hold,strategy,logged,0,0.00,339.6100,,No trade signal
2026-09-27T20:50:47.846805+00:00,blocked,TSLAUSDT,hold,strategy,logged,0,0.00,372.8700,,No trade signal
2026-09-27T20:50:47.84762+00:00,blocked,AAPLUSDT,hold,autonomous,logged,0,0.00,339.6100,,No trade signal
2026-09-27T20:50:52.153907+00:00,blocked,AAPLUSDT,hold,autonomous,logged,0,0.00,339.6100,,No trade signal
2026-09-27T20:50:53.363793+00:00,blocked,TSLAUSDT,hold,autonomous,logged,0,0.00,372.8700,,No trade signal
2026-09-27T20:50:58.368584+00:00,blocked,TSLAUSDT,hold,autonomous,logged,0,0.00,372.8700,,No trade signal
2026-09-27T20:55:43.259442+00:00,blocked,AAPLUSDT,hold,strategy,logged,0,0.00,339.6100,,No trade signal
2026-09-27T20:55:45.392817+00:00,blocked,TSLAUSDT,hold,strategy,logged,0,0.00,372.8700,,No trade signal
2026-09-27T20:55:52.153714+00:00,blocked,AAPLUSDT,hold,strategy,logged,0,0.00,339.6100,,No trade signal
2026-09-27T20:55:56.677447+00:00,blocked,TSLAUSDT,hold,strategy,logged,0,0.00,372.8700,,No trade signal
2026-09-27T20:56:02.259603+00:00,blocked,AAPLUSDT,hold,autonomous,logged,0,0.00,339.6100,,No trade signal
2026-09-27T20:56:04.631364+00:00,blocked,TSLAUSDT,hold,autonomous,logged,0,0.00,372.8700,,No trade signal
2026-09-27T20:56:05.648866+00:00,blocked,AAPLUSDT,hold,autonomous,logged,0,0.00,339.6100,,No trade signal
2026-09-27T20:56:10.269803+00:00,blocked,TSLAUSDT,hold,autonomous,logged,0,0.00,372.8700,,No trade signal
2026-09-27T21:00:46.987407+00:00,blocked,AAPLUSDT,hold,strategy,logged,0,0.00,339.6100,,No trade signal
2026-09-27T21:00:49.081876+00:00,blocked,TSLAUSDT,hold,strategy,logged,0,0.00,372.8700,,No trade signal
2026-09-27T21:01:02.259618+00:00,blocked,AAPLUSDT,hold,strategy,logged,0,0.00,339.6100,,No trade signal
2026-09-27T21:01:06.13436+00:00,blocked,TSLAUSDT,hold,strategy,logged,0,0.00,372.8700,,No trade signal
2026-09-27T21:01:07.428283+00:00,blocked,AAPLUSDT,hold,autonomous,logged,0,0.00,339.6100,,No trade signal
2026-09-27T21:01:14.253292+00:00,blocked,TSLAUSDT,hold,autonomous,logged,0,0.00,372.8700,,No trade signal
2026-09-27T21:01:14.377935+00:00,blocked,AAPLUSDT,hold,autonomous,logged,0,0.00,339.6100,,No trade signal
2026-09-27T21:01:20.257772+00:00,blocked,TSLAUSDT,hold,autonomous,logged,0,0.00,372.8700,,No trade signal
2026-09-27T21:05:50.68025+00:00,blocked,AAPLUSDT,hold,strategy,logged,0,0.00,339.6100,,No trade signal
2026-09-27T21:05:52.80538+00:00,blocked,TSLAUSDT,hold,strategy,logged,0,0.00,372.8700,,No trade signal
2026-09-27T21:06:11.867238+00:00,blocked,AAPLUSDT,hold,strategy,logged,0,0.00,339.6100,,No trade signal
2026-09-27T21:06:16.48318+00:00,blocked,TSLAUSDT,hold,strategy,logged,0,0.00,372.8700,,No trade signal
2026-09-27T21:06:16.48427+00:00,blocked,AAPLUSDT,hold,autonomous,logged,0,0.00,339.6100,,No trade signal
2026-09-27T21:06:18.082662+00:00,blocked,TSLAUSDT,hold,autonomous,logged,0,0.00,372.8700,,No trade signal
2026-09-27T21:06:25.31008+00:00,blocked,AAPLUSDT,hold,autonomous,logged,0,0.00,339.6100,,No trade signal
2026-09-27T21:06:29.375502+00:00,blocked,TSLAUSDT,hold,autonomous,logged,0,0.00,372.8700,,No trade signal
2026-09-27T21:41:40.559627+00:00,blocked,AAPLUSDT,hold,strategy,logged,0,0.00,339.6100,,No trade signal
2026-09-27T21:41:40.560162+00:00,blocked,AAPLUSDT,hold,strategy,logged,0,0.00,339.6100,,No trade signal
2026-09-27T21:41:40.561888+00:00,blocked,AAPLUSDT,hold,autonomous,logged,0,0.00,339.6100,,No trade signal
2026-09-27T21:41:40.56287+00:00,blocked,AAPLUSDT,hold,autonomous,logged,0,0.00,339.6100,,No trade signal
2026-09-27T21:41:46.116613+00:00,blocked,TSLAUSDT,hold,strategy,logged,0,0.00,372.4500,,No trade signal
2026-09-27T21:41:47.2733+00:00,blocked,TSLAUSDT,hold,strategy,logged,0,0.00,372.4500,,No trade signal
2026-09-27T21:41:52.804678+00:00,blocked,TSLAUSDT,hold,autonomous,logged,0,0.00,372.4500,,No trade signal
2026-09-27T21:41:53.886287+00:00,blocked,TSLAUSDT,hold,autonomous,logged,0,0.00,372.4500,,No trade signal
2026-09-27T21:46:58.215996+00:00,blocked,AAPLUSDT,hold,strategy,logged,0,0.00,339.6100,,No trade signal
2026-09-27T21:47:03.123197+00:00,blocked,TSLAUSDT,hold,strategy,logged,0,0.00,372.4500,,No trade signal
2026-09-27T21:47:03.124333+00:00,blocked,AAPLUSDT,hold,strategy,logged,0,0.00,339.6100,,No trade signal
2026-09-27T21:47:05.699796+00:00,blocked,TSLAUSDT,hold,strategy,logged,0,0.00,372.4500,,No trade signal
2026-09-27T21:47:10.090701+00:00,blocked,AAPLUSDT,hold,autonomous,logged,0,0.00,339.6100,,No trade signal
2026-09-27T21:47:10.09063+00:00,blocked,AAPLUSDT,hold,autonomous,logged,0,0.00,339.6100,,No trade signal
2026-09-27T21:47:16.507709+00:00,blocked,TSLAUSDT,hold,autonomous,logged,0,0.00,372.4500,,No trade signal
2026-09-27T21:47:17.722159+00:00,blocked,TSLAUSDT,hold,autonomous,logged,0,0.00,372.4500,,No trade signal
2026-09-27T21:48:07.816937+00:00,blocked,AAPLUSDT,hold,strategy,logged,0,0.00,339.6100,,No trade signal
2026-09-27T21:48:07.816366+00:00,blocked,AAPLUSDT,hold,strategy,logged,0,0.00,339.6100,,No trade signal
2026-09-27T21:48:07.818629+00:00,blocked,AAPLUSDT,hold,autonomous,logged,0,0.00,339.6100,,No trade signal
2026-09-27T21:48:07.818273+00:00,blocked,AAPLUSDT,hold,autonomous,logged,0,0.00,339.6100,,No trade signal
2026-09-27T21:48:12.823991+00:00,blocked,TSLAUSDT,hold,autonomous,logged,0,0.00,372.4500,,No trade signal
2026-09-27T21:48:14.796073+00:00,blocked,TSLAUSDT,hold,strategy,logged,0,0.00,372.4500,,No trade signal
2026-09-27T21:48:15.862069+00:00,blocked,TSLAUSDT,hold,autonomous,logged,0,0.00,372.4500,,No trade signal
2026-09-27T21:48:20.126855+00:00,blocked,TSLAUSDT,hold,strategy,logged,0,0.00,372.4500,,No trade signal
2026-09-27T21:53:24.021576+00:00,blocked,AAPLUSDT,hold,autonomous,logged,0,0.00,339.6100,,No trade signal
2026-09-27T21:53:28.639796+00:00,blocked,TSLAUSDT,hold,autonomous,logged,0,0.00,372.4500,,No trade signal
2026-09-27T21:53:28.641065+00:00,blocked,AAPLUSDT,hold,autonomous,logged,0,0.00,339.6100,,No trade signal
2026-09-27T21:53:28.641007+00:00,blocked,AAPLUSDT,hold,strategy,logged,0,0.00,339.6100,,No trade signal
2026-09-27T21:53:33.929219+00:00,blocked,AAPLUSDT,hold,strategy,logged,0,0.00,339.6100,,No trade signal
2026-09-27T21:53:35.125079+00:00,blocked,TSLAUSDT,hold,strategy,logged,0,0.00,372.4500,,No trade signal
2026-09-27T21:53:37.048468+00:00,blocked,TSLAUSDT,hold,autonomous,logged,0,0.00,372.4500,,No trade signal
2026-09-27T21:53:40.924486+00:00,blocked,TSLAUSDT,hold,strategy,logged,0,0.00,372.4500,,No trade signal
2026-09-27T21:55:53.012715+00:00,blocked,AAPLUSDT,hold,strategy,logged,0,0.00,339.6100,,No trade signal
2026-09-27T21:55:53.013269+00:00,blocked,AAPLUSDT,hold,strategy,logged,0,0.00,339.6100,,No trade signal
2026-09-27T21:55:53.014974+00:00,blocked,AAPLUSDT,hold,autonomous,logged,0,0.00,339.6100,,No trade signal
2026-09-27T21:55:53.016141+00:00,blocked,AAPLUSDT,hold,autonomous,logged,0,0.00,339.6100,,No trade signal
2026-09-27T21:55:55.164002+00:00,blocked,TSLAUSDT,hold,autonomous,logged,0,0.00,372.4500,,No trade signal
2026-09-27T21:56:00.053602+00:00,blocked,TSLAUSDT,hold,strategy,logged,0,0.00,372.4500,,No trade signal
2026-09-27T21:56:02.840866+00:00,blocked,TSLAUSDT,hold,strategy,logged,0,0.00,372.4500,,No trade signal
2026-09-27T21:56:06.9052+00:00,blocked,TSLAUSDT,hold,autonomous,logged,0,0.00,372.4500,,No trade signal
2026-09-27T22:01:08.117798+00:00,blocked,AAPLUSDT,hold,autonomous,logged,0,0.00,339.6100,,No trade signal
2026-09-27T22:01:09.734042+00:00,blocked,TSLAUSDT,hold,autonomous,logged,0,0.00,372.4500,,No trade signal
2026-09-27T22:01:12.703877+00:00,blocked,AAPLUSDT,hold,strategy,logged,0,0.00,339.6100,,No trade signal
2026-09-27T22:01:17.651077+00:00,blocked,TSLAUSDT,hold,strategy,logged,0,0.00,372.4500,,No trade signal
2026-09-27T22:01:17.652051+00:00,blocked,AAPLUSDT,hold,strategy,logged,0,0.00,339.6100,,No trade signal
2026-09-27T22:01:19.137586+00:00,blocked,AAPLUSDT,hold,autonomous,logged,0,0.00,339.6100,,No trade signal
2026-09-27T22:01:19.137227+00:00,blocked,TSLAUSDT,hold,strategy,logged,0,0.00,372.4500,,No trade signal
2026-09-27T22:01:27.410878+00:00,blocked,TSLAUSDT,hold,autonomous,logged,0,0.00,372.4500,,No trade signal
2026-09-27T22:06:11.315656+00:00,blocked,AAPLUSDT,hold,autonomous,logged,0,0.00,339.6100,,No trade signal
2026-09-27T22:06:14.314409+00:00,blocked,TSLAUSDT,hold,autonomous,logged,0,0.00,372.4500,,No trade signal
2026-09-27T22:06:22.918112+00:00,blocked,AAPLUSDT,hold,strategy,logged,0,0.00,339.6100,,No trade signal
2026-09-27T22:06:31.616977+00:00,blocked,AAPLUSDT,hold,strategy,logged,0,0.00,339.6100,,No trade signal
2026-09-27T22:06:31.616488+00:00,blocked,TSLAUSDT,hold,strategy,logged,0,0.00,372.4500,,No trade signal
2026-09-27T22:06:32.615187+00:00,blocked,AAPLUSDT,hold,autonomous,logged,0,0.00,339.6100,,No trade signal
2026-09-27T22:06:38.117821+00:00,blocked,TSLAUSDT,hold,strategy,logged,0,0.00,372.4500,,No trade signal
2026-09-27T22:06:42.552145+00:00,blocked,TSLAUSDT,hold,autonomous,logged,0,0.00,372.4500,,No trade signal
2026-09-27T22:11:17.270026+00:00,blocked,AAPLUSDT,hold,autonomous,logged,0,0.00,339.6100,,No trade signal
2026-09-27T22:11:19.165699+00:00,blocked,TSLAUSDT,hold,autonomous,logged,0,0.00,372.4500,,No trade signal
2026-09-27T22:11:36.941137+00:00,blocked,AAPLUSDT,hold,strategy,logged,0,0.00,339.6100,,No trade signal
2026-09-27T22:11:40.824752+00:00,blocked,TSLAUSDT,hold,strategy,logged,0,0.00,372.4500,,No trade signal
2026-09-27T22:11:45.219123+00:00,blocked,AAPLUSDT,hold,strategy,logged,0,0.00,339.6100,,No trade signal
2026-09-27T22:11:46.737929+00:00,blocked,TSLAUSDT,hold,strategy,logged,0,0.00,372.4500,,No trade signal
2026-09-27T22:11:48.132381+00:00,blocked,AAPLUSDT,hold,autonomous,logged,0,0.00,339.6100,,No trade signal
2026-09-27T22:11:52.351523+00:00,blocked,TSLAUSDT,hold,autonomous,logged,0,0.00,372.4500,,No trade signal
2026-09-27T22:16:20.84709+00:00,blocked,AAPLUSDT,hold,autonomous,logged,0,0.00,339.6100,,No trade signal
2026-09-27T22:16:22.856363+00:00,blocked,TSLAUSDT,hold,autonomous,logged,0,0.00,372.4500,,No trade signal
2026-09-27T22:16:45.220084+00:00,blocked,AAPLUSDT,hold,strategy,logged,0,0.00,339.6100,,No trade signal
2026-09-27T22:16:49.638983+00:00,blocked,TSLAUSDT,hold,strategy,logged,0,0.00,372.4500,,No trade signal
2026-09-27T22:16:49.737351+00:00,blocked,AAPLUSDT,hold,strategy,logged,0,0.00,339.6100,,No trade signal
2026-09-27T22:16:55.313211+00:00,blocked,TSLAUSDT,hold,strategy,logged,0,0.00,372.4500,,No trade signal
2026-09-27T22:16:56.852958+00:00,blocked,AAPLUSDT,hold,autonomous,logged,0,0.00,339.6100,,No trade signal
2026-09-27T22:17:01.348059+00:00,blocked,TSLAUSDT,hold,autonomous,logged,0,0.00,372.4500,,No trade signal
2026-09-27T22:21:24.721756+00:00,blocked,AAPLUSDT,hold,autonomous,logged,0,0.00,339.6100,,No trade signal
2026-09-27T22:21:27.116398+00:00,blocked,TSLAUSDT,hold,autonomous,logged,0,0.00,372.4500,,No trade signal
2026-09-27T22:21:54.1146+00:00,blocked,AAPLUSDT,hold,strategy,logged,0,0.00,339.6100,,No trade signal
2026-09-27T22:22:00.021921+00:00,blocked,TSLAUSDT,hold,strategy,logged,0,0.00,372.4500,,No trade signal
2026-09-27T22:22:00.022567+00:00,blocked,AAPLUSDT,hold,strategy,logged,0,0.00,339.6100,,No trade signal
2026-09-27T22:22:06.454819+00:00,blocked,TSLAUSDT,hold,strategy,logged,0,0.00,372.4500,,No trade signal
2026-09-27T22:22:06.457778+00:00,blocked,AAPLUSDT,hold,autonomous,logged,0,0.00,339.6100,,No trade signal
2026-09-27T22:22:14.938888+00:00,blocked,TSLAUSDT,hold,autonomous,logged,0,0.00,372.4500,,No trade signal
2026-09-27T22:26:28.729431+00:00,blocked,AAPLUSDT,hold,autonomous,logged,0,0.00,339.6100,,No trade signal
2026-09-27T22:26:30.654875+00:00,blocked,TSLAUSDT,hold,autonomous,logged,0,0.00,372.4500,,No trade signal
2026-09-27T22:27:05.326593+00:00,blocked,AAPLUSDT,hold,strategy,logged,0,0.00,339.6100,,No trade signal
2026-09-27T22:27:13.416347+00:00,blocked,TSLAUSDT,hold,strategy,logged,0,0.00,372.4500,,No trade signal
2026-09-27T22:27:13.417459+00:00,blocked,AAPLUSDT,hold,strategy,logged,0,0.00,339.6100,,No trade signal
2026-09-27T22:27:20.033186+00:00,blocked,TSLAUSDT,hold,strategy,logged,0,0.00,372.4500,,No trade signal
2026-09-27T22:27:20.722781+00:00,blocked,AAPLUSDT,hold,autonomous,logged,0,0.00,339.6100,,No trade signal
2026-09-27T22:27:30.560177+00:00,blocked,TSLAUSDT,hold,autonomous,logged,0,0.00,372.4500,,No trade signal
2026-09-27T22:31:32.645883+00:00,blocked,AAPLUSDT,hold,autonomous,logged,0,0.00,339.6100,,No trade signal
2026-09-27T22:31:34.035379+00:00,blocked,TSLAUSDT,hold,autonomous,logged,0,0.00,372.4500,,No trade signal
2026-09-27T22:32:18.939521+00:00,blocked,AAPLUSDT,hold,strategy,logged,0,0.00,339.6100,,No trade signal
2026-09-27T22:32:23.915307+00:00,blocked,TSLAUSDT,hold,strategy,logged,0,0.00,372.4500,,No trade signal
2026-09-27T22:32:29.03056+00:00,blocked,AAPLUSDT,hold,strategy,logged,0,0.00,339.6100,,No trade signal
2026-09-27T22:32:31.757946+00:00,blocked,TSLAUSDT,hold,strategy,logged,0,0.00,372.4500,,No trade signal
2026-09-27T22:32:35.662097+00:00,blocked,AAPLUSDT,hold,autonomous,logged,0,0.00,339.6100,,No trade signal
2026-09-27T22:32:39.610207+00:00,blocked,TSLAUSDT,hold,autonomous,logged,0,0.00,372.4500,,No trade signal
2026-09-27T22:36:35.46596+00:00,blocked,AAPLUSDT,hold,autonomous,logged,0,0.00,339.6100,,No trade signal
2026-09-27T22:36:37.455092+00:00,blocked,TSLAUSDT,hold,autonomous,logged,0,0.00,372.4500,,No trade signal
2026-09-27T22:37:29.030825+00:00,blocked,AAPLUSDT,hold,strategy,logged,0,0.00,339.6100,,No trade signal
2026-09-27T22:37:33.346063+00:00,blocked,TSLAUSDT,hold,strategy,logged,0,0.00,372.4500,,No trade signal
2026-09-27T22:37:38.192288+00:00,blocked,AAPLUSDT,hold,strategy,logged,0,0.00,339.6100,,No trade signal
2026-09-27T22:37:39.659397+00:00,blocked,TSLAUSDT,hold,strategy,logged,0,0.00,372.4500,,No trade signal
2026-09-27T22:37:44.132833+00:00,blocked,AAPLUSDT,hold,autonomous,logged,0,0.00,339.6100,,No trade signal
2026-09-27T22:37:48.958488+00:00,blocked,TSLAUSDT,hold,autonomous,logged,0,0.00,372.4500,,No trade signal
2026-09-27T22:41:38.948301+00:00,blocked,AAPLUSDT,hold,autonomous,logged,0,0.00,339.6100,,No trade signal
2026-09-27T22:41:41.035299+00:00,blocked,TSLAUSDT,hold,autonomous,logged,0,0.00,372.4500,,No trade signal
2026-09-27T22:42:38.19241+00:00,blocked,AAPLUSDT,hold,strategy,logged,0,0.00,339.6100,,No trade signal
2026-09-27T22:42:43.001935+00:00,blocked,TSLAUSDT,hold,strategy,logged,0,0.00,372.4500,,No trade signal
2026-09-27T22:42:43.002362+00:00,blocked,AAPLUSDT,hold,strategy,logged,0,0.00,339.6100,,No trade signal
2026-09-27T22:42:48.762238+00:00,blocked,TSLAUSDT,hold,strategy,logged,0,0.00,372.4500,,No trade signal
2026-09-27T22:42:52.92026+00:00,blocked,AAPLUSDT,hold,autonomous,logged,0,0.00,339.6100,,No trade signal
2026-09-27T22:42:56.733066+00:00,blocked,TSLAUSDT,hold,autonomous,logged,0,0.00,372.4500,,No trade signal
2026-09-27T22:46:42.611293+00:00,blocked,AAPLUSDT,hold,autonomous,logged,0,0.00,339.6100,,No trade signal
2026-09-27T22:46:44.663827+00:00,blocked,TSLAUSDT,hold,autonomous,logged,0,0.00,372.4500,,No trade signal
2026-09-27T22:47:47.436814+00:00,blocked,AAPLUSDT,hold,strategy,logged,0,0.00,339.6100,,No trade signal
2026-09-27T22:47:52.43503+00:00,blocked,TSLAUSDT,hold,strategy,logged,0,0.00,372.4500,,No trade signal
2026-09-27T22:47:52.436152+00:00,blocked,AAPLUSDT,hold,strategy,logged,0,0.00,339.6100,,No trade signal
2026-09-27T22:47:57.403089+00:00,blocked,TSLAUSDT,hold,strategy,logged,0,0.00,372.4500,,No trade signal
2026-09-27T22:48:01.468731+00:00,blocked,AAPLUSDT,hold,autonomous,logged,0,0.00,339.6100,,No trade signal
2026-09-27T22:48:05.711617+00:00,blocked,TSLAUSDT,hold,autonomous,logged,0,0.00,372.4500,,No trade signal
2026-09-27T22:58:24.129538+00:00,blocked,AAPLUSDT,hold,strategy,logged,0,0.00,339.6100,,No trade signal
2026-09-27T22:58:24.130606+00:00,blocked,AAPLUSDT,hold,strategy,logged,0,0.00,339.6100,,No trade signal
2026-09-27T22:58:24.131544+00:00,blocked,AAPLUSDT,hold,autonomous,logged,0,0.00,339.6100,,No trade signal
2026-09-27T22:58:24.132548+00:00,blocked,AAPLUSDT,hold,autonomous,logged,0,0.00,339.6100,,No trade signal
2026-09-27T22:58:26.269076+00:00,blocked,TSLAUSDT,hold,strategy,logged,0,0.00,372.4400,,No trade signal
2026-09-27T22:58:30.994822+00:00,blocked,TSLAUSDT,hold,strategy,logged,0,0.00,372.4400,,No trade signal
2026-09-27T22:58:32.406681+00:00,blocked,TSLAUSDT,hold,autonomous,logged,0,0.00,372.4400,,No trade signal
2026-09-27T22:58:36.663707+00:00,blocked,TSLAUSDT,hold,autonomous,logged,0,0.00,372.4400,,No trade signal
2026-09-27T23:03:37.891728+00:00,blocked,AAPLUSDT,hold,strategy,logged,0,0.00,339.7700,,No trade signal
2026-09-27T23:03:39.979612+00:00,blocked,TSLAUSDT,hold,strategy,logged,0,0.00,372.8900,,No trade signal
2026-09-27T23:03:43.953819+00:00,blocked,AAPLUSDT,hold,strategy,logged,0,0.00,339.7700,,No trade signal
2026-09-27T23:03:48.204329+00:00,blocked,TSLAUSDT,hold,strategy,logged,0,0.00,372.8900,,No trade signal
2026-09-27T23:03:48.205488+00:00,blocked,AAPLUSDT,hold,autonomous,logged,0,0.00,339.7700,,No trade signal
2026-09-27T23:03:52.657206+00:00,blocked,AAPLUSDT,hold,autonomous,logged,0,0.00,339.7700,,No trade signal
2026-09-27T23:03:53.947159+00:00,blocked,TSLAUSDT,hold,autonomous,logged,0,0.00,372.8900,,No trade signal
2026-09-27T23:03:57.937716+00:00,blocked,TSLAUSDT,hold,autonomous,logged,0,0.00,372.8900,,No trade signal
2026-09-27T23:08:41.53176+00:00,blocked,AAPLUSDT,hold,strategy,logged,0,0.00,339.7700,,No trade signal
2026-09-27T23:08:44.53339+00:00,blocked,TSLAUSDT,hold,strategy,logged,0,0.00,372.8900,,No trade signal
2026-09-27T23:08:52.657945+00:00,blocked,AAPLUSDT,hold,strategy,logged,0,0.00,339.7700,,No trade signal
2026-09-27T23:08:57.049946+00:00,blocked,TSLAUSDT,hold,strategy,logged,0,0.00,372.8900,,No trade signal
2026-09-27T23:09:04.042093+00:00,blocked,AAPLUSDT,hold,autonomous,logged,0,0.00,339.7700,,No trade signal
2026-09-27T23:09:05.429239+00:00,blocked,TSLAUSDT,hold,autonomous,logged,0,0.00,372.8900,,No trade signal
2026-09-27T23:09:06.842129+00:00,blocked,AAPLUSDT,hold,autonomous,logged,0,0.00,339.7700,,No trade signal
2026-09-27T23:09:10.950095+00:00,blocked,TSLAUSDT,hold,autonomous,logged,0,0.00,372.8900,,No trade signal
2026-09-27T23:13:47.028641+00:00,blocked,AAPLUSDT,hold,strategy,logged,0,0.00,339.7700,,No trade signal
2026-09-27T23:13:48.881143+00:00,blocked,TSLAUSDT,hold,strategy,logged,0,0.00,372.8900,,No trade signal
2026-09-27T23:14:04.04297+00:00,blocked,AAPLUSDT,hold,strategy,logged,0,0.00,339.7700,,No trade signal
2026-09-27T23:14:08.62808+00:00,blocked,TSLAUSDT,hold,strategy,logged,0,0.00,372.8900,,No trade signal
2026-09-27T23:14:08.629122+00:00,blocked,AAPLUSDT,hold,autonomous,logged,0,0.00,339.7700,,No trade signal
2026-09-27T23:14:14.001944+00:00,blocked,TSLAUSDT,hold,autonomous,logged,0,0.00,372.8900,,No trade signal
2026-09-27T23:14:15.947134+00:00,blocked,AAPLUSDT,hold,autonomous,logged,0,0.00,339.7700,,No trade signal
2026-09-27T23:14:20.534493+00:00,blocked,TSLAUSDT,hold,autonomous,logged,0,0.00,372.8900,,No trade signal
2026-09-27T23:18:50.446694+00:00,blocked,AAPLUSDT,hold,strategy,logged,0,0.00,339.7700,,No trade signal
2026-09-27T23:18:52.12435+00:00,blocked,TSLAUSDT,hold,strategy,logged,0,0.00,372.8900,,No trade signal
2026-09-27T23:19:12.940613+00:00,blocked,AAPLUSDT,hold,strategy,logged,0,0.00,339.7700,,No trade signal
2026-09-27T23:19:17.209678+00:00,blocked,TSLAUSDT,hold,strategy,logged,0,0.00,372.8900,,No trade signal
2026-09-27T23:19:17.276001+00:00,blocked,AAPLUSDT,hold,autonomous,logged,0,0.00,339.7700,,No trade signal
2026-09-27T23:19:22.740526+00:00,blocked,TSLAUSDT,hold,autonomous,logged,0,0.00,372.8900,,No trade signal
2026-09-27T23:19:24.962029+00:00,blocked,AAPLUSDT,hold,autonomous,logged,0,0.00,339.7700,,No trade signal
2026-09-27T23:19:29.310429+00:00,blocked,TSLAUSDT,hold,autonomous,logged,0,0.00,372.8900,,No trade signal
2026-09-27T23:23:53.67274+00:00,blocked,AAPLUSDT,hold,strategy,logged,0,0.00,339.7700,,No trade signal
2026-09-27T23:23:55.740199+00:00,blocked,TSLAUSDT,hold,strategy,logged,0,0.00,372.9000,,No trade signal
2026-09-27T23:24:21.456794+00:00,blocked,AAPLUSDT,hold,strategy,logged,0,0.00,339.7700,,No trade signal
2026-09-27T23:24:25.347724+00:00,blocked,TSLAUSDT,hold,strategy,logged,0,0.00,372.9000,,No trade signal
2026-09-27T23:24:25.348668+00:00,blocked,AAPLUSDT,hold,autonomous,logged,0,0.00,339.7700,,No trade signal
2026-09-27T23:24:31.160977+00:00,blocked,TSLAUSDT,hold,autonomous,logged,0,0.00,372.9000,,No trade signal
2026-09-27T23:24:34.063797+00:00,blocked,AAPLUSDT,hold,autonomous,logged,0,0.00,339.7700,,No trade signal
2026-09-27T23:24:38.597129+00:00,blocked,TSLAUSDT,hold,autonomous,logged,0,0.00,372.9000,,No trade signal
2026-09-28T01:21:46.038541+00:00,blocked,AAPLUSDT,hold,strategy,logged,0,0.00,340.5500,,No trade signal
2026-09-28T01:21:46.038012+00:00,blocked,AAPLUSDT,hold,strategy,logged,0,0.00,340.5500,,No trade signal
2026-09-28T01:21:46.03976+00:00,blocked,AAPLUSDT,hold,autonomous,logged,0,0.00,340.5500,,No trade signal
2026-09-28T01:21:46.040729+00:00,blocked,AAPLUSDT,hold,autonomous,logged,0,0.00,340.5500,,No trade signal
2026-09-28T01:21:49.039026+00:00,blocked,TSLAUSDT,hold,strategy,logged,0,0.00,371.4100,,No trade signal
2026-09-28T01:21:54.07395+00:00,blocked,TSLAUSDT,hold,strategy,logged,0,0.00,371.4100,,No trade signal
2026-09-28T01:21:55.602687+00:00,blocked,TSLAUSDT,hold,autonomous,logged,0,0.00,371.4100,,No trade signal
2026-09-28T01:22:00.595725+00:00,blocked,TSLAUSDT,hold,autonomous,logged,0,0.00,371.4100,,No trade signal
2026-09-28T01:27:03.676032+00:00,blocked,AAPLUSDT,hold,strategy,logged,0,0.00,340.3500,,No trade signal
2026-09-28T01:27:05.274251+00:00,blocked,TSLAUSDT,hold,strategy,logged,0,0.00,371.5800,,No trade signal
2026-09-28T01:27:07.981531+00:00,blocked,AAPLUSDT,hold,strategy,logged,0,0.00,340.3500,,No trade signal
2026-09-28T01:27:12.511718+00:00,blocked,TSLAUSDT,hold,strategy,logged,0,0.00,371.5100,,No trade signal
2026-09-28T01:27:12.611146+00:00,blocked,AAPLUSDT,hold,autonomous,logged,0,0.00,340.3500,,No trade signal
2026-09-28T01:27:12.611024+00:00,blocked,AAPLUSDT,hold,autonomous,logged,0,0.00,340.3500,,No trade signal
2026-09-28T01:27:21.657121+00:00,blocked,TSLAUSDT,hold,autonomous,logged,0,0.00,371.5100,,No trade signal
2026-09-28T01:27:22.943772+00:00,blocked,TSLAUSDT,hold,autonomous,logged,0,0.00,371.5100,,No trade signal
2026-09-28T01:32:08.486997+00:00,blocked,AAPLUSDT,hold,strategy,logged,0,0.00,340.3900,,No trade signal
2026-09-28T01:32:10.103559+00:00,blocked,TSLAUSDT,hold,strategy,logged,0,0.00,371.6300,,No trade signal
2026-09-28T01:32:17.604792+00:00,blocked,AAPLUSDT,hold,strategy,logged,0,0.00,340.3900,,No trade signal
2026-09-28T01:32:22.214951+00:00,blocked,TSLAUSDT,hold,strategy,logged,0,0.00,371.6300,,No trade signal
2026-09-28T01:32:26.716827+00:00,blocked,AAPLUSDT,hold,autonomous,logged,0,0.00,340.3900,,No trade signal
2026-09-28T01:32:30.352892+00:00,blocked,TSLAUSDT,hold,autonomous,logged,0,0.00,371.6300,,No trade signal
2026-09-28T01:32:30.353799+00:00,blocked,AAPLUSDT,hold,autonomous,logged,0,0.00,340.3900,,No trade signal
2026-09-28T01:32:35.713523+00:00,blocked,TSLAUSDT,hold,autonomous,logged,0,0.00,371.6300,,No trade signal
2026-09-28T07:06:33.07327+00:00,blocked,AAPLUSDT,hold,strategy,logged,0,0.00,340.7300,,No trade signal
2026-09-28T07:06:33.074483+00:00,blocked,AAPLUSDT,hold,strategy,logged,0,0.00,340.7300,,No trade signal
2026-09-28T07:06:33.075248+00:00,blocked,AAPLUSDT,hold,autonomous,logged,0,0.00,340.7300,,No trade signal
2026-09-28T07:06:33.076252+00:00,blocked,AAPLUSDT,hold,autonomous,logged,0,0.00,340.7300,,No trade signal
2026-09-28T07:06:38.92662+00:00,blocked,TSLAUSDT,hold,strategy,logged,0,0.00,369.8600,,No trade signal
2026-09-28T07:06:43.64623+00:00,blocked,TSLAUSDT,hold,autonomous,logged,0,0.00,369.8600,,No trade signal
2026-09-28T07:06:45.123374+00:00,blocked,TSLAUSDT,hold,strategy,logged,0,0.00,369.8600,,No trade signal
2026-09-28T07:06:46.254736+00:00,blocked,TSLAUSDT,hold,autonomous,logged,0,0.00,369.8600,,No trade signal
2026-09-28T07:11:49.426142+00:00,blocked,AAPLUSDT,hold,strategy,logged,0,0.00,340.6600,,No trade signal
2026-09-28T07:11:54.237905+00:00,blocked,TSLAUSDT,hold,strategy,logged,0,0.00,370.1800,,No trade signal
2026-09-28T07:11:54.238384+00:00,blocked,AAPLUSDT,hold,autonomous,logged,0,0.00,340.5800,,No trade signal
2026-09-28T07:11:58.652945+00:00,blocked,AAPLUSDT,hold,strategy,logged,0,0.00,340.5800,,No trade signal
2026-09-28T07:11:58.653041+00:00,blocked,AAPLUSDT,hold,autonomous,logged,0,0.00,340.5800,,No trade signal
2026-09-28T07:12:04.589998+00:00,blocked,TSLAUSDT,hold,autonomous,logged,0,0.00,370.1800,,No trade signal
2026-09-28T07:12:06.903924+00:00,blocked,TSLAUSDT,hold,strategy,logged,0,0.00,370.1800,,No trade signal
2026-09-28T07:12:08.439652+00:00,blocked,TSLAUSDT,hold,autonomous,logged,0,0.00,370.1800,,No trade signal
2026-09-28T07:16:58.656448+00:00,blocked,AAPLUSDT,hold,strategy,logged,0,0.00,340.4600,,No trade signal
2026-09-28T07:17:05.921078+00:00,blocked,TSLAUSDT,hold,strategy,logged,0,0.00,369.9600,,No trade signal
2026-09-28T07:17:13.300549+00:00,blocked,AAPLUSDT,hold,autonomous,logged,0,0.00,340.4400,,No trade signal
2026-09-28T07:17:18.850765+00:00,blocked,TSLAUSDT,hold,autonomous,logged,0,0.00,370.0500,,No trade signal
2026-09-28T07:17:18.851786+00:00,blocked,AAPLUSDT,hold,autonomous,logged,0,0.00,340.4400,,No trade signal
2026-09-28T07:17:18.851754+00:00,blocked,AAPLUSDT,hold,strategy,logged,0,0.00,340.4400,,No trade signal
2026-09-28T07:17:25.111462+00:00,blocked,TSLAUSDT,hold,strategy,logged,0,0.00,370.0500,,No trade signal
2026-09-28T07:17:26.20125+00:00,blocked,TSLAUSDT,hold,autonomous,logged,0,0.00,370.0500,,No trade signal
2026-09-28T15:20:10.934594+00:00,blocked,AAPLUSDT,hold,strategy,logged,0,0.00,340.6400,,No trade signal
2026-09-28T15:20:10.936072+00:00,blocked,AAPLUSDT,hold,strategy,logged,0,0.00,340.6800,,No trade signal
2026-09-28T15:20:10.939752+00:00,blocked,AAPLUSDT,hold,autonomous,logged,0,0.00,340.6200,,No trade signal
2026-09-28T15:20:10.941696+00:00,blocked,AAPLUSDT,hold,autonomous,logged,0,0.00,340.6400,,No trade signal
2026-09-28T15:20:20.35373+00:00,blocked,TSLAUSDT,sell,autonomous,logged,1,360.13,360.1300,,
2026-09-28T15:20:47.761000+00:00,position_closed,TSLAUSDT,close,strategy,closed,1,372.61,372.6100,-18.15,Position closed
2026-09-28T15:20:26.63652+00:00,blocked,TSLAUSDT,hold,strategy,logged,0,0.00,360.1900,,No trade signal
2026-09-28T15:21:05.843000+00:00,position_opened,TSLAUSDT,sell,autonomous,submitted,1,360.19,360.1900,,Encrypted intent submitted · 96660063…
2026-09-28T15:25:57.133772+00:00,blocked,AAPLUSDT,hold,strategy,logged,0,0.00,340.9400,,No trade signal
2026-09-28T15:26:02.37356+00:00,blocked,TSLAUSDT,hold,strategy,logged,0,0.00,360.4300,,No trade signal
2026-09-28T15:26:07.193258+00:00,blocked,AAPLUSDT,hold,strategy,logged,0,0.00,340.9500,,No trade signal
2026-09-28T15:26:07.193154+00:00,blocked,AAPLUSDT,hold,autonomous,logged,0,0.00,340.9500,,No trade signal
2026-09-28T15:26:07.310725+00:00,blocked,AAPLUSDT,hold,autonomous,logged,0,0.00,340.9500,,No trade signal
2026-09-28T15:26:12.993396+00:00,blocked,TSLAUSDT,sell,autonomous,logged,1,360.61,360.6100,,
2026-09-28T15:26:14.550954+00:00,blocked,TSLAUSDT,hold,strategy,logged,0,0.00,360.6800,,No trade signal
2026-09-28T15:26:32.405000+00:00,position_opened,TSLAUSDT,sell,autonomous,submitted,1,360.64,360.6400,,Encrypted intent submitted · bc237548…
2026-09-28T15:31:12.483919+00:00,blocked,AAPLUSDT,hold,strategy,logged,0,0.00,341.2200,,No trade signal
2026-09-28T15:31:17.249281+00:00,blocked,TSLAUSDT,hold,strategy,logged,0,0.00,360.1000,,No trade signal
2026-09-28T15:31:22.563246+00:00,blocked,AAPLUSDT,hold,strategy,logged,0,0.00,341.0800,,No trade signal
2026-09-28T15:31:24.575101+00:00,blocked,TSLAUSDT,hold,strategy,logged,0,0.00,360.0200,,No trade signal
2026-09-28T15:31:32.171033+00:00,blocked,AAPLUSDT,hold,autonomous,logged,0,0.00,341.0300,,No trade signal
2026-09-28T15:31:37.704669+00:00,blocked,AAPLUSDT,hold,autonomous,logged,0,0.00,341.0200,,No trade signal
2026-09-28T15:31:37.704238+00:00,blocked,TSLAUSDT,sell,autonomous,blocked,1,359.94,359.9400,,gemini veto
2026-09-28T15:31:58.892000+00:00,position_closed,TSLAUSDT,close,autonomous,closed,2,739.96,369.9800,7.92,Position closed
2026-09-28T20:13:56.179433+00:00,blocked,AAPLUSDT,hold,strategy,logged,0,0.00,338.4500,,No trade signal
2026-09-28T20:13:56.180863+00:00,blocked,AAPLUSDT,hold,strategy,logged,0,0.00,338.4500,,No trade signal
2026-09-28T20:13:56.181815+00:00,blocked,AAPLUSDT,hold,autonomous,logged,0,0.00,338.4500,,No trade signal
2026-09-28T20:13:56.183512+00:00,blocked,AAPLUSDT,hold,autonomous,logged,0,0.00,338.4500,,No trade signal
2026-09-28T20:14:02.273765+00:00,blocked,TSLAUSDT,hold,strategy,logged,0,0.00,357.2000,,No trade signal
2026-09-28T20:14:03.466214+00:00,blocked,TSLAUSDT,hold,strategy,logged,0,0.00,357.2000,,No trade signal
2026-09-28T20:14:08.327235+00:00,blocked,TSLAUSDT,sell,autonomous,logged,1,357.20,357.2000,,
2026-09-28T20:14:10.423171+00:00,blocked,TSLAUSDT,sell,autonomous,blocked,1,357.20,357.2000,,gemini veto
2026-09-28T20:19:14.130504+00:00,blocked,AAPLUSDT,hold,strategy,logged,0,0.00,338.4000,,No trade signal
2026-09-28T20:19:19.139152+00:00,blocked,TSLAUSDT,hold,strategy,logged,0,0.00,357.3500,,No trade signal
2026-09-28T20:19:19.140211+00:00,blocked,AAPLUSDT,hold,strategy,logged,0,0.00,338.4000,,No trade signal
2026-09-28T20:19:25.645845+00:00,blocked,TSLAUSDT,hold,strategy,logged,0,0.00,357.3500,,No trade signal
2026-09-28T20:19:38.737698+00:00,blocked,AAPLUSDT,hold,autonomous,logged,0,0.00,338.3100,,No trade signal
2026-09-28T20:19:47.490000+00:00,position_opened,TSLAUSDT,sell,autonomous,submitted,1,357.35,357.3500,,Encrypted intent submitted · 83cba258…
2026-09-28T20:19:46.847344+00:00,blocked,AAPLUSDT,hold,autonomous,logged,0,0.00,338.3200,,No trade signal
2026-09-28T20:19:51.698942+00:00,blocked,TSLAUSDT,sell,autonomous,blocked,1,357.35,357.3500,,gemini veto
2026-09-28T20:24:24.035784+00:00,blocked,AAPLUSDT,hold,strategy,logged,0,0.00,338.3000,,No trade signal
2026-09-28T20:24:28.001673+00:00,blocked,TSLAUSDT,hold,strategy,logged,0,0.00,357.3300,,No trade signal
2026-09-28T20:24:33.047639+00:00,blocked,AAPLUSDT,hold,strategy,logged,0,0.00,338.3400,,No trade signal
2026-09-28T20:24:36.972714+00:00,blocked,TSLAUSDT,hold,strategy,logged,0,0.00,357.3300,,No trade signal
2026-09-28T20:24:54.328041+00:00,blocked,AAPLUSDT,hold,autonomous,logged,0,0.00,338.2500,,No trade signal
2026-09-28T20:24:56.341117+00:00,sell,TSLAUSDT,sell,autonomous,skipped_existing_position,1,357.35,357.3500,,Position already open
2026-09-28T20:25:03.673819+00:00,blocked,AAPLUSDT,hold,autonomous,logged,0,0.00,338.2500,,No trade signal
2026-09-28T20:25:08.43805+00:00,blocked,TSLAUSDT,sell,autonomous,blocked,1,357.35,357.3500,,gemini veto
2026-09-28T20:29:33.047556+00:00,blocked,AAPLUSDT,hold,strategy,logged,0,0.00,338.2600,,No trade signal
2026-09-28T20:29:37.240191+00:00,blocked,TSLAUSDT,hold,strategy,logged,0,0.00,357.2700,,No trade signal
2026-09-28T20:29:42.11675+00:00,blocked,AAPLUSDT,hold,strategy,logged,0,0.00,338.3200,,No trade signal
2026-09-28T20:29:43.625172+00:00,blocked,TSLAUSDT,hold,strategy,logged,0,0.00,357.2400,,No trade signal
2026-09-28T20:30:20.354917+00:00,blocked,TSLAUSDT,sell,autonomous,blocked,1,357.20,357.2000,,gemini veto
2026-09-28T20:30:23.647754+00:00,blocked,AAPLUSDT,hold,autonomous,logged,0,0.00,338.3100,,No trade signal
2026-09-28T20:30:28.248399+00:00,blocked,TSLAUSDT,sell,autonomous,blocked,1,357.18,357.1800,,gemini veto
2026-09-28T20:34:42.116566+00:00,blocked,AAPLUSDT,hold,strategy,logged,0,0.00,338.3500,,No trade signal
2026-09-28T20:34:46.406868+00:00,blocked,TSLAUSDT,hold,strategy,logged,0,0.00,357.2300,,No trade signal
2026-09-28T20:34:46.407855+00:00,blocked,AAPLUSDT,hold,strategy,logged,0,0.00,338.3500,,No trade signal
2026-09-28T20:34:48.005102+00:00,blocked,TSLAUSDT,hold,strategy,logged,0,0.00,357.2300,,No trade signal
2026-09-28T20:35:23.650614+00:00,blocked,AAPLUSDT,hold,autonomous,logged,0,0.00,338.3100,,No trade signal
2026-09-28T20:35:25.209665+00:00,blocked,TSLAUSDT,sell,autonomous,blocked,1,357.27,357.2700,,gemini veto
2026-09-28T20:35:29.86785+00:00,blocked,AAPLUSDT,hold,autonomous,logged,0,0.00,338.3100,,No trade signal
2026-09-28T20:35:34.901605+00:00,blocked,TSLAUSDT,sell,autonomous,blocked,1,357.27,357.2700,,gemini veto
2026-09-28T20:39:52.102707+00:00,blocked,AAPLUSDT,hold,strategy,logged,0,0.00,338.3100,,No trade signal
2026-09-28T20:39:57.2137+00:00,blocked,AAPLUSDT,hold,strategy,logged,0,0.00,338.3100,,No trade signal
2026-09-28T20:39:57.213184+00:00,blocked,TSLAUSDT,hold,strategy,logged,0,0.00,357.3200,,No trade signal
2026-09-28T20:40:04.263000+00:00,position_closed,TSLAUSDT,close,strategy,closed,1,357.42,357.4200,6.64,Position closed
2026-09-28T20:40:26.732771+00:00,blocked,AAPLUSDT,hold,autonomous,logged,0,0.00,338.4000,,No trade signal
2026-09-28T20:40:34.471000+00:00,position_opened,TSLAUSDT,sell,autonomous,submitted,1,357.32,357.3200,,Encrypted intent submitted · c9e1e19d…
2026-09-28T20:40:36.530246+00:00,blocked,AAPLUSDT,hold,autonomous,logged,0,0.00,338.4000,,No trade signal
2026-09-28T20:40:41.430474+00:00,blocked,TSLAUSDT,sell,autonomous,logged,1,357.28,357.2800,,
2026-09-28T20:45:02.514506+00:00,blocked,AAPLUSDT,hold,strategy,logged,0,0.00,338.3400,,No trade signal
2026-09-28T20:45:07.838722+00:00,blocked,TSLAUSDT,hold,strategy,logged,0,0.00,357.2400,,No trade signal
2026-09-28T20:45:07.839102+00:00,blocked,AAPLUSDT,hold,strategy,logged,0,0.00,338.3100,,No trade signal
2026-09-28T20:45:14.967948+00:00,blocked,TSLAUSDT,hold,strategy,logged,0,0.00,357.3000,,No trade signal
2026-09-28T20:45:35.616923+00:00,blocked,AAPLUSDT,hold,autonomous,logged,0,0.00,338.3100,,No trade signal
2026-09-28T20:45:37.134676+00:00,blocked,TSLAUSDT,sell,autonomous,blocked,1,357.27,357.2700,,gemini veto
2026-09-28T20:45:52.231271+00:00,blocked,AAPLUSDT,hold,autonomous,logged,0,0.00,338.3100,,No trade signal
2026-09-28T20:45:57.646877+00:00,blocked,TSLAUSDT,sell,autonomous,blocked,1,357.24,357.2400,,gemini veto
2026-09-28T20:50:13.45594+00:00,blocked,AAPLUSDT,hold,strategy,logged,0,0.00,338.3700,,No trade signal
2026-09-28T20:50:18.9339+00:00,blocked,TSLAUSDT,hold,strategy,logged,0,0.00,357.2200,,No trade signal
2026-09-28T20:50:18.934464+00:00,blocked,AAPLUSDT,hold,strategy,logged,0,0.00,338.3700,,No trade signal
2026-09-28T20:50:24.734041+00:00,blocked,TSLAUSDT,hold,strategy,logged,0,0.00,357.2400,,No trade signal
2026-09-28T21:16:31.271818+00:00,blocked,AAPLUSDT,hold,strategy,logged,0,0.00,338.3500,,No trade signal
2026-09-28T21:16:31.273214+00:00,blocked,AAPLUSDT,hold,strategy,logged,0,0.00,338.3500,,No trade signal
2026-09-28T21:16:31.274275+00:00,blocked,AAPLUSDT,hold,autonomous,logged,0,0.00,338.3500,,No trade signal
2026-09-28T21:16:31.27525+00:00,blocked,AAPLUSDT,hold,autonomous,logged,0,0.00,338.3500,,No trade signal
2026-09-28T21:16:33.745152+00:00,blocked,TSLAUSDT,hold,strategy,logged,0,0.00,357.5500,,No trade signal
2026-09-28T21:16:38.387719+00:00,blocked,TSLAUSDT,sell,autonomous,blocked,1,357.55,357.5500,,gemini veto
2026-09-28T21:16:41.422702+00:00,blocked,TSLAUSDT,sell,autonomous,blocked,1,357.55,357.5500,,gemini veto
2026-09-28T21:16:45.286207+00:00,blocked,TSLAUSDT,hold,strategy,logged,0,0.00,357.5400,,No trade signal
2026-09-28T21:21:46.495777+00:00,blocked,AAPLUSDT,hold,strategy,logged,0,0.00,338.3500,,No trade signal
2026-09-28T21:21:48.723371+00:00,blocked,TSLAUSDT,hold,strategy,logged,0,0.00,357.5300,,No trade signal
2026-09-28T21:21:48.821678+00:00,blocked,AAPLUSDT,hold,autonomous,logged,0,0.00,338.3800,,No trade signal
2026-09-28T21:21:55.117503+00:00,blocked,TSLAUSDT,sell,autonomous,blocked,1,357.53,357.5300,,gemini veto
2026-09-28T21:21:55.118574+00:00,blocked,AAPLUSDT,hold,autonomous,logged,0,0.00,338.3800,,No trade signal
2026-09-28T21:21:56.958774+00:00,blocked,AAPLUSDT,hold,strategy,logged,0,0.00,338.3800,,No trade signal
2026-09-28T21:21:58.216303+00:00,blocked,TSLAUSDT,sell,autonomous,blocked,1,357.53,357.5300,,gemini veto
2026-09-28T21:22:05.308752+00:00,blocked,TSLAUSDT,hold,strategy,logged,0,0.00,357.5200,,No trade signal
2026-09-28T21:26:50.680714+00:00,blocked,AAPLUSDT,hold,strategy,logged,0,0.00,338.3400,,No trade signal
2026-09-28T21:26:52.809656+00:00,blocked,TSLAUSDT,hold,strategy,logged,0,0.00,357.6000,,No trade signal
2026-09-28T21:26:59.712938+00:00,blocked,AAPLUSDT,hold,autonomous,logged,0,0.00,338.4000,,No trade signal
2026-09-28T21:27:04.568965+00:00,blocked,TSLAUSDT,sell,autonomous,blocked,1,357.60,357.6000,,gemini veto
2026-09-28T21:27:08.548278+00:00,blocked,AAPLUSDT,hold,autonomous,logged,0,0.00,338.4000,,No trade signal
2026-09-28T21:27:10.906857+00:00,blocked,TSLAUSDT,sell,autonomous,blocked,1,357.60,357.6000,,gemini veto
2026-09-28T21:27:12.094454+00:00,blocked,AAPLUSDT,hold,strategy,logged,0,0.00,338.4000,,No trade signal
2026-09-28T21:27:17.371051+00:00,blocked,TSLAUSDT,hold,strategy,logged,0,0.00,357.6000,,No trade signal
2026-09-29T01:01:06.468448+00:00,blocked,AAPLUSDT,hold,strategy,logged,0,0.00,338.1700,,No trade signal
2026-09-29T01:01:06.469591+00:00,blocked,AAPLUSDT,hold,strategy,logged,0,0.00,338.1700,,No trade signal
2026-09-29T01:01:06.470531+00:00,blocked,AAPLUSDT,hold,autonomous,logged,0,0.00,338.1700,,No trade signal
2026-09-29T01:01:06.471542+00:00,blocked,AAPLUSDT,hold,autonomous,logged,0,0.00,338.1700,,No trade signal
2026-09-29T01:01:08.87503+00:00,blocked,TSLAUSDT,hold,strategy,logged,0,0.00,357.5100,,No trade signal
2026-09-29T01:01:14.799692+00:00,blocked,TSLAUSDT,sell,autonomous,blocked,1,357.45,357.4500,,gemini veto
2026-09-29T01:01:19.236211+00:00,blocked,TSLAUSDT,hold,strategy,logged,0,0.00,357.4500,,No trade signal
2026-09-29T01:01:21.411293+00:00,blocked,TSLAUSDT,sell,autonomous,blocked,1,357.45,357.4500,,gemini veto
2026-09-29T01:06:23.430673+00:00,blocked,AAPLUSDT,hold,strategy,logged,0,0.00,338.0500,,No trade signal
2026-09-29T01:06:25.487948+00:00,blocked,TSLAUSDT,hold,strategy,logged,0,0.00,357.5500,,No trade signal
2026-09-29T01:06:25.489277+00:00,blocked,AAPLUSDT,hold,autonomous,logged,0,0.00,338.0500,,No trade signal
2026-09-29T01:06:32.628705+00:00,blocked,TSLAUSDT,sell,autonomous,blocked,1,357.55,357.5500,,gemini veto
2026-09-29T01:06:32.629928+00:00,blocked,AAPLUSDT,hold,autonomous,logged,0,0.00,338.0500,,No trade signal
2026-09-29T01:06:32.629818+00:00,blocked,AAPLUSDT,hold,strategy,logged,0,0.00,338.0500,,No trade signal
2026-09-29T01:06:35.766511+00:00,blocked,TSLAUSDT,sell,autonomous,blocked,1,357.55,357.5500,,gemini veto
2026-09-29T01:06:41.203675+00:00,blocked,TSLAUSDT,hold,strategy,logged,0,0.00,357.5500,,No trade signal
2026-09-29T01:11:26.895781+00:00,blocked,AAPLUSDT,hold,strategy,logged,0,0.00,338.0700,,No trade signal
2026-09-29T01:11:28.731077+00:00,blocked,TSLAUSDT,hold,strategy,logged,0,0.00,357.1900,,No trade signal
2026-09-29T01:11:34.291959+00:00,blocked,AAPLUSDT,hold,autonomous,logged,0,0.00,338.0700,,No trade signal
2026-09-29T01:11:38.652468+00:00,blocked,TSLAUSDT,sell,autonomous,blocked,1,357.19,357.1900,,gemini veto
2026-09-29T01:11:42.457238+00:00,blocked,AAPLUSDT,hold,autonomous,logged,0,0.00,338.0700,,No trade signal
2026-09-29T01:11:43.936827+00:00,blocked,TSLAUSDT,sell,autonomous,blocked,1,357.19,357.1900,,gemini veto
2026-09-29T01:11:47.410423+00:00,blocked,AAPLUSDT,hold,strategy,logged,0,0.00,338.0700,,No trade signal
2026-09-29T01:11:57.747112+00:00,blocked,TSLAUSDT,hold,strategy,logged,0,0.00,357.0700,,No trade signal
2026-09-29T02:03:01.132397+00:00,blocked,AAPLUSDT,hold,strategy,logged,0,0.00,338.0100,,No trade signal
2026-09-29T02:03:01.133639+00:00,blocked,AAPLUSDT,hold,strategy,logged,0,0.00,338.0100,,No trade signal
2026-09-29T02:03:01.134672+00:00,blocked,AAPLUSDT,hold,autonomous,logged,0,0.00,338.0100,,No trade signal
2026-09-29T02:03:01.135377+00:00,blocked,AAPLUSDT,hold,autonomous,logged,0,0.00,338.0100,,No trade signal
2026-09-29T02:03:05.20682+00:00,blocked,TSLAUSDT,sell,autonomous,blocked,1,357.60,357.6000,,gemini veto
2026-09-29T02:03:11.353561+00:00,blocked,TSLAUSDT,hold,strategy,logged,0,0.00,357.6000,,No trade signal
2026-09-29T02:03:13.441068+00:00,blocked,TSLAUSDT,hold,strategy,logged,0,0.00,357.6000,,No trade signal
2026-09-29T02:03:17.022795+00:00,blocked,TSLAUSDT,sell,autonomous,blocked,1,357.60,357.6000,,gemini veto
2026-09-29T02:08:19.62492+00:00,blocked,AAPLUSDT,hold,autonomous,logged,0,0.00,338.1400,,No trade signal
2026-09-29T02:08:21.348074+00:00,blocked,TSLAUSDT,sell,autonomous,blocked,1,357.35,357.3500,,gemini veto
2026-09-29T02:08:23.608818+00:00,blocked,AAPLUSDT,hold,strategy,logged,0,0.00,338.1400,,No trade signal
2026-09-29T02:08:28.011799+00:00,blocked,TSLAUSDT,hold,strategy,logged,0,0.00,357.3500,,No trade signal
2026-09-29T02:08:28.013052+00:00,blocked,AAPLUSDT,hold,autonomous,logged,0,0.00,338.1400,,No trade signal
2026-09-29T02:08:28.013013+00:00,blocked,AAPLUSDT,hold,strategy,logged,0,0.00,338.1400,,No trade signal
2026-09-29T02:08:30.481595+00:00,blocked,TSLAUSDT,hold,strategy,logged,0,0.00,357.3500,,No trade signal
2026-09-29T02:08:35.852148+00:00,blocked,TSLAUSDT,sell,autonomous,blocked,1,357.35,357.3500,,gemini veto
2026-09-29T02:13:24.683141+00:00,blocked,AAPLUSDT,hold,autonomous,logged,0,0.00,338.1500,,No trade signal
2026-09-29T02:13:26.355334+00:00,blocked,TSLAUSDT,sell,autonomous,blocked,1,357.55,357.5500,,gemini veto
2026-09-29T02:13:39.322806+00:00,blocked,AAPLUSDT,hold,strategy,logged,0,0.00,338.1500,,No trade signal
2026-09-29T02:13:43.348528+00:00,blocked,TSLAUSDT,hold,strategy,logged,0,0.00,357.5500,,No trade signal
2026-09-29T02:13:43.349127+00:00,blocked,AAPLUSDT,hold,autonomous,logged,0,0.00,338.1500,,No trade signal
2026-09-29T02:13:43.34903+00:00,blocked,AAPLUSDT,hold,strategy,logged,0,0.00,338.1500,,No trade signal
2026-09-29T02:13:48.520679+00:00,blocked,TSLAUSDT,sell,autonomous,blocked,1,357.51,357.5100,,gemini veto
2026-09-29T02:13:49.746136+00:00,blocked,TSLAUSDT,hold,strategy,logged,0,0.00,357.5100,,No trade signal
2026-09-29T02:18:32.136217+00:00,blocked,AAPLUSDT,hold,autonomous,logged,0,0.00,338.2800,,No trade signal
2026-09-29T02:18:33.671494+00:00,blocked,TSLAUSDT,sell,autonomous,blocked,1,357.65,357.6500,,gemini veto
2026-09-29T02:18:54.88151+00:00,blocked,AAPLUSDT,hold,strategy,logged,0,0.00,338.2800,,No trade signal
2026-09-29T02:18:59.564884+00:00,blocked,TSLAUSDT,hold,strategy,logged,0,0.00,357.6500,,No trade signal
2026-09-29T02:18:59.5661+00:00,blocked,AAPLUSDT,hold,strategy,logged,0,0.00,338.2800,,No trade signal
2026-09-29T02:18:59.566031+00:00,blocked,AAPLUSDT,hold,autonomous,logged,0,0.00,338.2800,,No trade signal
2026-09-29T02:19:10.767663+00:00,blocked,TSLAUSDT,sell,autonomous,blocked,1,357.65,357.6500,,gemini veto
2026-09-29T02:19:11.934921+00:00,blocked,TSLAUSDT,hold,strategy,logged,0,0.00,357.6500,,No trade signal
2026-09-29T02:23:35.407364+00:00,blocked,AAPLUSDT,hold,autonomous,logged,0,0.00,338.1700,,No trade signal
2026-09-29T02:23:37.04661+00:00,blocked,TSLAUSDT,sell,autonomous,blocked,1,357.49,357.4900,,gemini veto
2026-09-29T02:24:05.35195+00:00,blocked,AAPLUSDT,hold,strategy,logged,0,0.00,338.1700,,No trade signal
2026-09-29T02:24:10.431663+00:00,blocked,TSLAUSDT,hold,strategy,logged,0,0.00,357.4900,,No trade signal
2026-09-29T02:24:15.266307+00:00,blocked,AAPLUSDT,hold,autonomous,logged,0,0.00,338.1700,,No trade signal
2026-09-29T02:24:15.414945+00:00,blocked,AAPLUSDT,hold,strategy,logged,0,0.00,338.1700,,No trade signal
2026-09-29T02:24:20.940558+00:00,blocked,TSLAUSDT,sell,autonomous,blocked,1,357.47,357.4700,,gemini veto
2026-09-29T02:24:22.26099+00:00,blocked,TSLAUSDT,hold,strategy,logged,0,0.00,357.4700,,No trade signal
2026-09-29T02:28:38.775011+00:00,blocked,AAPLUSDT,hold,autonomous,logged,0,0.00,338.1400,,No trade signal
2026-09-29T02:28:43.72054+00:00,blocked,TSLAUSDT,sell,autonomous,blocked,1,357.40,357.4000,,gemini veto
2026-09-29T02:29:15.322016+00:00,blocked,AAPLUSDT,hold,strategy,logged,0,0.00,338.1400,,No trade signal
2026-09-29T02:29:21.142208+00:00,blocked,TSLAUSDT,hold,strategy,logged,0,0.00,357.3900,,No trade signal
2026-09-29T02:29:30.443304+00:00,blocked,AAPLUSDT,hold,autonomous,logged,0,0.00,338.1400,,No trade signal
2026-09-29T02:29:37.041152+00:00,blocked,TSLAUSDT,sell,autonomous,blocked,1,357.39,357.3900,,gemini veto
2026-09-29T02:29:37.043304+00:00,blocked,AAPLUSDT,hold,strategy,logged,0,0.00,338.1400,,No trade signal
2026-09-29T02:29:40.824018+00:00,blocked,TSLAUSDT,hold,strategy,logged,0,0.00,357.3900,,No trade signal
2026-09-29T02:33:48.274966+00:00,blocked,AAPLUSDT,hold,autonomous,logged,0,0.00,337.9100,,No trade signal
2026-09-29T02:33:49.836585+00:00,blocked,TSLAUSDT,sell,autonomous,blocked,1,357.11,357.1100,,gemini veto
2026-09-29T02:34:29.918914+00:00,blocked,AAPLUSDT,hold,strategy,logged,0,0.00,337.9500,,No trade signal
2026-09-29T02:34:36.068831+00:00,blocked,TSLAUSDT,hold,strategy,logged,0,0.00,357.1600,,No trade signal
2026-09-29T02:34:41.060793+00:00,blocked,AAPLUSDT,hold,autonomous,logged,0,0.00,337.9500,,No trade signal
2026-09-29T02:34:46.440954+00:00,blocked,TSLAUSDT,sell,autonomous,blocked,1,357.21,357.2100,,gemini veto
2026-09-29T02:34:46.442001+00:00,blocked,AAPLUSDT,hold,strategy,logged,0,0.00,337.9500,,No trade signal
2026-09-29T02:34:49.774321+00:00,blocked,TSLAUSDT,hold,strategy,logged,0,0.00,357.1600,,No trade signal
2026-09-29T02:38:51.324089+00:00,blocked,AAPLUSDT,hold,autonomous,logged,0,0.00,337.9100,,No trade signal
2026-09-29T02:38:52.826064+00:00,blocked,TSLAUSDT,sell,autonomous,blocked,1,357.13,357.1300,,gemini veto
2026-09-29T02:39:41.060747+00:00,blocked,AAPLUSDT,hold,strategy,logged,0,0.00,337.9100,,No trade signal
2026-09-29T02:39:45.389911+00:00,blocked,TSLAUSDT,hold,strategy,logged,0,0.00,357.2300,,No trade signal
2026-09-29T02:39:50.046505+00:00,blocked,AAPLUSDT,hold,autonomous,logged,0,0.00,337.9100,,No trade signal
2026-09-29T02:39:54.557429+00:00,blocked,AAPLUSDT,hold,strategy,logged,0,0.00,337.9100,,No trade signal
2026-09-29T02:39:54.557046+00:00,blocked,TSLAUSDT,sell,autonomous,blocked,1,357.23,357.2300,,gemini veto
2026-09-29T02:39:58.829257+00:00,blocked,TSLAUSDT,hold,strategy,logged,0,0.00,357.2300,,No trade signal
2026-09-29T02:43:54.230608+00:00,blocked,AAPLUSDT,hold,autonomous,logged,0,0.00,337.8200,,No trade signal
2026-09-29T02:43:55.893796+00:00,blocked,TSLAUSDT,sell,autonomous,blocked,1,357.12,357.1200,,gemini veto
2026-09-29T02:44:50.046703+00:00,blocked,AAPLUSDT,hold,strategy,logged,0,0.00,337.8200,,No trade signal
2026-09-29T02:44:55.664148+00:00,blocked,TSLAUSDT,hold,strategy,logged,0,0.00,357.1900,,No trade signal
2026-09-29T02:44:59.634898+00:00,blocked,AAPLUSDT,hold,autonomous,logged,0,0.00,337.8200,,No trade signal
2026-09-29T02:45:12.380439+00:00,blocked,TSLAUSDT,sell,autonomous,blocked,1,357.15,357.1500,,gemini veto
2026-09-29T02:45:12.381599+00:00,blocked,AAPLUSDT,hold,strategy,logged,0,0.00,337.8200,,No trade signal
2026-09-29T02:45:14.652929+00:00,blocked,TSLAUSDT,hold,strategy,logged,0,0.00,357.1500,,No trade signal
2026-09-29T02:48:57.418954+00:00,blocked,AAPLUSDT,hold,autonomous,logged,0,0.00,337.8300,,No trade signal
2026-09-29T02:48:59.109696+00:00,blocked,TSLAUSDT,sell,autonomous,blocked,1,357.38,357.3800,,gemini veto
2026-09-29T02:49:59.634311+00:00,blocked,AAPLUSDT,hold,strategy,logged,0,0.00,337.6200,,No trade signal
2026-09-29T02:50:07.093756+00:00,blocked,TSLAUSDT,hold,strategy,logged,0,0.00,357.3000,,No trade signal
2026-09-29T02:50:15.871558+00:00,blocked,AAPLUSDT,hold,autonomous,logged,0,0.00,337.6200,,No trade signal
2026-09-29T02:50:20.262682+00:00,blocked,TSLAUSDT,sell,autonomous,blocked,1,357.29,357.2900,,gemini veto
2026-09-29T02:50:20.263917+00:00,blocked,AAPLUSDT,hold,strategy,logged,0,0.00,337.6200,,No trade signal
2026-09-29T02:50:24.781238+00:00,blocked,TSLAUSDT,hold,strategy,logged,0,0.00,357.2600,,No trade signal
2026-09-29T02:54:01.529007+00:00,blocked,AAPLUSDT,hold,autonomous,logged,0,0.00,337.5300,,No trade signal
2026-09-29T02:54:03.854256+00:00,blocked,TSLAUSDT,sell,autonomous,blocked,1,357.08,357.0800,,gemini veto
2026-09-29T02:55:11.804663+00:00,blocked,AAPLUSDT,hold,strategy,logged,0,0.00,337.5300,,No trade signal
2026-09-29T02:55:16.382135+00:00,blocked,TSLAUSDT,hold,strategy,logged,0,0.00,356.9500,,No trade signal
2026-09-29T02:55:22.243608+00:00,blocked,AAPLUSDT,hold,autonomous,logged,0,0.00,337.5300,,No trade signal
2026-09-29T02:55:26.857042+00:00,blocked,TSLAUSDT,sell,autonomous,blocked,1,356.94,356.9400,,gemini veto
2026-09-29T02:55:28.41497+00:00,blocked,AAPLUSDT,hold,strategy,logged,0,0.00,337.5300,,No trade signal
2026-09-29T02:55:30.577907+00:00,blocked,TSLAUSDT,hold,strategy,logged,0,0.00,356.9400,,No trade signal
2026-09-29T02:59:05.349542+00:00,blocked,AAPLUSDT,hold,autonomous,logged,0,0.00,337.7500,,No trade signal
2026-09-29T02:59:06.848016+00:00,blocked,TSLAUSDT,sell,autonomous,blocked,1,357.08,357.0800,,gemini veto
2026-09-29T03:00:21.820543+00:00,blocked,AAPLUSDT,hold,strategy,logged,0,0.00,337.7500,,No trade signal
2026-09-29T03:00:38.649719+00:00,blocked,TSLAUSDT,hold,strategy,logged,0,0.00,357.1400,,No trade signal
2026-09-29T03:00:38.650206+00:00,blocked,AAPLUSDT,hold,strategy,logged,0,0.00,337.7500,,No trade signal
2026-09-29T03:00:38.650112+00:00,blocked,AAPLUSDT,hold,autonomous,logged,0,0.00,337.7500,,No trade signal
2026-09-29T03:00:47.253899+00:00,blocked,TSLAUSDT,hold,strategy,logged,0,0.00,357.1400,,No trade signal
2026-09-29T03:00:52.087583+00:00,blocked,TSLAUSDT,sell,autonomous,blocked,1,357.25,357.2500,,gemini veto
2026-09-29T03:04:08.437802+00:00,blocked,AAPLUSDT,hold,autonomous,logged,0,0.00,337.5700,,No trade signal
2026-09-29T03:04:10.043671+00:00,blocked,TSLAUSDT,sell,autonomous,blocked,1,357.08,357.0800,,gemini veto
2026-09-29T03:05:44.954223+00:00,blocked,AAPLUSDT,hold,strategy,logged,0,0.00,337.5700,,No trade signal
2026-09-29T03:05:49.994252+00:00,blocked,TSLAUSDT,hold,strategy,logged,0,0.00,356.8700,,No trade signal
2026-09-29T03:05:54.5506+00:00,blocked,AAPLUSDT,hold,strategy,logged,0,0.00,337.5700,,No trade signal
2026-09-29T03:05:57.012681+00:00,blocked,TSLAUSDT,hold,strategy,logged,0,0.00,356.8700,,No trade signal
2026-09-29T03:05:58.133065+00:00,blocked,AAPLUSDT,hold,autonomous,logged,0,0.00,337.5700,,No trade signal
2026-09-29T03:06:04.177817+00:00,blocked,TSLAUSDT,sell,autonomous,blocked,1,356.85,356.8500,,gemini veto
2026-09-29T03:09:11.675099+00:00,blocked,AAPLUSDT,hold,autonomous,logged,0,0.00,337.6000,,No trade signal
2026-09-29T03:09:13.146143+00:00,blocked,TSLAUSDT,sell,autonomous,blocked,1,356.78,356.7800,,gemini veto
2026-09-29T03:10:54.509777+00:00,blocked,AAPLUSDT,hold,strategy,logged,0,0.00,337.5200,,No trade signal
2026-09-29T03:10:59.955423+00:00,blocked,TSLAUSDT,hold,strategy,logged,0,0.00,356.7100,,No trade signal
2026-09-29T03:10:59.956608+00:00,blocked,AAPLUSDT,hold,strategy,logged,0,0.00,337.5200,,No trade signal
2026-09-29T03:11:08.82131+00:00,blocked,TSLAUSDT,hold,strategy,logged,0,0.00,356.7100,,No trade signal
2026-09-29T03:11:08.822516+00:00,blocked,AAPLUSDT,hold,autonomous,logged,0,0.00,337.5200,,No trade signal
2026-09-29T03:11:15.157126+00:00,blocked,TSLAUSDT,sell,autonomous,blocked,1,356.73,356.7300,,gemini veto
2026-09-29T03:14:14.730447+00:00,blocked,AAPLUSDT,hold,autonomous,logged,0,0.00,337.3700,,No trade signal
2026-09-29T03:14:30.625102+00:00,blocked,TSLAUSDT,sell,autonomous,blocked,1,356.31,356.3100,,gemini veto
2026-09-29T03:15:31.72249+00:00,blocked,AAPLUSDT,hold,autonomous,logged,0,0.00,337.3800,,No trade signal
2026-09-29T03:15:31.722459+00:00,blocked,AAPLUSDT,hold,autonomous,logged,0,0.00,337.3800,,No trade signal
2026-09-29T03:15:31.722423+00:00,blocked,AAPLUSDT,hold,strategy,logged,0,0.00,337.3800,,No trade signal
2026-09-29T03:15:31.722319+00:00,blocked,AAPLUSDT,hold,strategy,logged,0,0.00,337.3800,,No trade signal
2026-09-29T03:15:42.41932+00:00,blocked,TSLAUSDT,hold,strategy,logged,0,0.00,356.4500,,No trade signal
2026-09-29T03:15:50.854004+00:00,blocked,TSLAUSDT,sell,autonomous,blocked,1,356.45,356.4500,,gemini veto
2026-09-29T03:15:52.054624+00:00,blocked,TSLAUSDT,sell,autonomous,blocked,1,356.45,356.4500,,gemini veto
2026-09-29T03:15:56.051718+00:00,blocked,TSLAUSDT,hold,strategy,logged,0,0.00,356.4500,,No trade signal
2026-09-29T03:20:57.32972+00:00,blocked,AAPLUSDT,hold,strategy,logged,0,0.00,337.5000,,No trade signal
2026-09-29T03:20:59.102705+00:00,blocked,TSLAUSDT,hold,strategy,logged,0,0.00,356.8500,,No trade signal
2026-09-29T03:20:59.134037+00:00,blocked,AAPLUSDT,hold,autonomous,logged,0,0.00,337.5000,,No trade signal
2026-09-29T03:21:01.965368+00:00,blocked,AAPLUSDT,hold,autonomous,logged,0,0.00,337.5000,,No trade signal
2026-09-29T03:21:07.233135+00:00,blocked,TSLAUSDT,sell,autonomous,blocked,1,356.85,356.8500,,gemini veto
2026-09-29T03:21:07.234374+00:00,blocked,AAPLUSDT,hold,strategy,logged,0,0.00,337.5000,,No trade signal
2026-09-29T03:21:08.414497+00:00,blocked,TSLAUSDT,sell,autonomous,blocked,1,356.85,356.8500,,gemini veto
2026-09-29T03:21:13.036832+00:00,blocked,TSLAUSDT,hold,strategy,logged,0,0.00,356.8500,,No trade signal
2026-09-29T03:26:01.965223+00:00,blocked,AAPLUSDT,hold,strategy,logged,0,0.00,337.7000,,No trade signal
2026-09-29T03:26:04.480391+00:00,blocked,TSLAUSDT,hold,strategy,logged,0,0.00,357.0900,,No trade signal
2026-09-29T03:26:14.242136+00:00,blocked,AAPLUSDT,hold,autonomous,logged,0,0.00,337.7500,,No trade signal
2026-09-29T03:26:18.933627+00:00,blocked,TSLAUSDT,sell,autonomous,blocked,1,357.11,357.1100,,gemini veto
2026-09-29T03:26:18.934005+00:00,blocked,AAPLUSDT,hold,autonomous,logged,0,0.00,337.7800,,No trade signal
2026-09-29T03:26:20.509547+00:00,blocked,TSLAUSDT,sell,autonomous,blocked,1,357.11,357.1100,,gemini veto
2026-09-29T03:26:20.510644+00:00,blocked,AAPLUSDT,hold,strategy,logged,0,0.00,337.7800,,No trade signal
2026-09-29T03:26:27.468322+00:00,blocked,TSLAUSDT,hold,strategy,logged,0,0.00,357.1100,,No trade signal
2026-09-29T03:31:06.074476+00:00,blocked,AAPLUSDT,hold,strategy,logged,0,0.00,337.7300,,No trade signal
2026-09-29T03:31:07.985525+00:00,blocked,TSLAUSDT,hold,strategy,logged,0,0.00,357.0000,,No trade signal
2026-09-29T03:31:21.815588+00:00,blocked,AAPLUSDT,hold,autonomous,logged,0,0.00,337.7300,,No trade signal
2026-09-29T03:31:26.209127+00:00,blocked,TSLAUSDT,sell,autonomous,blocked,1,357.03,357.0300,,gemini veto
2026-09-29T03:31:26.305502+00:00,blocked,AAPLUSDT,hold,autonomous,logged,0,0.00,337.7300,,No trade signal
2026-09-29T03:31:29.032289+00:00,sell,TSLAUSDT,sell,autonomous,skipped_existing_position,1,357.03,357.0300,,Position already open
2026-09-29T03:31:36.14652+00:00,blocked,AAPLUSDT,hold,strategy,logged,0,0.00,337.7300,,No trade signal
2026-09-29T03:31:45.620199+00:00,blocked,TSLAUSDT,hold,strategy,logged,0,0.00,357.0300,,No trade signal
2026-09-29T06:48:20.181625+00:00,blocked,AAPLUSDT,hold,strategy,logged,0,0.00,337.6000,,No trade signal
2026-09-29T06:48:20.182996+00:00,blocked,AAPLUSDT,hold,strategy,logged,0,0.00,337.6000,,No trade signal
2026-09-29T06:48:20.183975+00:00,blocked,AAPLUSDT,hold,autonomous,logged,0,0.00,337.6000,,No trade signal
2026-09-29T06:48:20.184418+00:00,blocked,AAPLUSDT,hold,autonomous,logged,0,0.00,337.6000,,No trade signal
2026-09-29T06:48:22.923531+00:00,blocked,TSLAUSDT,hold,strategy,logged,0,0.00,357.7000,,No trade signal
2026-09-29T06:48:30.5765+00:00,blocked,TSLAUSDT,hold,strategy,logged,0,0.00,357.7000,,No trade signal
2026-09-29T06:48:32.664988+00:00,sell,TSLAUSDT,sell,autonomous,skipped_existing_position,1,357.70,357.7000,,Position already open
2026-09-29T06:48:36.933003+00:00,blocked,TSLAUSDT,sell,autonomous,blocked,1,357.70,357.7000,,gemini veto
2026-09-29T06:53:38.034352+00:00,blocked,AAPLUSDT,hold,strategy,logged,0,0.00,337.6100,,No trade signal
2026-09-29T06:53:40.262836+00:00,blocked,TSLAUSDT,hold,strategy,logged,0,0.00,357.7400,,No trade signal
2026-09-29T06:53:49.20991+00:00,blocked,AAPLUSDT,hold,strategy,logged,0,0.00,337.6100,,No trade signal
2026-09-29T06:53:53.643112+00:00,blocked,TSLAUSDT,hold,strategy,logged,0,0.00,357.7400,,No trade signal
2026-09-29T06:54:11.46951+00:00,blocked,AAPLUSDT,hold,autonomous,logged,0,0.00,337.6100,,No trade signal
2026-09-29T06:54:12.958717+00:00,blocked,TSLAUSDT,sell,autonomous,blocked,1,357.74,357.7400,,gemini veto
2026-09-29T06:54:13.041178+00:00,blocked,AAPLUSDT,hold,autonomous,logged,0,0.00,337.6100,,No trade signal
2026-09-29T06:54:18.597461+00:00,blocked,TSLAUSDT,sell,autonomous,blocked,1,357.79,357.7900,,gemini veto
2026-09-29T06:58:41.883349+00:00,blocked,AAPLUSDT,hold,strategy,logged,0,0.00,337.5500,,No trade signal
2026-09-29T06:58:43.862019+00:00,blocked,TSLAUSDT,hold,strategy,logged,0,0.00,357.7600,,No trade signal
2026-09-29T06:58:57.936168+00:00,blocked,AAPLUSDT,hold,strategy,logged,0,0.00,337.5500,,No trade signal
2026-09-29T06:59:03.668297+00:00,blocked,TSLAUSDT,hold,strategy,logged,0,0.00,357.7600,,No trade signal
2026-09-29T06:59:14.484+00:00,blocked,AAPLUSDT,hold,autonomous,logged,0,0.00,337.5500,,No trade signal
2026-09-29T06:59:16.058521+00:00,blocked,TSLAUSDT,sell,autonomous,blocked,1,357.62,357.6200,,gemini veto
2026-09-29T06:59:20.067397+00:00,blocked,AAPLUSDT,hold,autonomous,logged,0,0.00,337.5500,,No trade signal
2026-09-29T06:59:24.257598+00:00,blocked,TSLAUSDT,sell,autonomous,blocked,1,357.72,357.7200,,gemini veto
2026-09-29T10:49:05.682913+00:00,blocked,AAPLUSDT,hold,strategy,logged,0,0.00,336.4100,,No trade signal
2026-09-29T10:49:05.683572+00:00,blocked,AAPLUSDT,hold,strategy,logged,0,0.00,336.4100,,No trade signal
2026-09-29T10:49:05.685806+00:00,blocked,AAPLUSDT,sell,autonomous,blocked,1,336.41,336.4100,,gemini veto
2026-09-29T10:50:24.278000+00:00,position_opened,AAPLUSDT,sell,autonomous,submitted,1,336.41,336.4100,,Encrypted intent submitted · 5a9d299b…
2026-09-29T10:49:07.999921+00:00,blocked,TSLAUSDT,hold,strategy,logged,0,0.00,358.6000,,No trade signal
2026-09-29T10:49:42.070896+00:00,blocked,TSLAUSDT,sell,autonomous,blocked,1,358.55,358.5500,,gemini veto
2026-09-29T10:49:58.433142+00:00,blocked,TSLAUSDT,hold,strategy,logged,0,0.00,358.7600,,No trade signal
2026-09-29T10:50:31.675427+00:00,blocked,TSLAUSDT,sell,autonomous,blocked,1,358.55,358.5500,,gemini veto
2026-09-29T10:54:59.601792+00:00,blocked,AAPLUSDT,hold,strategy,logged,0,0.00,336.5200,,No trade signal
2026-09-29T10:55:02.111348+00:00,blocked,TSLAUSDT,hold,strategy,logged,0,0.00,358.9200,,No trade signal
2026-09-29T10:55:33.250118+00:00,blocked,AAPLUSDT,hold,strategy,logged,0,0.00,336.5500,,No trade signal
2026-09-29T10:55:33.250013+00:00,blocked,AAPLUSDT,sell,autonomous,logged,1,336.55,336.5500,,
2026-09-29T10:55:44.818631+00:00,blocked,TSLAUSDT,hold,strategy,logged,0,0.00,358.8900,,No trade signal
2026-09-29T10:55:44.81991+00:00,sell,AAPLUSDT,sell,autonomous,skipped_existing_position,1,336.55,336.5500,,Position already open
2026-09-29T10:55:56.094729+00:00,blocked,TSLAUSDT,sell,autonomous,blocked,1,358.81,358.8100,,gemini veto
2026-09-29T10:56:03.34356+00:00,blocked,TSLAUSDT,sell,autonomous,blocked,1,358.90,358.9000,,gemini veto
2026-09-29T11:00:04.273117+00:00,blocked,AAPLUSDT,hold,strategy,logged,0,0.00,336.6600,,No trade signal
2026-09-29T11:00:06.455875+00:00,blocked,TSLAUSDT,hold,strategy,logged,0,0.00,358.9900,,No trade signal
2026-09-29T11:01:08.16761+00:00,blocked,AAPLUSDT,hold,strategy,logged,0,0.00,336.7200,,No trade signal
2026-09-29T11:01:13.217265+00:00,blocked,TSLAUSDT,hold,strategy,logged,0,0.00,359.3000,,No trade signal
2026-09-29T11:01:18.019461+00:00,blocked,AAPLUSDT,hold,autonomous,logged,0,0.00,336.7900,,No trade signal
2026-09-29T11:01:23.015981+00:00,blocked,AAPLUSDT,hold,autonomous,logged,0,0.00,336.7900,,No trade signal
2026-09-29T11:01:23.015046+00:00,blocked,TSLAUSDT,sell,autonomous,blocked,1,359.30,359.3000,,gemini veto
2026-09-29T11:01:41.48547+00:00,blocked,TSLAUSDT,sell,autonomous,blocked,1,359.40,359.4000,,gemini veto
2026-09-29T11:05:26.083026+00:00,blocked,AAPLUSDT,hold,strategy,logged,0,0.00,336.9500,,No trade signal
2026-09-29T11:05:28.657483+00:00,blocked,TSLAUSDT,hold,strategy,logged,0,0.00,359.4000,,No trade signal
2026-09-29T11:06:18.019513+00:00,blocked,AAPLUSDT,hold,strategy,logged,0,0.00,337.0800,,No trade signal
2026-09-29T11:06:24.01396+00:00,blocked,TSLAUSDT,hold,strategy,logged,0,0.00,359.4500,,No trade signal
2026-09-29T11:06:40.209262+00:00,blocked,AAPLUSDT,hold,autonomous,logged,0,0.00,336.9300,,No trade signal
2026-09-29T11:06:44.378623+00:00,blocked,TSLAUSDT,sell,autonomous,blocked,1,359.43,359.4300,,gemini veto
2026-09-29T11:06:50.021839+00:00,blocked,AAPLUSDT,hold,autonomous,logged,0,0.00,336.8600,,No trade signal
2026-09-29T11:06:52.668256+00:00,blocked,TSLAUSDT,sell,autonomous,blocked,1,359.34,359.3400,,gemini veto
2026-09-29T11:10:30.202661+00:00,blocked,AAPLUSDT,hold,strategy,logged,0,0.00,336.6500,,No trade signal
2026-09-29T11:10:32.248676+00:00,blocked,TSLAUSDT,hold,strategy,logged,0,0.00,359.2200,,No trade signal
2026-09-29T11:11:28.789319+00:00,blocked,AAPLUSDT,hold,strategy,logged,0,0.00,336.7700,,No trade signal
2026-09-29T11:11:34.060486+00:00,blocked,TSLAUSDT,hold,strategy,logged,0,0.00,359.0000,,No trade signal
2026-09-29T11:11:45.773888+00:00,blocked,AAPLUSDT,hold,autonomous,logged,0,0.00,336.6600,,No trade signal
2026-09-29T11:11:50.997414+00:00,blocked,TSLAUSDT,sell,autonomous,blocked,1,359.00,359.0000,,gemini veto
2026-09-29T11:11:55.380905+00:00,blocked,AAPLUSDT,hold,autonomous,logged,0,0.00,336.5400,,No trade signal
2026-09-29T11:11:58.115128+00:00,blocked,TSLAUSDT,sell,autonomous,blocked,1,359.05,359.0500,,gemini veto
2026-09-29T11:37:21.485151+00:00,blocked,AAPLUSDT,hold,strategy,logged,0,0.00,336.9000,,No trade signal
2026-09-29T11:37:21.486981+00:00,blocked,AAPLUSDT,hold,strategy,logged,0,0.00,336.9000,,No trade signal
2026-09-29T11:37:21.487489+00:00,blocked,AAPLUSDT,hold,autonomous,logged,0,0.00,336.9000,,No trade signal
2026-09-29T11:37:21.488826+00:00,blocked,AAPLUSDT,hold,autonomous,logged,0,0.00,336.9000,,No trade signal
2026-09-29T11:37:26.332071+00:00,blocked,TSLAUSDT,hold,strategy,logged,0,0.00,358.5500,,No trade signal
2026-09-29T11:37:29.361696+00:00,blocked,TSLAUSDT,sell,autonomous,blocked,1,358.53,358.5300,,gemini veto
2026-09-29T11:37:33.643876+00:00,blocked,TSLAUSDT,sell,autonomous,blocked,1,358.52,358.5200,,gemini veto
2026-09-29T11:37:36.029915+00:00,blocked,TSLAUSDT,hold,strategy,logged,0,0.00,358.5200,,No trade signal
2026-09-29T11:42:40.141266+00:00,blocked,AAPLUSDT,hold,strategy,logged,0,0.00,336.9900,,No trade signal
2026-09-29T11:42:44.723338+00:00,blocked,TSLAUSDT,hold,strategy,logged,0,0.00,358.7100,,No trade signal
2026-09-29T11:42:48.542382+00:00,blocked,AAPLUSDT,hold,autonomous,logged,0,0.00,336.8600,,No trade signal
2026-09-29T11:42:49.751623+00:00,blocked,AAPLUSDT,hold,autonomous,logged,0,0.00,336.9900,,No trade signal
2026-09-29T11:42:51.000478+00:00,blocked,TSLAUSDT,sell,autonomous,blocked,1,358.63,358.6300,,gemini veto
2026-09-29T11:42:56.549588+00:00,blocked,AAPLUSDT,hold,strategy,logged,0,0.00,336.9900,,No trade signal
2026-09-29T11:42:56.549012+00:00,blocked,TSLAUSDT,sell,autonomous,blocked,1,358.76,358.7600,,gemini veto
2026-09-29T11:43:01.03386+00:00,blocked,TSLAUSDT,hold,strategy,logged,0,0.00,358.7600,,No trade signal
2026-09-29T11:47:48.542897+00:00,blocked,AAPLUSDT,hold,strategy,logged,0,0.00,337.3500,,No trade signal
2026-09-29T11:47:53.402831+00:00,blocked,TSLAUSDT,hold,strategy,logged,0,0.00,358.6000,,No trade signal
2026-09-29T11:47:58.308739+00:00,blocked,AAPLUSDT,hold,autonomous,logged,0,0.00,337.1500,,No trade signal
2026-09-29T11:48:00.057409+00:00,blocked,TSLAUSDT,sell,autonomous,blocked,1,358.60,358.6000,,gemini veto
2026-09-29T11:48:00.058491+00:00,blocked,AAPLUSDT,hold,autonomous,logged,0,0.00,337.1500,,No trade signal
2026-09-29T11:48:07.460651+00:00,blocked,TSLAUSDT,sell,autonomous,blocked,1,358.65,358.6500,,gemini veto
2026-09-29T11:48:07.461299+00:00,blocked,AAPLUSDT,hold,strategy,logged,0,0.00,337.1500,,No trade signal
2026-09-29T11:48:09.367706+00:00,blocked,TSLAUSDT,hold,strategy,logged,0,0.00,358.5800,,No trade signal
2026-09-29T11:52:57.440496+00:00,blocked,AAPLUSDT,hold,strategy,logged,0,0.00,337.1500,,No trade signal
2026-09-29T11:53:03.579707+00:00,blocked,TSLAUSDT,hold,strategy,logged,0,0.00,359.0100,,No trade signal
2026-09-29T11:53:03.581615+00:00,blocked,AAPLUSDT,hold,autonomous,logged,0,0.00,337.1500,,No trade signal
2026-09-29T11:53:06.119318+00:00,blocked,TSLAUSDT,sell,autonomous,blocked,1,359.03,359.0300,,gemini veto
2026-09-29T11:53:12.764214+00:00,blocked,AAPLUSDT,hold,strategy,logged,0,0.00,337.3000,,No trade signal
2026-09-29T11:53:12.764099+00:00,blocked,AAPLUSDT,hold,autonomous,logged,0,0.00,337.3000,,No trade signal
2026-09-29T11:53:18.212723+00:00,blocked,TSLAUSDT,sell,autonomous,blocked,1,359.07,359.0700,,gemini veto
2026-09-29T11:53:19.538409+00:00,blocked,TSLAUSDT,hold,strategy,logged,0,0.00,359.0700,,No trade signal
2026-09-29T11:58:10.425487+00:00,blocked,AAPLUSDT,hold,strategy,logged,0,0.00,337.1000,,No trade signal
2026-09-29T11:58:15.405884+00:00,blocked,TSLAUSDT,hold,strategy,logged,0,0.00,359.2600,,No trade signal
2026-09-29T11:58:15.406393+00:00,blocked,AAPLUSDT,hold,autonomous,logged,0,0.00,337.1000,,No trade signal
2026-09-29T11:58:22.733563+00:00,blocked,TSLAUSDT,sell,autonomous,blocked,1,359.26,359.2600,,gemini veto
2026-09-29T11:58:22.734829+00:00,blocked,AAPLUSDT,hold,autonomous,logged,0,0.00,337.1700,,No trade signal
2026-09-29T11:58:23.996583+00:00,blocked,AAPLUSDT,hold,strategy,logged,0,0.00,337.1700,,No trade signal
2026-09-29T11:58:29.528846+00:00,blocked,TSLAUSDT,sell,autonomous,blocked,1,359.25,359.2500,,gemini veto
2026-09-29T11:58:30.699264+00:00,blocked,TSLAUSDT,hold,strategy,logged,0,0.00,359.2500,,No trade signal
2026-09-29T12:03:20.711171+00:00,blocked,AAPLUSDT,hold,strategy,logged,0,0.00,337.2100,,No trade signal
2026-09-29T12:03:26.644125+00:00,blocked,TSLAUSDT,hold,strategy,logged,0,0.00,359.3500,,No trade signal
2026-09-29T12:03:26.645674+00:00,blocked,AAPLUSDT,hold,autonomous,logged,0,0.00,337.2100,,No trade signal
2026-09-29T12:03:33.541905+00:00,blocked,AAPLUSDT,hold,autonomous,logged,0,0.00,337.2100,,No trade signal
2026-09-29T12:03:33.54129+00:00,blocked,TSLAUSDT,sell,autonomous,blocked,1,359.36,359.3600,,gemini veto
2026-09-29T12:03:34.752872+00:00,blocked,AAPLUSDT,hold,strategy,logged,0,0.00,337.2100,,No trade signal
2026-09-29T12:03:39.043289+00:00,blocked,TSLAUSDT,sell,autonomous,blocked,1,359.33,359.3300,,gemini veto
2026-09-29T12:03:41.510042+00:00,blocked,TSLAUSDT,hold,strategy,logged,0,0.00,359.3300,,No trade signal
2026-09-29T12:08:32.417124+00:00,blocked,AAPLUSDT,hold,strategy,logged,0,0.00,337.2100,,No trade signal
2026-09-29T12:08:37.98127+00:00,blocked,TSLAUSDT,hold,strategy,logged,0,0.00,359.3000,,No trade signal
2026-09-29T12:08:43.725948+00:00,blocked,AAPLUSDT,hold,autonomous,logged,0,0.00,337.1900,,No trade signal
2026-09-29T12:08:43.725854+00:00,blocked,AAPLUSDT,hold,autonomous,logged,0,0.00,337.1900,,No trade signal
2026-09-29T12:08:46.112032+00:00,blocked,TSLAUSDT,sell,autonomous,blocked,1,359.30,359.3000,,gemini veto
2026-09-29T12:08:51.054715+00:00,blocked,TSLAUSDT,sell,autonomous,blocked,1,359.10,359.1000,,gemini veto
2026-09-29T12:08:51.0552+00:00,blocked,AAPLUSDT,hold,strategy,logged,0,0.00,337.1600,,No trade signal
2026-09-29T12:08:56.510747+00:00,blocked,TSLAUSDT,hold,strategy,logged,0,0.00,359.2400,,No trade signal
2026-09-29T12:13:43.725732+00:00,blocked,AAPLUSDT,hold,strategy,logged,0,0.00,337.1600,,No trade signal
2026-09-29T12:13:49.581504+00:00,blocked,TSLAUSDT,hold,strategy,logged,0,0.00,359.2600,,No trade signal
2026-09-29T12:13:57.685465+00:00,blocked,AAPLUSDT,hold,autonomous,logged,0,0.00,337.2400,,No trade signal
2026-09-29T12:13:57.685426+00:00,blocked,AAPLUSDT,hold,autonomous,logged,0,0.00,337.2400,,No trade signal
2026-09-29T12:14:02.251824+00:00,blocked,AAPLUSDT,hold,strategy,logged,0,0.00,337.2800,,No trade signal
2026-09-29T12:14:02.251288+00:00,blocked,TSLAUSDT,sell,autonomous,blocked,1,359.26,359.2600,,gemini veto
2026-09-29T12:14:04.996467+00:00,blocked,TSLAUSDT,sell,autonomous,blocked,1,359.10,359.1000,,gemini veto
2026-09-29T12:14:07.552667+00:00,blocked,TSLAUSDT,hold,strategy,logged,0,0.00,359.1000,,No trade signal
2026-09-29T12:18:57.685576+00:00,blocked,AAPLUSDT,hold,strategy,logged,0,0.00,337.1100,,No trade signal
2026-09-29T12:19:02.842155+00:00,blocked,TSLAUSDT,hold,strategy,logged,0,0.00,358.9900,,No trade signal
2026-09-29T12:19:07.609747+00:00,blocked,AAPLUSDT,hold,autonomous,logged,0,0.00,337.1500,,No trade signal
2026-09-29T12:19:12.581858+00:00,blocked,TSLAUSDT,sell,autonomous,blocked,1,358.86,358.8600,,gemini veto
2026-09-29T12:19:12.582949+00:00,blocked,AAPLUSDT,hold,autonomous,logged,0,0.00,337.1500,,No trade signal
2026-09-29T12:19:12.61319+00:00,blocked,AAPLUSDT,hold,strategy,logged,0,0.00,337.1500,,No trade signal
2026-09-29T12:19:16.652127+00:00,blocked,TSLAUSDT,sell,autonomous,blocked,1,358.99,358.9900,,gemini veto
2026-09-29T12:19:17.812533+00:00,blocked,TSLAUSDT,hold,strategy,logged,0,0.00,358.9900,,No trade signal
2026-09-29T12:24:07.609483+00:00,blocked,AAPLUSDT,hold,strategy,logged,0,0.00,337.0000,,No trade signal
2026-09-29T12:24:12.965979+00:00,blocked,TSLAUSDT,hold,strategy,logged,0,0.00,358.8900,,No trade signal
2026-09-29T12:24:17.897059+00:00,blocked,AAPLUSDT,hold,autonomous,logged,0,0.00,337.0000,,No trade signal
2026-09-29T12:24:23.227311+00:00,blocked,TSLAUSDT,sell,autonomous,blocked,1,358.80,358.8000,,gemini veto
2026-09-29T12:24:23.22842+00:00,blocked,AAPLUSDT,hold,strategy,logged,0,0.00,337.0400,,No trade signal
2026-09-29T12:24:23.22839+00:00,blocked,AAPLUSDT,hold,autonomous,logged,0,0.00,337.0400,,No trade signal
2026-09-29T12:24:24.985831+00:00,blocked,TSLAUSDT,sell,autonomous,blocked,1,358.78,358.7800,,gemini veto
2026-09-29T12:24:28.526061+00:00,blocked,TSLAUSDT,hold,strategy,logged,0,0.00,358.7800,,No trade signal
2026-09-29T12:29:17.897215+00:00,blocked,AAPLUSDT,hold,strategy,logged,0,0.00,336.9900,,No trade signal
2026-09-29T12:29:23.947651+00:00,blocked,TSLAUSDT,hold,strategy,logged,0,0.00,358.7900,,No trade signal
2026-09-29T12:29:28.126602+00:00,blocked,AAPLUSDT,hold,autonomous,logged,0,0.00,336.9700,,No trade signal
2026-09-29T12:29:32.728113+00:00,blocked,TSLAUSDT,sell,autonomous,blocked,1,358.79,358.7900,,gemini veto
2026-09-29T12:29:32.729151+00:00,blocked,AAPLUSDT,hold,autonomous,logged,0,0.00,337.0100,,No trade signal
2026-09-29T12:29:32.849585+00:00,blocked,AAPLUSDT,hold,strategy,logged,0,0.00,337.0100,,No trade signal
2026-09-29T12:29:34.577045+00:00,blocked,TSLAUSDT,sell,autonomous,blocked,1,358.79,358.7900,,gemini veto
2026-09-29T12:29:37.836122+00:00,blocked,TSLAUSDT,hold,strategy,logged,0,0.00,358.7900,,No trade signal
2026-09-29T12:34:28.125894+00:00,blocked,AAPLUSDT,hold,strategy,logged,0,0.00,337.0200,,No trade signal
2026-09-29T12:34:34.64287+00:00,blocked,TSLAUSDT,hold,strategy,logged,0,0.00,358.9600,,No trade signal
2026-09-29T12:34:39.726589+00:00,blocked,AAPLUSDT,hold,autonomous,logged,0,0.00,337.0200,,No trade signal
2026-09-29T12:34:39.726504+00:00,blocked,AAPLUSDT,hold,autonomous,logged,0,0.00,337.0200,,No trade signal
2026-09-29T12:34:41.34693+00:00,blocked,TSLAUSDT,sell,autonomous,blocked,1,358.98,358.9800,,gemini veto
2026-09-29T12:34:45.055862+00:00,blocked,AAPLUSDT,hold,strategy,logged,0,0.00,337.0000,,No trade signal
2026-09-29T12:34:45.055428+00:00,blocked,TSLAUSDT,sell,autonomous,blocked,1,358.98,358.9800,,gemini veto
2026-09-29T12:34:48.724597+00:00,blocked,TSLAUSDT,hold,strategy,logged,0,0.00,359.0700,,No trade signal
2026-09-29T12:39:39.726023+00:00,blocked,AAPLUSDT,hold,strategy,logged,0,0.00,337.0700,,No trade signal
2026-09-29T12:39:45.151578+00:00,blocked,TSLAUSDT,hold,strategy,logged,0,0.00,358.8600,,No trade signal
2026-09-29T12:39:49.433+00:00,blocked,AAPLUSDT,hold,autonomous,logged,0,0.00,337.0700,,No trade signal
2026-09-29T12:39:50.911845+00:00,blocked,TSLAUSDT,sell,autonomous,blocked,1,358.87,358.8700,,gemini veto
2026-09-29T12:39:50.927197+00:00,blocked,AAPLUSDT,hold,autonomous,logged,0,0.00,337.0700,,No trade signal
2026-09-29T12:39:56.642942+00:00,blocked,TSLAUSDT,sell,autonomous,blocked,1,358.83,358.8300,,gemini veto
2026-09-29T12:39:56.643307+00:00,blocked,AAPLUSDT,hold,strategy,logged,0,0.00,337.0500,,No trade signal
2026-09-29T12:40:01.609682+00:00,blocked,TSLAUSDT,hold,strategy,logged,0,0.00,358.8900,,No trade signal
2026-09-29T12:44:49.433525+00:00,blocked,AAPLUSDT,hold,strategy,logged,0,0.00,336.8100,,No trade signal
2026-09-29T12:44:54.030115+00:00,blocked,TSLAUSDT,hold,strategy,logged,0,0.00,359.1500,,No trade signal
2026-09-29T12:44:54.127518+00:00,blocked,AAPLUSDT,hold,autonomous,logged,0,0.00,336.8900,,No trade signal
2026-09-29T12:44:59.980938+00:00,blocked,TSLAUSDT,sell,autonomous,blocked,1,359.05,359.0500,,gemini veto
2026-09-29T12:44:59.981553+00:00,blocked,AAPLUSDT,hold,autonomous,logged,0,0.00,337.0000,,No trade signal
2026-09-29T12:45:08.944188+00:00,blocked,TSLAUSDT,sell,autonomous,blocked,1,359.16,359.1600,,gemini veto
2026-09-29T12:45:11.299466+00:00,blocked,AAPLUSDT,hold,strategy,logged,0,0.00,336.9000,,No trade signal
2026-09-29T12:45:14.627127+00:00,blocked,TSLAUSDT,hold,strategy,logged,0,0.00,359.0600,,No trade signal
2026-09-29T12:49:58.726854+00:00,blocked,AAPLUSDT,hold,strategy,logged,0,0.00,336.7900,,No trade signal
2026-09-29T12:50:05.030243+00:00,blocked,TSLAUSDT,hold,strategy,logged,0,0.00,358.9100,,No trade signal
2026-09-29T12:50:05.031314+00:00,blocked,AAPLUSDT,hold,autonomous,logged,0,0.00,336.7700,,No trade signal
2026-09-29T12:50:07.283301+00:00,blocked,TSLAUSDT,sell,autonomous,blocked,1,358.91,358.9100,,gemini veto
2026-09-29T12:50:12.93856+00:00,blocked,AAPLUSDT,hold,autonomous,logged,0,0.00,336.7700,,No trade signal
2026-09-29T12:50:17.69016+00:00,blocked,TSLAUSDT,sell,autonomous,blocked,1,358.96,358.9600,,gemini veto
2026-09-29T12:50:19.024456+00:00,blocked,AAPLUSDT,hold,strategy,logged,0,0.00,336.8300,,No trade signal
2026-09-29T12:50:23.839944+00:00,blocked,TSLAUSDT,hold,strategy,logged,0,0.00,359.1900,,No trade signal
2026-09-29T12:55:11.915628+00:00,blocked,AAPLUSDT,hold,strategy,logged,0,0.00,337.0000,,No trade signal
2026-09-29T12:55:22.934082+00:00,blocked,TSLAUSDT,hold,strategy,logged,0,0.00,359.1200,,No trade signal
2026-09-29T12:55:22.935967+00:00,blocked,AAPLUSDT,hold,autonomous,logged,0,0.00,336.8800,,No trade signal
2026-09-29T12:55:22.935909+00:00,blocked,AAPLUSDT,hold,autonomous,logged,0,0.00,336.8800,,No trade signal
2026-09-29T12:55:27.498885+00:00,blocked,TSLAUSDT,sell,autonomous,blocked,1,359.13,359.1300,,gemini veto
2026-09-29T12:55:27.501264+00:00,blocked,AAPLUSDT,hold,strategy,logged,0,0.00,336.8800,,No trade signal
2026-09-29T12:55:37.806202+00:00,blocked,TSLAUSDT,sell,autonomous,blocked,1,359.08,359.0800,,gemini veto
2026-09-29T12:55:41.512013+00:00,blocked,TSLAUSDT,hold,strategy,logged,0,0.00,359.0800,,No trade signal
2026-09-29T12:57:36.407321+00:00,blocked,AAPLUSDT,hold,strategy,logged,0,0.00,336.7500,,No trade signal
2026-09-29T12:57:36.408604+00:00,blocked,AAPLUSDT,hold,strategy,logged,0,0.00,336.7500,,No trade signal
2026-09-29T12:57:36.409405+00:00,blocked,AAPLUSDT,sell,autonomous,blocked,1,336.75,336.7500,,gemini veto
2026-09-29T12:57:36.410219+00:00,blocked,AAPLUSDT,sell,autonomous,blocked,1,336.75,336.7500,,gemini veto
2026-09-29T12:57:38.706901+00:00,blocked,TSLAUSDT,sell,autonomous,blocked,1,358.80,358.8000,,gemini veto
2026-09-29T12:57:43.713366+00:00,blocked,TSLAUSDT,hold,strategy,logged,0,0.00,358.7500,,No trade signal
2026-09-29T12:57:46.71929+00:00,blocked,TSLAUSDT,hold,strategy,logged,0,0.00,358.8600,,No trade signal
2026-09-29T12:57:47.932297+00:00,blocked,TSLAUSDT,sell,autonomous,blocked,1,358.86,358.8600,,gemini veto
2026-09-29T13:02:49.206206+00:00,blocked,AAPLUSDT,sell,autonomous,blocked,1,336.85,336.8500,,gemini veto
2026-09-29T13:03:02.107164+00:00,blocked,AAPLUSDT,hold,strategy,logged,0,0.00,336.8500,,No trade signal
2026-09-29T13:03:02.107024+00:00,blocked,TSLAUSDT,sell,autonomous,blocked,1,358.60,358.6000,,gemini veto
2026-09-29T13:03:02.200906+00:00,blocked,AAPLUSDT,sell,autonomous,blocked,1,336.85,336.8500,,gemini veto
2026-09-29T13:03:02.200865+00:00,blocked,AAPLUSDT,hold,strategy,logged,0,0.00,336.8500,,No trade signal
2026-09-29T13:03:11.61242+00:00,blocked,TSLAUSDT,hold,strategy,logged,0,0.00,358.6000,,No trade signal
2026-09-29T13:03:13.414404+00:00,blocked,TSLAUSDT,sell,autonomous,blocked,1,358.60,358.6000,,gemini veto
2026-09-29T13:03:19.415052+00:00,blocked,TSLAUSDT,hold,strategy,logged,0,0.00,358.5600,,No trade signal
2026-09-29T13:08:14.810076+00:00,blocked,AAPLUSDT,hold,strategy,logged,0,0.00,337.1000,,No trade signal
2026-09-29T13:08:14.811725+00:00,blocked,AAPLUSDT,hold,strategy,logged,0,0.00,337.1000,,No trade signal
2026-09-29T13:08:14.812582+00:00,blocked,AAPLUSDT,hold,autonomous,logged,0,0.00,337.1000,,No trade signal
2026-09-29T13:08:14.814878+00:00,blocked,AAPLUSDT,hold,autonomous,logged,0,0.00,337.1000,,No trade signal
2026-09-29T13:08:22.382834+00:00,blocked,TSLAUSDT,hold,strategy,logged,0,0.00,358.3800,,No trade signal
2026-09-29T13:08:27.789888+00:00,blocked,TSLAUSDT,sell,autonomous,blocked,1,358.34,358.3400,,gemini veto
2026-09-29T13:08:28.990821+00:00,blocked,TSLAUSDT,hold,strategy,logged,0,0.00,358.3300,,No trade signal
2026-09-29T13:08:30.189382+00:00,blocked,TSLAUSDT,sell,autonomous,blocked,1,358.33,358.3300,,gemini veto
2026-09-29T13:13:37.463227+00:00,blocked,AAPLUSDT,hold,strategy,logged,0,0.00,337.0700,,No trade signal
2026-09-29T13:13:42.677701+00:00,blocked,TSLAUSDT,hold,strategy,logged,0,0.00,358.4700,,No trade signal
2026-09-29T13:13:42.678988+00:00,blocked,AAPLUSDT,hold,strategy,logged,0,0.00,337.0100,,No trade signal
2026-09-29T13:13:42.678908+00:00,blocked,AAPLUSDT,sell,autonomous,blocked,1,337.01,337.0100,,gemini veto
2026-09-29T13:13:42.679026+00:00,blocked,AAPLUSDT,sell,autonomous,blocked,1,337.01,337.0100,,gemini veto
2026-09-29T13:13:45.430039+00:00,blocked,TSLAUSDT,hold,strategy,logged,0,0.00,358.4500,,No trade signal
2026-09-29T13:13:52.478098+00:00,blocked,TSLAUSDT,sell,autonomous,blocked,1,358.43,358.4300,,gemini veto
2026-09-29T13:13:53.806244+00:00,blocked,TSLAUSDT,sell,autonomous,blocked,1,358.49,358.4900,,gemini veto
2026-09-29T13:19:43.587591+00:00,blocked,AAPLUSDT,hold,strategy,logged,0,0.00,336.9000,,No trade signal
2026-09-29T13:19:43.588284+00:00,blocked,AAPLUSDT,hold,strategy,logged,0,0.00,336.9000,,No trade signal
2026-09-29T13:19:43.589831+00:00,blocked,AAPLUSDT,hold,autonomous,logged,0,0.00,336.9000,,No trade signal
2026-09-29T13:19:43.590911+00:00,blocked,AAPLUSDT,hold,autonomous,logged,0,0.00,336.9000,,No trade signal
2026-09-29T13:19:46.033038+00:00,blocked,TSLAUSDT,hold,strategy,logged,0,0.00,358.4800,,No trade signal
2026-09-29T13:19:47.311292+00:00,blocked,TSLAUSDT,sell,autonomous,blocked,1,358.48,358.4800,,gemini veto
2026-09-29T13:19:52.474525+00:00,blocked,TSLAUSDT,hold,strategy,logged,0,0.00,358.5000,,No trade signal
2026-09-29T13:19:58.506199+00:00,blocked,TSLAUSDT,sell,autonomous,blocked,1,357.45,357.4500,,gemini veto
2026-09-29T13:26:08.763406+00:00,blocked,AAPLUSDT,hold,strategy,logged,0,0.00,336.9400,,No trade signal
2026-09-29T13:26:08.764725+00:00,blocked,AAPLUSDT,hold,strategy,logged,0,0.00,336.9400,,No trade signal
2026-09-29T13:26:08.765697+00:00,blocked,AAPLUSDT,hold,autonomous,logged,0,0.00,336.9400,,No trade signal
2026-09-29T13:26:08.766047+00:00,blocked,AAPLUSDT,hold,autonomous,logged,0,0.00,336.9400,,No trade signal
2026-09-29T13:26:14.875959+00:00,blocked,TSLAUSDT,hold,strategy,logged,0,0.00,358.0600,,No trade signal
2026-09-29T13:26:19.988694+00:00,blocked,TSLAUSDT,sell,autonomous,blocked,1,358.02,358.0200,,gemini veto
2026-09-29T13:26:21.212228+00:00,blocked,TSLAUSDT,sell,autonomous,blocked,1,358.02,358.0200,,gemini veto
2026-09-29T13:26:24.815671+00:00,blocked,TSLAUSDT,hold,strategy,logged,0,0.00,358.0500,,No trade signal
2026-09-29T13:31:29.878787+00:00,blocked,AAPLUSDT,hold,strategy,logged,0,0.00,333.4900,,No trade signal
2026-09-29T13:31:38.904682+00:00,blocked,TSLAUSDT,hold,strategy,logged,0,0.00,354.8600,,No trade signal
2026-09-29T13:31:38.906416+00:00,blocked,AAPLUSDT,hold,strategy,logged,0,0.00,332.5800,,No trade signal
2026-09-29T13:31:38.906321+00:00,blocked,AAPLUSDT,sell,autonomous,blocked,1,332.73,332.7300,,gemini veto
2026-09-29T13:31:38.906247+00:00,blocked,AAPLUSDT,sell,autonomous,blocked,1,332.73,332.7300,,gemini veto
2026-09-29T13:31:47.356504+00:00,blocked,TSLAUSDT,sell,autonomous,blocked,1,354.41,354.4100,,gemini veto
2026-09-29T13:31:50.372347+00:00,blocked,TSLAUSDT,sell,autonomous,blocked,1,354.56,354.5600,,gemini veto
2026-09-29T13:31:52.289501+00:00,blocked,TSLAUSDT,hold,strategy,logged,0,0.00,354.5600,,No trade signal
2026-09-29T13:36:57.752896+00:00,blocked,AAPLUSDT,hold,strategy,logged,0,0.00,333.7600,,No trade signal
2026-09-29T13:37:11.761952+00:00,blocked,AAPLUSDT,hold,strategy,logged,0,0.00,334.1900,,No trade signal
2026-09-29T13:37:11.7619+00:00,blocked,AAPLUSDT,sell,autonomous,blocked,1,334.23,334.2300,,gemini veto
2026-09-29T13:37:11.761813+00:00,blocked,AAPLUSDT,sell,autonomous,blocked,1,334.23,334.2300,,gemini veto
2026-09-29T13:37:11.761301+00:00,blocked,TSLAUSDT,hold,strategy,logged,0,0.00,353.1200,,No trade signal
2026-09-29T13:37:15.175407+00:00,blocked,TSLAUSDT,sell,autonomous,blocked,1,353.07,353.0700,,gemini veto
2026-09-29T13:37:16.400836+00:00,blocked,TSLAUSDT,hold,strategy,logged,0,0.00,353.0700,,No trade signal
2026-09-29T13:37:17.692708+00:00,blocked,TSLAUSDT,sell,autonomous,blocked,1,353.10,353.1000,,gemini veto
2026-09-29T13:42:22.978491+00:00,blocked,AAPLUSDT,hold,strategy,logged,0,0.00,332.8600,,No trade signal
2026-09-29T13:42:29.121976+00:00,blocked,AAPLUSDT,sell,autonomous,blocked,1,332.85,332.8500,,gemini veto
2026-09-29T13:42:29.121371+00:00,blocked,TSLAUSDT,hold,strategy,logged,0,0.00,353.0100,,No trade signal
2026-09-29T13:42:29.122008+00:00,blocked,AAPLUSDT,hold,strategy,logged,0,0.00,332.8500,,No trade signal
2026-09-29T13:42:29.182391+00:00,blocked,AAPLUSDT,sell,autonomous,blocked,1,332.85,332.8500,,gemini veto
2026-09-29T13:42:37.736086+00:00,blocked,TSLAUSDT,sell,autonomous,blocked,1,352.81,352.8100,,gemini veto
2026-09-29T13:42:38.986294+00:00,blocked,TSLAUSDT,hold,strategy,logged,0,0.00,352.8100,,No trade signal
2026-09-29T13:42:40.379153+00:00,blocked,TSLAUSDT,sell,autonomous,blocked,1,352.80,352.8000,,gemini veto
2026-09-29T13:47:35.312555+00:00,blocked,AAPLUSDT,hold,strategy,logged,0,0.00,333.3100,,No trade signal
2026-09-29T13:47:40.865503+00:00,blocked,TSLAUSDT,hold,strategy,logged,0,0.00,352.5600,,No trade signal
2026-09-29T13:47:46.198289+00:00,blocked,AAPLUSDT,hold,strategy,logged,0,0.00,333.2200,,No trade signal
2026-09-29T13:47:46.198257+00:00,blocked,AAPLUSDT,sell,autonomous,blocked,1,333.22,333.2200,,gemini veto
2026-09-29T13:47:47.990187+00:00,blocked,TSLAUSDT,sell,autonomous,blocked,1,352.34,352.3400,,gemini veto
2026-09-29T13:47:47.991165+00:00,blocked,AAPLUSDT,sell,autonomous,blocked,1,333.16,333.1600,,gemini veto
2026-09-29T13:47:50.392863+00:00,blocked,TSLAUSDT,hold,strategy,logged,0,0.00,352.2900,,No trade signal
2026-09-29T13:47:52.497257+00:00,blocked,TSLAUSDT,sell,autonomous,blocked,1,352.37,352.3700,,gemini veto
2026-09-29T13:52:46.198852+00:00,blocked,AAPLUSDT,hold,strategy,logged,0,0.00,333.0400,,No trade signal
2026-09-29T13:52:52.89459+00:00,blocked,TSLAUSDT,hold,strategy,logged,0,0.00,352.8800,,No trade signal
2026-09-29T13:52:58.582246+00:00,blocked,AAPLUSDT,hold,strategy,logged,0,0.00,333.1600,,No trade signal
2026-09-29T13:52:58.582114+00:00,blocked,AAPLUSDT,sell,autonomous,blocked,1,333.18,333.1800,,gemini veto
2026-09-29T13:52:58.585052+00:00,blocked,AAPLUSDT,sell,autonomous,blocked,1,333.18,333.1800,,gemini veto
2026-09-29T13:53:00.794186+00:00,blocked,TSLAUSDT,sell,autonomous,blocked,1,352.67,352.6700,,gemini veto
2026-09-29T13:53:04.289095+00:00,blocked,TSLAUSDT,hold,strategy,logged,0,0.00,352.6100,,No trade signal
2026-09-29T13:53:05.694894+00:00,blocked,TSLAUSDT,sell,autonomous,blocked,1,352.64,352.6400,,gemini veto
2026-09-29T13:57:58.581962+00:00,blocked,AAPLUSDT,hold,strategy,logged,0,0.00,333.2100,,No trade signal
2026-09-29T13:58:06.307355+00:00,blocked,TSLAUSDT,hold,strategy,logged,0,0.00,352.8000,,No trade signal
2026-09-29T13:58:11.979449+00:00,blocked,AAPLUSDT,sell,autonomous,blocked,1,333.14,333.1400,,gemini veto
2026-09-29T13:58:11.979424+00:00,blocked,AAPLUSDT,hold,strategy,logged,0,0.00,333.1400,,No trade signal
2026-09-29T13:58:11.979245+00:00,blocked,AAPLUSDT,sell,autonomous,blocked,1,333.14,333.1400,,gemini veto
2026-09-29T13:58:14.969918+00:00,blocked,TSLAUSDT,sell,autonomous,blocked,1,352.67,352.6700,,gemini veto
2026-09-29T13:58:18.589373+00:00,blocked,TSLAUSDT,hold,strategy,logged,0,0.00,352.6400,,No trade signal
2026-09-29T13:58:19.907849+00:00,blocked,TSLAUSDT,sell,autonomous,blocked,1,352.66,352.6600,,gemini veto
2026-09-29T14:03:11.979025+00:00,blocked,AAPLUSDT,hold,strategy,logged,0,0.00,333.0500,,No trade signal
2026-09-29T14:03:18.88566+00:00,blocked,TSLAUSDT,hold,strategy,logged,0,0.00,352.8700,,No trade signal
2026-09-29T14:03:24.915368+00:00,blocked,AAPLUSDT,hold,strategy,logged,0,0.00,333.0000,,No trade signal
2026-09-29T14:03:24.91524+00:00,blocked,AAPLUSDT,sell,autonomous,blocked,1,333.00,333.0000,,gemini veto
2026-09-29T14:03:26.872445+00:00,blocked,AAPLUSDT,sell,autonomous,blocked,1,333.05,333.0500,,gemini veto
2026-09-29T14:03:26.872015+00:00,blocked,TSLAUSDT,hold,strategy,logged,0,0.00,352.8700,,No trade signal
2026-09-29T14:03:28.196041+00:00,blocked,TSLAUSDT,sell,autonomous,blocked,1,353.07,353.0700,,gemini veto
2026-09-29T14:03:31.473842+00:00,blocked,TSLAUSDT,sell,autonomous,blocked,1,353.00,353.0000,,gemini veto
2026-09-29T14:08:24.916745+00:00,blocked,AAPLUSDT,hold,strategy,logged,0,0.00,333.1000,,No trade signal
2026-09-29T14:08:31.752927+00:00,blocked,TSLAUSDT,hold,strategy,logged,0,0.00,354.0700,,No trade signal
2026-09-29T14:08:37.693359+00:00,blocked,AAPLUSDT,sell,autonomous,blocked,1,333.18,333.1800,,gemini veto
2026-09-29T14:08:37.693236+00:00,blocked,AAPLUSDT,hold,strategy,logged,0,0.00,333.1800,,No trade signal
2026-09-29T14:08:39.814669+00:00,blocked,AAPLUSDT,sell,autonomous,blocked,1,333.22,333.2200,,gemini veto
2026-09-29T14:08:39.814192+00:00,blocked,TSLAUSDT,hold,strategy,logged,0,0.00,354.2300,,No trade signal
2026-09-29T14:08:43.393335+00:00,blocked,TSLAUSDT,sell,autonomous,blocked,1,354.03,354.0300,,gemini veto
2026-09-29T14:08:46.103936+00:00,blocked,TSLAUSDT,sell,autonomous,blocked,1,354.17,354.1700,,gemini veto
2026-09-29T14:13:37.692057+00:00,blocked,AAPLUSDT,hold,strategy,logged,0,0.00,333.2200,,No trade signal
2026-09-29T14:13:44.895503+00:00,blocked,TSLAUSDT,hold,strategy,logged,0,0.00,354.6000,,No trade signal
2026-09-29T14:13:44.896264+00:00,blocked,AAPLUSDT,hold,strategy,logged,0,0.00,333.2500,,No trade signal
2026-09-29T14:13:50.984918+00:00,blocked,AAPLUSDT,sell,autonomous,blocked,1,333.24,333.2400,,gemini veto
2026-09-29T14:13:50.984884+00:00,blocked,AAPLUSDT,sell,autonomous,blocked,1,333.24,333.2400,,gemini veto
2026-09-29T14:13:52.59559+00:00,blocked,TSLAUSDT,hold,strategy,logged,0,0.00,354.4100,,No trade signal
2026-09-29T14:13:53.885863+00:00,blocked,TSLAUSDT,sell,autonomous,blocked,1,354.39,354.3900,,gemini veto
2026-09-29T14:13:56.982938+00:00,blocked,TSLAUSDT,sell,autonomous,blocked,1,354.56,354.5600,,gemini veto
2026-09-29T14:18:50.984169+00:00,blocked,AAPLUSDT,hold,strategy,logged,0,0.00,332.9000,,No trade signal
2026-09-29T14:18:57.448045+00:00,blocked,TSLAUSDT,hold,strategy,logged,0,0.00,354.7200,,No trade signal
2026-09-29T14:19:02.502872+00:00,blocked,AAPLUSDT,sell,autonomous,blocked,1,332.83,332.8300,,gemini veto
2026-09-29T14:19:02.502723+00:00,blocked,AAPLUSDT,hold,strategy,logged,0,0.00,332.8500,,No trade signal
2026-09-29T14:19:04.309357+00:00,blocked,TSLAUSDT,hold,strategy,logged,0,0.00,354.6300,,No trade signal
2026-09-29T14:19:05.80657+00:00,blocked,TSLAUSDT,sell,autonomous,blocked,1,354.74,354.7400,,gemini veto
2026-09-29T14:19:09.401303+00:00,blocked,AAPLUSDT,sell,autonomous,blocked,1,332.80,332.8000,,gemini veto
2026-09-29T14:19:11.977994+00:00,blocked,TSLAUSDT,sell,autonomous,blocked,1,354.85,354.8500,,gemini veto
2026-09-29T14:24:02.502187+00:00,blocked,AAPLUSDT,hold,strategy,logged,0,0.00,332.5700,,No trade signal
2026-09-29T14:24:08.796941+00:00,blocked,TSLAUSDT,hold,strategy,logged,0,0.00,354.9500,,No trade signal
2026-09-29T14:24:08.798944+00:00,blocked,AAPLUSDT,hold,strategy,logged,0,0.00,332.5400,,No trade signal
2026-09-29T14:24:14.712416+00:00,blocked,AAPLUSDT,sell,autonomous,blocked,1,332.50,332.5000,,gemini veto
2026-09-29T14:24:14.712267+00:00,blocked,AAPLUSDT,sell,autonomous,blocked,1,332.50,332.5000,,gemini veto
2026-09-29T14:24:16.343081+00:00,blocked,TSLAUSDT,hold,strategy,logged,0,0.00,355.0000,,No trade signal
2026-09-29T14:24:18.106215+00:00,blocked,TSLAUSDT,sell,autonomous,blocked,1,354.93,354.9300,,gemini veto
2026-09-29T14:24:20.754613+00:00,blocked,TSLAUSDT,sell,autonomous,blocked,1,354.92,354.9200,,gemini veto
2026-09-29T14:29:14.712623+00:00,blocked,AAPLUSDT,hold,strategy,logged,0,0.00,332.0600,,No trade signal
2026-09-29T14:29:21.412152+00:00,blocked,TSLAUSDT,hold,strategy,logged,0,0.00,354.4800,,No trade signal
2026-09-29T14:29:27.3603+00:00,blocked,AAPLUSDT,sell,autonomous,blocked,1,332.07,332.0700,,gemini veto
2026-09-29T14:29:27.360237+00:00,blocked,AAPLUSDT,sell,autonomous,blocked,1,332.07,332.0700,,gemini veto
2026-09-29T14:29:27.360132+00:00,blocked,AAPLUSDT,hold,strategy,logged,0,0.00,332.0700,,No trade signal
2026-09-29T14:29:30.257693+00:00,blocked,TSLAUSDT,sell,autonomous,blocked,1,354.59,354.5900,,gemini veto
2026-09-29T14:29:31.472422+00:00,blocked,TSLAUSDT,sell,autonomous,blocked,1,354.54,354.5400,,gemini veto
2026-09-29T14:29:32.75688+00:00,blocked,TSLAUSDT,hold,strategy,logged,0,0.00,354.5300,,No trade signal
2026-09-29T14:34:27.360725+00:00,blocked,AAPLUSDT,hold,strategy,logged,0,0.00,332.0800,,No trade signal
2026-09-29T14:34:34.19114+00:00,blocked,TSLAUSDT,hold,strategy,logged,0,0.00,355.5200,,No trade signal
2026-09-29T14:34:40.387373+00:00,blocked,AAPLUSDT,hold,strategy,logged,0,0.00,332.1300,,No trade signal
2026-09-29T14:34:40.38734+00:00,blocked,AAPLUSDT,sell,autonomous,blocked,1,332.11,332.1100,,gemini veto
2026-09-29T14:34:40.387296+00:00,blocked,AAPLUSDT,sell,autonomous,blocked,1,332.11,332.1100,,gemini veto
2026-09-29T14:34:42.702577+00:00,blocked,TSLAUSDT,sell,autonomous,blocked,1,355.37,355.3700,,gemini veto
2026-09-29T14:34:44.996927+00:00,blocked,TSLAUSDT,sell,autonomous,blocked,1,355.36,355.3600,,gemini veto
2026-09-29T14:34:47.283127+00:00,blocked,TSLAUSDT,hold,strategy,logged,0,0.00,355.3600,,No trade signal
2026-09-29T14:39:40.387441+00:00,blocked,AAPLUSDT,hold,strategy,logged,0,0.00,332.1500,,No trade signal
2026-09-29T14:39:46.501599+00:00,blocked,TSLAUSDT,hold,strategy,logged,0,0.00,354.7600,,No trade signal
2026-09-29T14:39:51.979466+00:00,blocked,AAPLUSDT,sell,autonomous,blocked,1,332.13,332.1300,,gemini veto
2026-09-29T14:39:51.979312+00:00,blocked,AAPLUSDT,sell,autonomous,blocked,1,332.13,332.1300,,gemini veto
2026-09-29T14:39:53.904522+00:00,blocked,TSLAUSDT,sell,autonomous,blocked,1,354.76,354.7600,,gemini veto
2026-09-29T14:39:53.906149+00:00,blocked,AAPLUSDT,hold,strategy,logged,0,0.00,332.1300,,No trade signal
2026-09-29T14:39:57.377451+00:00,blocked,TSLAUSDT,sell,autonomous,blocked,1,354.80,354.8000,,gemini veto
2026-09-29T14:39:58.573294+00:00,blocked,TSLAUSDT,hold,strategy,logged,0,0.00,354.7100,,No trade signal
2026-09-29T14:44:51.978963+00:00,blocked,AAPLUSDT,hold,strategy,logged,0,0.00,331.9600,,No trade signal
2026-09-29T14:44:58.324209+00:00,blocked,TSLAUSDT,hold,strategy,logged,0,0.00,355.0100,,No trade signal
2026-09-29T14:45:04.322743+00:00,blocked,AAPLUSDT,sell,autonomous,blocked,1,331.97,331.9700,,gemini veto
2026-09-29T14:45:04.322583+00:00,blocked,AAPLUSDT,sell,autonomous,blocked,1,331.97,331.9700,,gemini veto
2026-09-29T14:45:06.125304+00:00,blocked,AAPLUSDT,hold,strategy,logged,0,0.00,331.9700,,No trade signal
2026-09-29T14:45:08.907235+00:00,blocked,TSLAUSDT,sell,autonomous,logged,1,355.03,355.0300,,
2026-09-29T14:45:10.446497+00:00,blocked,TSLAUSDT,sell,autonomous,blocked,1,355.04,355.0400,,gemini veto
2026-09-29T14:45:11.816374+00:00,blocked,TSLAUSDT,hold,strategy,logged,0,0.00,355.0500,,No trade signal
2026-09-29T14:50:04.322326+00:00,blocked,AAPLUSDT,hold,strategy,logged,0,0.00,331.9400,,No trade signal
2026-09-29T14:50:11.093344+00:00,blocked,TSLAUSDT,hold,strategy,logged,0,0.00,354.3900,,No trade signal
2026-09-29T14:50:20.605668+00:00,blocked,AAPLUSDT,sell,autonomous,blocked,1,332.04,332.0400,,gemini veto
2026-09-29T14:50:22.356224+00:00,blocked,TSLAUSDT,sell,autonomous,blocked,1,354.41,354.4100,,gemini veto
2026-09-29T14:50:22.390517+00:00,blocked,AAPLUSDT,hold,strategy,logged,0,0.00,332.0300,,No trade signal
2026-09-29T14:50:25.64252+00:00,blocked,TSLAUSDT,hold,strategy,logged,0,0.00,354.4400,,No trade signal
2026-09-29T14:50:25.680894+00:00,blocked,AAPLUSDT,sell,autonomous,blocked,1,332.02,332.0200,,gemini veto
2026-09-29T14:50:28.687355+00:00,blocked,TSLAUSDT,sell,autonomous,blocked,1,354.43,354.4300,,gemini veto
2026-09-29T14:55:15.707068+00:00,blocked,AAPLUSDT,hold,strategy,logged,0,0.00,332.6000,,No trade signal
2026-09-29T14:55:22.487438+00:00,blocked,TSLAUSDT,hold,strategy,logged,0,0.00,354.7300,,No trade signal
2026-09-29T14:55:27.98246+00:00,blocked,AAPLUSDT,hold,strategy,logged,0,0.00,332.6800,,No trade signal
2026-09-29T14:55:27.98238+00:00,blocked,AAPLUSDT,sell,autonomous,blocked,1,332.68,332.6800,,gemini veto
2026-09-29T14:55:31.174708+00:00,blocked,TSLAUSDT,hold,strategy,logged,0,0.00,354.7500,,No trade signal
2026-09-29T14:55:32.480026+00:00,blocked,TSLAUSDT,sell,autonomous,blocked,1,354.72,354.7200,,gemini veto
2026-09-29T14:55:33.67023+00:00,blocked,AAPLUSDT,sell,autonomous,blocked,1,332.66,332.6600,,gemini veto
2026-09-29T14:55:38.733687+00:00,blocked,TSLAUSDT,sell,autonomous,blocked,1,354.69,354.6900,,gemini veto
2026-09-29T15:00:27.982835+00:00,blocked,AAPLUSDT,hold,strategy,logged,0,0.00,332.3700,,No trade signal
2026-09-29T15:00:34.861831+00:00,blocked,TSLAUSDT,hold,strategy,logged,0,0.00,354.0500,,No trade signal
2026-09-29T15:00:36.492471+00:00,blocked,AAPLUSDT,hold,strategy,logged,0,0.00,332.3100,,No trade signal
2026-09-29T15:00:42.535947+00:00,blocked,AAPLUSDT,sell,autonomous,blocked,1,332.28,332.2800,,gemini veto
2026-09-29T15:00:42.535869+00:00,blocked,AAPLUSDT,sell,autonomous,blocked,1,332.28,332.2800,,gemini veto
2026-09-29T15:00:45.586215+00:00,blocked,TSLAUSDT,hold,strategy,logged,0,0.00,354.0000,,No trade signal
2026-09-29T15:00:48.191888+00:00,blocked,TSLAUSDT,sell,autonomous,blocked,1,354.00,354.0000,,gemini veto
2026-09-29T15:00:49.576266+00:00,blocked,TSLAUSDT,sell,autonomous,blocked,1,354.03,354.0300,,gemini veto
2026-09-29T15:05:41.549636+00:00,blocked,AAPLUSDT,hold,strategy,logged,0,0.00,332.0500,,No trade signal
2026-09-29T15:05:47.493727+00:00,blocked,TSLAUSDT,hold,strategy,logged,0,0.00,354.2100,,No trade signal
2026-09-29T15:05:53.396179+00:00,blocked,AAPLUSDT,sell,autonomous,blocked,1,332.09,332.0900,,gemini veto
2026-09-29T15:05:53.396086+00:00,blocked,AAPLUSDT,hold,strategy,logged,0,0.00,332.0900,,No trade signal
2026-09-29T15:05:55.798221+00:00,blocked,AAPLUSDT,sell,autonomous,blocked,1,332.10,332.1000,,gemini veto
2026-09-29T15:05:57.201158+00:00,blocked,TSLAUSDT,sell,autonomous,blocked,1,354.20,354.2000,,gemini veto
2026-09-29T15:05:58.400047+00:00,blocked,TSLAUSDT,hold,strategy,logged,0,0.00,354.1700,,No trade signal
2026-09-29T15:06:01.19456+00:00,blocked,TSLAUSDT,sell,autonomous,blocked,1,354.17,354.1700,,gemini veto
2026-09-29T15:10:53.396396+00:00,blocked,AAPLUSDT,hold,strategy,logged,0,0.00,331.9400,,No trade signal
2026-09-29T15:10:59.095211+00:00,blocked,TSLAUSDT,hold,strategy,logged,0,0.00,354.0400,,No trade signal
2026-09-29T15:11:04.495495+00:00,blocked,AAPLUSDT,sell,autonomous,blocked,1,331.94,331.9400,,gemini veto
2026-09-29T15:11:06.400379+00:00,blocked,TSLAUSDT,sell,autonomous,blocked,1,354.06,354.0600,,gemini veto
2026-09-29T15:11:06.401559+00:00,blocked,AAPLUSDT,hold,strategy,logged,0,0.00,331.9400,,No trade signal
2026-09-29T15:11:08.753997+00:00,blocked,AAPLUSDT,sell,autonomous,blocked,1,331.81,331.8100,,gemini veto
2026-09-29T15:11:10.299102+00:00,blocked,TSLAUSDT,hold,strategy,logged,0,0.00,353.9900,,No trade signal
2026-09-29T15:11:13.982417+00:00,blocked,TSLAUSDT,sell,autonomous,blocked,1,354.02,354.0200,,gemini veto
2026-09-29T15:16:04.558239+00:00,blocked,AAPLUSDT,hold,strategy,logged,0,0.00,332.4800,,No trade signal
2026-09-29T15:16:12.301824+00:00,blocked,TSLAUSDT,hold,strategy,logged,0,0.00,354.2500,,No trade signal
2026-09-29T15:16:12.30312+00:00,blocked,AAPLUSDT,sell,autonomous,blocked,1,332.46,332.4600,,gemini veto
2026-09-29T15:16:17.297857+00:00,blocked,AAPLUSDT,hold,strategy,logged,0,0.00,332.4600,,No trade signal
2026-09-29T15:16:18.901383+00:00,blocked,TSLAUSDT,sell,autonomous,blocked,1,354.25,354.2500,,gemini veto
2026-09-29T15:16:18.902147+00:00,blocked,AAPLUSDT,sell,autonomous,blocked,1,332.44,332.4400,,gemini veto
2026-09-29T15:16:22.591467+00:00,blocked,TSLAUSDT,hold,strategy,logged,0,0.00,354.1200,,No trade signal
2026-09-29T15:16:25.234547+00:00,blocked,TSLAUSDT,sell,autonomous,blocked,1,354.12,354.1200,,gemini veto
2026-09-29T15:21:17.297025+00:00,blocked,AAPLUSDT,hold,strategy,logged,0,0.00,331.8400,,No trade signal
2026-09-29T15:21:23.223471+00:00,blocked,TSLAUSDT,hold,strategy,logged,0,0.00,353.7400,,No trade signal
2026-09-29T15:21:28.075576+00:00,blocked,AAPLUSDT,sell,autonomous,blocked,1,331.90,331.9000,,gemini veto
2026-09-29T15:21:29.575911+00:00,blocked,AAPLUSDT,hold,strategy,logged,0,0.00,331.9100,,No trade signal
2026-09-29T15:21:31.999952+00:00,blocked,TSLAUSDT,sell,autonomous,blocked,1,353.83,353.8300,,gemini veto
2026-09-29T15:21:32.000469+00:00,blocked,AAPLUSDT,sell,autonomous,blocked,1,331.90,331.9000,,gemini veto
2026-09-29T15:21:34.584416+00:00,blocked,TSLAUSDT,hold,strategy,logged,0,0.00,353.8500,,No trade signal
2026-09-29T15:21:38.365311+00:00,blocked,TSLAUSDT,sell,autonomous,blocked,1,353.85,353.8500,,gemini veto