timestamp,event_type,symbol,action,mode,status,units,position_size_usd,price,pnl,details
2026-09-10T18:52:49.646000+00:00,position_opened,AAPLUSDT,buy,autonomous,submitted,,325.61,325.6100,,Encrypted intent submitted · 42684115…
2026-09-10T18:52:50.965000+00:00,position_opened,TSLAUSDT,sell,autonomous,submitted,,366.42,366.4200,,Encrypted intent submitted · e0f85c4e…
2026-09-10T18:57:53.478000+00:00,position_opened,AAPLUSDT,buy,autonomous,submitted,,325.43,325.4300,,Encrypted intent submitted · 8f9748b4…
2026-09-10T18:57:54.813000+00:00,position_opened,TSLAUSDT,sell,autonomous,submitted,,366.54,366.5400,,Encrypted intent submitted · cf97bbb4…
2026-09-10T18:59:32.776000+00:00,position_opened,AAPLUSDT,buy,autonomous,submitted,,325.46,325.4600,,Encrypted intent submitted · 6c41c504…
2026-09-10T18:59:33.848000+00:00,position_opened,TSLAUSDT,sell,autonomous,submitted,,366.42,366.4200,,Encrypted intent submitted · dcee14c7…
2026-09-10T19:04:36.096000+00:00,position_opened,AAPLUSDT,buy,autonomous,submitted,,325.34,325.3400,,Encrypted intent submitted · 66cbadc0…
2026-09-10T19:04:36.867000+00:00,position_opened,TSLAUSDT,sell,autonomous,submitted,,366.04,366.0400,,Encrypted intent submitted · 85c6b939…
2026-09-10T19:08:11.875000+00:00,position_opened,AAPLUSDT,buy,autonomous,submitted,,325.37,325.3700,,Encrypted intent submitted · 0c9ab53d…
2026-09-10T19:08:13.280000+00:00,position_opened,TSLAUSDT,sell,autonomous,submitted,,365.77,365.7700,,Encrypted intent submitted · 3c1aaa59…
2026-09-10T21:43:41.781000+00:00,position_closed,AAPLUSDT,close,autonomous,closed,,323.84,326.1400,0.53,Position closed
2026-09-10T21:43:51.823000+00:00,position_closed,TSLAUSDT,close,autonomous,closed,,363.81,363.9200,2.50,Position closed
2026-09-10T21:49:50.946000+00:00,position_opened,AAPLUSDT,buy,autonomous,submitted,1,326.29,326.2900,,Encrypted intent submitted · 952411eb…
2026-09-10T21:49:52.262000+00:00,position_opened,TSLAUSDT,sell,autonomous,submitted,1,363.85,363.8500,,Encrypted intent submitted · 163402d1…
2026-09-10T21:51:46.365000+00:00,position_closed,AAPLUSDT,close,autonomous,closed,,324.02,326.2900,0.85,Position closed
2026-09-10T21:51:53.036000+00:00,position_closed,TSLAUSDT,close,autonomous,closed,,363.81,363.8500,2.69,Position closed
2026-09-10T21:54:54.217000+00:00,position_opened,AAPLUSDT,buy,autonomous,submitted,1,326.31,326.3100,,Encrypted intent submitted · 9ff1dfc6…
2026-09-10T21:54:55.752000+00:00,position_opened,TSLAUSDT,sell,autonomous,submitted,1,363.91,363.9100,,Encrypted intent submitted · c8aef2ba…
2026-09-10T22:05:17.681000+00:00,position_closed,AAPLUSDT,close,autonomous,closed,,324.07,326.4700,1.00,Position closed
2026-09-10T22:05:20.636000+00:00,position_closed,TSLAUSDT,close,autonomous,closed,,363.88,364.0000,2.42,Position closed
2026-09-10T22:06:46.197000+00:00,position_opened,AAPLUSDT,buy,autonomous,submitted,1,326.48,326.4800,,Encrypted intent submitted · 38a484c2…
2026-09-10T22:06:47.783000+00:00,position_opened,TSLAUSDT,sell,autonomous,submitted,1,363.95,363.9500,,Encrypted intent submitted · f7c497d5…
2026-09-10T22:24:15.463000+00:00,position_closed,AAPLUSDT,close,autonomous,closed,1,324.09,324.0900,1.26,Position closed
2026-09-10T22:24:31.622000+00:00,position_closed,TSLAUSDT,close,autonomous,closed,1,363.87,363.8700,2.09,Position closed
2026-09-10T22:26:28.127000+00:00,position_opened,AAPLUSDT,buy,autonomous,submitted,1,326.39,326.3900,,Encrypted intent submitted · a4dc8b1c…
2026-09-10T22:26:29.662000+00:00,position_opened,TSLAUSDT,sell,autonomous,submitted,1,363.96,363.9600,,Encrypted intent submitted · a2b06594…
2026-09-10T23:24:28.435000+00:00,position_closed,AAPLUSDT,close,autonomous,closed,2,647.60,323.8000,0.28,Position closed
2026-09-10T23:27:20.727000+00:00,position_opened,AAPLUSDT,buy,autonomous,submitted,1,325.93,325.9300,,Encrypted intent submitted · f07b9f3b…
2026-09-10T23:29:42.667000+00:00,position_closed,TSLAUSDT,close,autonomous,closed,1,363.54,363.5400,2.15,Position closed
2026-09-10T23:30:14.019000+00:00,position_closed,AAPLUSDT,close,autonomous,closed,1,323.75,323.7500,-0.39,Position closed
2026-09-10T23:31:33.406000+00:00,position_closed,AAPLUSDT,close,autonomous,closed,1,323.72,323.7200,-0.63,Position closed
2026-09-10T23:39:17.417000+00:00,position_opened,AAPLUSDT,sell,autonomous,submitted,1,325.87,325.8700,,Encrypted intent submitted · df94e9fd…
2026-09-10T23:42:30.506000+00:00,position_closed,AAPLUSDT,close,autonomous,closed,1,323.77,323.7700,0.02,Position closed
2026-09-10T23:45:16.884000+00:00,position_closed,AAPLUSDT,close,autonomous,closed,1,323.79,323.7900,-0.47,Position closed
2026-09-11T12:48:32.233000+00:00,position_opened,AAPLUSDT,sell,autonomous,submitted,1,326.36,326.3600,,Encrypted intent submitted · 44c4ffa1…
2026-09-11T12:53:37.471000+00:00,position_opened,TSLAUSDT,sell,autonomous,submitted,1,364.33,364.3300,,Encrypted intent submitted · 44201221…
2026-09-16T09:34:41.060138+00:00,blocked,AAPLUSDT,buy,autonomous,risk_rejected,1,331.55,,,
2026-09-16T09:34:42.002197+00:00,blocked,TSLAUSDT,buy,autonomous,risk_rejected,1,357.62,,,
2026-09-16T09:39:43.905501+00:00,blocked,AAPLUSDT,buy,autonomous,risk_rejected,1,331.33,,,
2026-09-16T09:39:44.811138+00:00,blocked,TSLAUSDT,sell,autonomous,risk_rejected,1,357.67,,,
2026-09-16T09:44:46.455747+00:00,blocked,AAPLUSDT,buy,autonomous,risk_rejected,1,331.44,,,
2026-09-16T09:44:47.043053+00:00,blocked,TSLAUSDT,sell,autonomous,risk_rejected,1,357.85,,,
2026-09-16T09:49:49.230611+00:00,blocked,AAPLUSDT,buy,autonomous,risk_rejected,1,331.44,,,
2026-09-16T09:49:49.85446+00:00,blocked,TSLAUSDT,sell,autonomous,risk_rejected,1,357.58,,,
2026-09-16T09:54:51.410084+00:00,blocked,AAPLUSDT,buy,autonomous,risk_rejected,1,331.13,,,
2026-09-16T09:54:52.194139+00:00,blocked,TSLAUSDT,sell,autonomous,risk_rejected,1,357.80,,,
2026-09-16T09:59:54.145022+00:00,blocked,AAPLUSDT,buy,autonomous,risk_rejected,1,331.25,,,
2026-09-16T09:59:54.764077+00:00,blocked,TSLAUSDT,sell,autonomous,risk_rejected,1,357.86,,,
2026-09-16T10:59:22.334845+00:00,blocked,AAPLUSDT,buy,autonomous,risk_rejected,100,33165.00,,,Max position size exceeded ($33,165.00 > $25,000.00); Max leverage exceeded (7x > 5x)
2026-09-16T11:04:24.732307+00:00,blocked,AAPLUSDT,buy,autonomous,risk_rejected,100,33178.00,,,Max position size exceeded ($33,178.00 > $25,000.00); Max leverage exceeded (7x > 5x)
2026-09-16T11:09:27.534012+00:00,blocked,AAPLUSDT,buy,autonomous,risk_rejected,100,33172.00,,,Max position size exceeded ($33,172.00 > $25,000.00); Max leverage exceeded (7x > 5x)
2026-09-16T11:19:31.982071+00:00,blocked,AAPLUSDT,buy,autonomous,risk_rejected,100,33190.00,,,Max position size exceeded ($33,190.00 > $25,000.00)
2026-09-22T15:43:28.782+00:00,position_closed,AAPLUSDT,close,autonomous,closed,1,342.95,342.9500,,Position closed
2026-09-22T15:43:31.319+00:00,position_closed,TSLAUSDT,close,autonomous,closed,1,376.33,376.3300,,Position closed
2026-09-22T15:48:33.129+00:00,position_opened,AAPLUSDT,buy,autonomous,submitted,1,343.23,343.2300,,
2026-09-22T15:48:34.824+00:00,position_opened,TSLAUSDT,buy,autonomous,submitted,1,376.25,376.2500,,
2026-09-22T15:53:36.895+00:00,position_opened,AAPLUSDT,buy,autonomous,submitted,1,342.54,342.5400,,
2026-09-22T15:53:38.996+00:00,position_opened,TSLAUSDT,buy,autonomous,submitted,1,376.43,376.4300,,
2026-09-22T15:58:40.574+00:00,position_opened,AAPLUSDT,buy,autonomous,submitted,1,342.36,342.3600,,
2026-09-22T15:58:42.652+00:00,position_opened,TSLAUSDT,buy,autonomous,submitted,1,376.80,376.8000,,
2026-09-22T16:03:44.249+00:00,position_opened,AAPLUSDT,buy,autonomous,submitted,1,342.42,342.4200,,
2026-09-22T16:03:46.393+00:00,position_opened,TSLAUSDT,buy,autonomous,submitted,1,376.94,376.9400,,
2026-09-22T16:08:48.018+00:00,position_opened,AAPLUSDT,buy,autonomous,submitted,1,342.45,342.4500,,
2026-09-22T16:08:49.717+00:00,position_opened,TSLAUSDT,buy,autonomous,submitted,1,377.15,377.1500,,
2026-09-22T16:13:51.241+00:00,position_opened,AAPLUSDT,buy,autonomous,submitted,1,342.37,342.3700,,
2026-09-22T16:13:53.654+00:00,position_opened,TSLAUSDT,buy,autonomous,submitted,1,377.01,377.0100,,
2026-09-22T16:18:55.196+00:00,position_opened,AAPLUSDT,buy,autonomous,submitted,1,342.61,342.6100,,
2026-09-22T17:57:12.26+00:00,position_opened,AAPLUSDT,buy,autonomous,submitted,1,340.75,340.7500,,
2026-09-22T17:57:13.738+00:00,position_opened,TSLAUSDT,buy,autonomous,submitted,1,379.16,379.1600,,
2026-09-22T18:02:15.235+00:00,position_opened,AAPLUSDT,buy,autonomous,submitted,1,340.70,340.7000,,
2026-09-22T18:02:17.559+00:00,position_opened,TSLAUSDT,buy,autonomous,submitted,1,378.81,378.8100,,
2026-09-22T18:29:55.515+00:00,position_opened,AAPLUSDT,buy,autonomous,submitted,1,341.06,341.0600,,
2026-09-22T18:29:57.042+00:00,position_opened,TSLAUSDT,buy,autonomous,submitted,1,379.27,379.2700,,
2026-09-22T18:34:58.831+00:00,position_opened,AAPLUSDT,buy,autonomous,submitted,1,341.25,341.2500,,
2026-09-22T18:35:00.874+00:00,position_opened,TSLAUSDT,buy,autonomous,submitted,1,379.13,379.1300,,
2026-09-22T18:39:17.536+00:00,position_opened,AAPLUSDT,buy,autonomous,submitted,1,341.23,341.2300,,
2026-09-22T18:39:19.031+00:00,position_opened,TSLAUSDT,buy,autonomous,submitted,1,379.21,379.2100,,
2026-09-22T18:44:20.828+00:00,position_opened,AAPLUSDT,buy,autonomous,submitted,1,341.47,341.4700,,
2026-09-22T18:44:22.327+00:00,position_opened,TSLAUSDT,buy,autonomous,submitted,1,379.34,379.3400,,
2026-09-22T19:55:03.895000+00:00,position_closed,AAPLUSDT,close,strategy,closed,15,5098.79,339.9193,13.80,Position closed
2026-09-22T19:55:06.117000+00:00,position_opened,TSLAUSDT,buy,strategy,submitted,1,379.52,379.5200,,Encrypted intent submitted · 239f8ae3…
2026-09-22T19:56:10.383000+00:00,position_opened,AAPLUSDT,buy,strategy,submitted,1,339.73,339.7300,,Encrypted intent submitted · 715b8b36…
2026-09-22T19:56:11.989000+00:00,position_opened,TSLAUSDT,buy,strategy,submitted,1,379.47,379.4700,,Encrypted intent submitted · 2553195b…
2026-09-22T20:01:14.350000+00:00,position_opened,AAPLUSDT,buy,strategy,submitted,1,339.94,339.9400,,Encrypted intent submitted · 55014868…
2026-09-22T20:01:16.392000+00:00,position_opened,TSLAUSDT,buy,strategy,submitted,1,378.87,378.8700,,Encrypted intent submitted · a1992ec8…
2026-09-22T20:02:48.800000+00:00,position_opened,AAPLUSDT,buy,strategy,submitted,1,339.99,339.9900,,Encrypted intent submitted · cdc9a6e3…
2026-09-22T20:02:50.762000+00:00,position_opened,TSLAUSDT,buy,strategy,submitted,1,378.84,378.8400,,Encrypted intent submitted · c8964767…
2026-09-22T20:07:53.051000+00:00,position_opened,AAPLUSDT,buy,strategy,submitted,1,339.98,339.9800,,Encrypted intent submitted · 15a6886d…
2026-09-22T20:07:54.473000+00:00,position_opened,TSLAUSDT,buy,strategy,submitted,1,378.78,378.7800,,Encrypted intent submitted · f8bc7d67…
2026-09-22T20:09:34.294000+00:00,position_opened,AAPLUSDT,buy,strategy,submitted,1,340.05,340.0500,,Encrypted intent submitted · b165d73e…
2026-09-22T20:09:35.930000+00:00,position_opened,TSLAUSDT,buy,strategy,submitted,1,378.76,378.7600,,Encrypted intent submitted · 94f6f16c…
2026-09-22T20:14:37.786000+00:00,position_opened,AAPLUSDT,buy,strategy,submitted,1,340.11,340.1100,,Encrypted intent submitted · 5cf9e4f2…
2026-09-22T20:14:39.256000+00:00,position_opened,TSLAUSDT,buy,strategy,submitted,1,378.66,378.6600,,Encrypted intent submitted · 5b262462…
2026-09-22T20:19:41.097000+00:00,position_opened,AAPLUSDT,buy,strategy,submitted,1,340.14,340.1400,,Encrypted intent submitted · bc4ea454…
2026-09-22T20:22:50.020000+00:00,position_opened,AAPLUSDT,buy,strategy,submitted,1,340.12,340.1200,,Encrypted intent submitted · bb915178…
2026-09-22T20:35:24.984000+00:00,position_opened,AAPLUSDT,buy,strategy,submitted,1,339.94,339.9400,,Encrypted intent submitted · fa8798a2…
2026-09-22T20:35:26.527000+00:00,position_opened,TSLAUSDT,buy,strategy,submitted,1,378.64,378.6400,,Encrypted intent submitted · 1fc5bd97…
2026-09-23T11:56:49.834000+00:00,position_opened,AAPLUSDT,buy,strategy,submitted,1,340.55,340.5500,,Encrypted intent submitted · 1c90464d…
2026-09-23T12:01:53.047000+00:00,position_opened,AAPLUSDT,buy,strategy,submitted,1,340.93,340.9300,,Encrypted intent submitted · 7950022b…
2026-09-23T12:06:56.436000+00:00,position_opened,AAPLUSDT,buy,strategy,submitted,1,341.04,341.0400,,Encrypted intent submitted · 4aaa00c0…
2026-09-23T12:12:00.459000+00:00,position_opened,TSLAUSDT,buy,strategy,submitted,1,378.75,378.7500,,Encrypted intent submitted · 5bff128f…
2026-09-23T12:17:03.123000+00:00,position_opened,AAPLUSDT,buy,strategy,submitted,1,340.89,340.8900,,Encrypted intent submitted · a5237f5f…
2026-09-23T12:22:05.873000+00:00,position_opened,AAPLUSDT,buy,strategy,submitted,1,341.11,341.1100,,Encrypted intent submitted · 8480df9d…
2026-09-23T12:27:08.952000+00:00,position_opened,AAPLUSDT,buy,strategy,submitted,1,340.83,340.8300,,Encrypted intent submitted · 66a978f7…
2026-09-23T12:32:11.703000+00:00,position_opened,AAPLUSDT,buy,strategy,submitted,1,340.95,340.9500,,Encrypted intent submitted · c0064183…
2026-09-23T12:37:14.563000+00:00,position_opened,AAPLUSDT,buy,strategy,submitted,1,341.04,341.0400,,Encrypted intent submitted · ff1e9994…
2026-09-23T12:42:17.523000+00:00,position_opened,AAPLUSDT,buy,strategy,submitted,1,341.13,341.1300,,Encrypted intent submitted · 43219890…
2026-09-23T12:42:18.955000+00:00,position_closed,TSLAUSDT,close,strategy,closed,2,756.89,378.4450,-3.15,Position closed
2026-09-23T12:44:47.111000+00:00,position_opened,AAPLUSDT,buy,strategy,submitted,1,341.34,341.3400,,Encrypted intent submitted · b9af73eb…
2026-09-23T12:44:48.755000+00:00,position_opened,TSLAUSDT,buy,strategy,submitted,1,378.14,378.1400,,Encrypted intent submitted · 93621b0d…
2026-09-23T12:49:05.820000+00:00,position_opened,AAPLUSDT,buy,autonomous,submitted,1,341.52,341.5200,,Encrypted intent submitted · 1b74df9d…
2026-09-23T12:56:26.444000+00:00,position_opened,AAPLUSDT,buy,autonomous,submitted,1,342.47,342.4700,,Encrypted intent submitted · d26441ff…
2026-09-23T12:56:26.261000+00:00,position_opened,AAPLUSDT,buy,strategy,submitted,1,342.47,342.4700,,Encrypted intent submitted · d26441ff…
2026-09-23T12:58:41.194000+00:00,position_opened,AAPLUSDT,buy,strategy,submitted,1,342.91,342.9100,,Encrypted intent submitted · 2ff9f8f8…
2026-09-23T12:58:41.380000+00:00,position_opened,AAPLUSDT,buy,autonomous,submitted,1,342.91,342.9100,,Encrypted intent submitted · 2ff9f8f8…
2026-09-23T12:58:44.706000+00:00,position_opened,AAPLUSDT,buy,strategy,submitted,1,342.90,342.9000,,Encrypted intent submitted · aac5a979…
2026-09-23T12:58:44.536000+00:00,position_opened,AAPLUSDT,buy,autonomous,submitted,1,342.90,342.9000,,Encrypted intent submitted · aac5a979…
2026-09-23T12:58:55.452000+00:00,position_opened,TSLAUSDT,buy,autonomous,submitted,1,378.24,378.2400,,Encrypted intent submitted · 02521461…
2026-09-23T12:58:55.745000+00:00,position_opened,TSLAUSDT,buy,strategy,submitted,1,378.24,378.2400,,Encrypted intent submitted · 02521461…
2026-09-23T13:03:59.083000+00:00,position_opened,AAPLUSDT,buy,strategy,submitted,1,344.15,344.1500,,Encrypted intent submitted · 39901eb1…
2026-09-23T13:04:00.990000+00:00,position_opened,AAPLUSDT,buy,autonomous,submitted,1,344.15,344.1500,,Encrypted intent submitted · 39901eb1…
2026-09-23T13:04:02.246000+00:00,position_closed,TSLAUSDT,close,strategy,closed,3,1133.86,377.9533,-1.74,Position closed
2026-09-23T13:04:03.503000+00:00,position_opened,TSLAUSDT,sell,autonomous,submitted,1,378.25,378.2500,,Encrypted intent submitted · 4b5c834e…
2026-09-23T13:09:05.568000+00:00,position_opened,AAPLUSDT,buy,strategy,submitted,1,343.08,343.0800,,Encrypted intent submitted · 3319b108…
2026-09-23T13:09:05.928000+00:00,position_opened,AAPLUSDT,buy,autonomous,submitted,1,343.08,343.0800,,Encrypted intent submitted · 3319b108…
2026-09-23T13:14:10.184000+00:00,position_opened,AAPLUSDT,buy,strategy,submitted,1,343.05,343.0500,,Encrypted intent submitted · 09d523a3…
2026-09-23T13:14:10.615000+00:00,position_opened,AAPLUSDT,buy,autonomous,submitted,1,343.05,343.0500,,Encrypted intent submitted · 09d523a3…
2026-09-23T13:19:16.295000+00:00,position_opened,AAPLUSDT,buy,strategy,submitted,1,342.77,342.7700,,Encrypted intent submitted · 83b30e59…
2026-09-23T13:19:16.694000+00:00,position_opened,AAPLUSDT,buy,autonomous,submitted,1,342.77,342.7700,,Encrypted intent submitted · 83b30e59…
2026-09-23T13:19:36.174000+00:00,position_opened,AAPLUSDT,buy,autonomous,submitted,1,342.77,342.7700,,Encrypted intent submitted · 83b30e59…
2026-09-23T13:28:23.438000+00:00,position_closed,TSLAUSDT,close,autonomous,closed,1,377.93,377.9300,-16.32,Position closed
2026-09-23T13:28:25.712000+00:00,position_opened,TSLAUSDT,buy,strategy,submitted,1,379.97,379.9700,,Encrypted intent submitted · 19f91821…
2026-09-23T13:33:25.976000+00:00,position_closed,AAPLUSDT,close,autonomous,closed,27,9234.95,342.0353,16.56,Position closed
2026-09-23T13:33:27.690000+00:00,position_opened,TSLAUSDT,buy,autonomous,submitted,1,382.58,382.5800,,Encrypted intent submitted · d660daa1…
2026-09-23T13:33:29.474000+00:00,position_opened,AAPLUSDT,sell,strategy,submitted,1,341.85,341.8500,,Encrypted intent submitted · a9e9f7cd…
2026-09-23T13:33:32.010000+00:00,position_opened,TSLAUSDT,buy,strategy,submitted,1,382.27,382.2700,,Encrypted intent submitted · 6523c9c2…
2026-09-23T13:35:24.087000+00:00,position_opened,AAPLUSDT,sell,autonomous,submitted,1,340.92,340.9200,,Encrypted intent submitted · f52d7b59…
2026-09-23T13:35:23.902000+00:00,position_opened,AAPLUSDT,sell,strategy,submitted,1,340.92,340.9200,,Encrypted intent submitted · f52d7b59…
2026-09-23T13:40:30.208000+00:00,position_opened,AAPLUSDT,sell,strategy,submitted,1,339.43,339.4300,,Encrypted intent submitted · d6aa30b5…
2026-09-23T13:40:31.288000+00:00,position_opened,AAPLUSDT,sell,autonomous,submitted,1,339.43,339.4300,,Encrypted intent submitted · d6aa30b5…
2026-09-23T13:42:25.445000+00:00,position_opened,AAPLUSDT,sell,autonomous,submitted,1,338.40,338.4000,,Encrypted intent submitted · 3fc64ca5…
2026-09-23T13:42:25.215000+00:00,position_opened,AAPLUSDT,sell,strategy,submitted,1,338.40,338.4000,,Encrypted intent submitted · 3fc64ca5…
2026-09-23T13:42:30.937000+00:00,position_opened,TSLAUSDT,buy,strategy,submitted,1,382.73,382.7300,,Encrypted intent submitted · 34feed45…
2026-09-23T13:42:31.053000+00:00,position_opened,TSLAUSDT,buy,autonomous,submitted,1,382.73,382.7300,,Encrypted intent submitted · 34feed45…
2026-09-23T13:47:35.122000+00:00,position_opened,AAPLUSDT,sell,strategy,submitted,1,338.72,338.7200,,Encrypted intent submitted · e50dbf1e…
2026-09-23T13:47:37.657000+00:00,position_opened,AAPLUSDT,sell,autonomous,submitted,1,338.72,338.7200,,Encrypted intent submitted · e50dbf1e…
2026-09-23T13:47:38.348000+00:00,position_opened,TSLAUSDT,buy,strategy,submitted,1,383.74,383.7400,,Encrypted intent submitted · cac67413…
2026-09-23T13:47:42.389000+00:00,position_opened,TSLAUSDT,buy,autonomous,submitted,1,383.70,383.7000,,Encrypted intent submitted · 410c9e42…
2026-09-23T13:48:15.787000+00:00,position_opened,AAPLUSDT,sell,autonomous,submitted,1,338.52,338.5200,,Encrypted intent submitted · 1e4df16b…
2026-09-23T13:48:12.910000+00:00,position_opened,AAPLUSDT,sell,strategy,submitted,1,338.52,338.5200,,Encrypted intent submitted · 1e4df16b…
2026-09-23T13:48:19.152000+00:00,position_opened,TSLAUSDT,buy,strategy,submitted,1,383.72,383.7200,,Encrypted intent submitted · 746f948a…
2026-09-23T13:48:22.276000+00:00,position_opened,TSLAUSDT,buy,autonomous,submitted,1,383.75,383.7500,,Encrypted intent submitted · ef1e0f75…
2026-09-23T13:53:23.390000+00:00,position_opened,AAPLUSDT,sell,strategy,submitted,1,338.59,338.5900,,Encrypted intent submitted · 86cbc255…
2026-09-23T13:53:27.414000+00:00,position_opened,TSLAUSDT,buy,strategy,submitted,1,384.04,384.0400,,Encrypted intent submitted · 751cd198…
2026-09-23T13:53:28.247000+00:00,position_opened,AAPLUSDT,sell,autonomous,submitted,1,338.59,338.5900,,Encrypted intent submitted · 86cbc255…
2026-09-23T13:53:33.549000+00:00,position_opened,TSLAUSDT,buy,autonomous,submitted,1,383.96,383.9600,,Encrypted intent submitted · 6c063dd3…
2026-09-23T13:58:30.089000+00:00,position_opened,AAPLUSDT,sell,strategy,submitted,1,337.87,337.8700,,Encrypted intent submitted · 2af3033b…
2026-09-23T13:58:32.072000+00:00,position_opened,TSLAUSDT,buy,strategy,submitted,1,385.69,385.6900,,Encrypted intent submitted · f85c59e7…
2026-09-23T13:58:37.912000+00:00,position_opened,AAPLUSDT,sell,autonomous,submitted,1,337.87,337.8700,,Encrypted intent submitted · 2af3033b…
2026-09-23T17:01:19.330000+00:00,position_closed,TSLAUSDT,close,strategy,closed,12,4597.45,383.1208,-13.03,Position closed
2026-09-23T17:01:24.374000+00:00,position_opened,TSLAUSDT,buy,autonomous,submitted,1,378.89,378.8900,,Encrypted intent submitted · 5640bdd3…
2026-09-23T17:06:30.294000+00:00,position_opened,AAPLUSDT,sell,autonomous,submitted,1,337.31,337.3100,,Encrypted intent submitted · c316f477…
2026-09-23T17:06:36.949000+00:00,position_closed,TSLAUSDT,close,autonomous,closed,1,378.80,378.8000,-5.46,Position closed
2026-09-23T17:07:44.109000+00:00,position_opened,AAPLUSDT,sell,autonomous,submitted,1,337.48,337.4800,,Encrypted intent submitted · 8565bee8…
2026-09-23T17:07:50.410000+00:00,position_opened,TSLAUSDT,buy,autonomous,submitted,1,378.34,378.3400,,Encrypted intent submitted · bb6cea2c…
2026-09-23T17:12:57.178000+00:00,position_opened,AAPLUSDT,sell,autonomous,submitted,1,337.50,337.5000,,Encrypted intent submitted · 2d678980…
2026-09-23T17:13:00.514000+00:00,position_closed,TSLAUSDT,close,autonomous,closed,1,378.14,378.1400,-5.35,Position closed
2026-09-23T17:16:52.806000+00:00,position_opened,AAPLUSDT,sell,autonomous,submitted,1,337.64,337.6400,,Encrypted intent submitted · 9207c14c…
2026-09-23T17:18:49.441000+00:00,position_opened,AAPLUSDT,sell,autonomous,submitted,1,337.88,337.8800,,Encrypted intent submitted · b4ea65c9…
2026-09-23T17:22:42.932000+00:00,position_opened,AAPLUSDT,sell,autonomous,submitted,1,337.88,337.8800,,Encrypted intent submitted · 88f109b6…
2026-09-23T17:27:44.755000+00:00,position_opened,AAPLUSDT,sell,autonomous,submitted,1,337.06,337.0600,,Encrypted intent submitted · f84f608d…
2026-09-23T17:30:39.047000+00:00,position_opened,AAPLUSDT,sell,strategy,submitted,1,336.98,336.9800,,Encrypted intent submitted · 68e94eec…
2026-09-23T17:31:30.472000+00:00,position_opened,AAPLUSDT,sell,strategy,submitted,1,337.13,337.1300,,Encrypted intent submitted · 4e48405c…
2026-09-23T17:31:39.540000+00:00,position_opened,AAPLUSDT,sell,strategy,submitted,1,337.13,337.1300,,Encrypted intent submitted · 4e48405c…
2026-09-23T17:31:41.396000+00:00,position_opened,TSLAUSDT,buy,strategy,submitted,1,378.99,378.9900,,Encrypted intent submitted · 9c5e58ee…
2026-09-23T17:36:42.980000+00:00,position_opened,AAPLUSDT,sell,strategy,submitted,1,337.23,337.2300,,Encrypted intent submitted · 889382e5…
2026-09-23T17:41:46.152000+00:00,position_opened,AAPLUSDT,sell,strategy,submitted,1,337.49,337.4900,,Encrypted intent submitted · 9d4790ad…
2026-09-23T18:38:49.527000+00:00,position_closed,TSLAUSDT,close,autonomous,closed,1,378.79,378.7900,-4.50,Position closed
2026-09-23T18:38:52.503000+00:00,position_opened,AAPLUSDT,sell,strategy,submitted,1,337.02,337.0200,,Encrypted intent submitted · dc211303…
2026-09-23T18:43:52.835000+00:00,position_opened,AAPLUSDT,sell,autonomous,submitted,1,337.12,337.1200,,Encrypted intent submitted · f83e17fc…
2026-09-24T18:27:48.295000+00:00,position_closed,AAPLUSDT,close,strategy,closed,29,9803.71,338.0590,1.48,Position closed
2026-09-25T10:19:46.479000+00:00,position_opened,TSLAUSDT,buy,autonomous,submitted,1,381.46,381.4600,,Encrypted intent submitted · 2787c747…
2026-09-25T11:51:40.965000+00:00,position_opened,TSLAUSDT,buy,autonomous,submitted,1,382.33,382.3300,,Encrypted intent submitted · 4e972da8…
2026-09-25T11:57:03.515000+00:00,position_opened,TSLAUSDT,buy,autonomous,submitted,1,382.10,382.1000,,Encrypted intent submitted · 62d2b4f6…
2026-09-25T12:02:12.209000+00:00,position_opened,TSLAUSDT,buy,autonomous,submitted,1,382.13,382.1300,,Encrypted intent submitted · 9dbce68d…
2026-09-25T12:07:21.050000+00:00,position_opened,TSLAUSDT,buy,autonomous,submitted,1,382.02,382.0200,,Encrypted intent submitted · 6d42436c…
2026-09-25T14:46:05.513000+00:00,position_closed,TSLAUSDT,close,autonomous,closed,5,1910.69,382.1380,-71.48,Position closed
2026-09-25T14:51:18.932000+00:00,position_opened,TSLAUSDT,sell,autonomous,submitted,1,370.10,370.1000,,Encrypted intent submitted · 466337be…
2026-09-25T14:52:38.027000+00:00,position_opened,TSLAUSDT,sell,strategy,submitted,1,369.93,369.9300,,Encrypted intent submitted · f896d1e6…
2026-09-25T14:52:38.028000+00:00,position_opened,TSLAUSDT,sell,autonomous,submitted,1,369.99,369.9900,,Encrypted intent submitted · fb5927f8…
2026-09-25T22:27:24.657000+00:00,position_opened,AAPLUSDT,buy,strategy,submitted,1,341.10,341.1000,,Encrypted intent submitted · 06542ba1…
2026-09-25T22:27:22.083000+00:00,position_opened,AAPLUSDT,buy,autonomous,submitted,1,341.10,341.1000,,Encrypted intent submitted · 06542ba1…
2026-09-26T00:41:10.222000+00:00,position_opened,AAPLUSDT,buy,strategy,submitted,1,341.36,341.3600,,Encrypted intent submitted · d035129b…
2026-09-26T00:41:13.615000+00:00,position_opened,AAPLUSDT,buy,autonomous,submitted,1,341.36,341.3600,,Encrypted intent submitted · d035129b…
2026-09-26T00:46:20.741000+00:00,position_opened,AAPLUSDT,buy,strategy,submitted,1,341.36,341.3600,,Encrypted intent submitted · d035129b…
2026-09-26T00:46:24.346000+00:00,position_opened,AAPLUSDT,buy,autonomous,submitted,1,341.36,341.3600,,Encrypted intent submitted · d035129b…
2026-09-26T00:51:24.775000+00:00,position_opened,AAPLUSDT,buy,strategy,submitted,1,341.36,341.3600,,Encrypted intent submitted · d035129b…
2026-09-26T00:51:29.002000+00:00,position_opened,AAPLUSDT,buy,autonomous,submitted,1,341.36,341.3600,,Encrypted intent submitted · d035129b…
2026-09-26T00:56:28.928000+00:00,position_opened,AAPLUSDT,buy,strategy,submitted,1,341.36,341.3600,,Encrypted intent submitted · d035129b…
2026-09-26T13:25:53.777000+00:00,position_opened,AAPLUSDT,buy,autonomous,submitted,1,340.01,340.0100,,Encrypted intent submitted · ec01ef55…
2026-09-26T13:25:57.609000+00:00,position_opened,AAPLUSDT,buy,strategy,submitted,1,340.01,340.0100,,Encrypted intent submitted · ec01ef55…
2026-09-26T13:31:01.530000+00:00,position_opened,AAPLUSDT,buy,strategy,submitted,1,341.50,341.5000,,Encrypted intent submitted · 977d1a74…
2026-09-26T13:38:12.558000+00:00,position_opened,AAPLUSDT,buy,strategy,submitted,1,341.50,341.5000,,Encrypted intent submitted · 977d1a74…
2026-09-26T13:38:12.520000+00:00,position_opened,AAPLUSDT,buy,autonomous,submitted,1,341.50,341.5000,,Encrypted intent submitted · 977d1a74…
2026-09-26T14:49:08.553000+00:00,position_closed,TSLAUSDT,close,autonomous,closed,3,1109.85,369.9500,-23.58,Position closed
2026-09-26T14:49:29.308000+00:00,position_opened,TSLAUSDT,buy,strategy,submitted,1,371.80,371.8000,,Encrypted intent submitted · f075368e…
2026-09-26T18:03:23.192000+00:00,position_closed,AAPLUSDT,close,autonomous,closed,14,4780.56,341.4686,-10.10,Position closed
2026-09-28T15:20:47.761000+00:00,position_closed,TSLAUSDT,close,strategy,closed,1,372.61,372.6100,-18.15,Position closed
2026-09-28T15:21:05.843000+00:00,position_opened,TSLAUSDT,sell,autonomous,submitted,1,360.19,360.1900,,Encrypted intent submitted · 96660063…
2026-09-28T15:26:32.405000+00:00,position_opened,TSLAUSDT,sell,autonomous,submitted,1,360.64,360.6400,,Encrypted intent submitted · bc237548…
2026-09-28T15:31:37.704238+00:00,blocked,TSLAUSDT,sell,autonomous,blocked,1,359.94,359.9400,,gemini veto
2026-09-28T15:31:58.892000+00:00,position_closed,TSLAUSDT,close,autonomous,closed,2,739.96,369.9800,22.63,Position closed
2026-09-28T20:14:10.423171+00:00,blocked,TSLAUSDT,sell,autonomous,blocked,1,357.20,357.2000,,gemini veto
2026-09-28T20:19:47.490000+00:00,position_opened,TSLAUSDT,sell,autonomous,submitted,1,357.35,357.3500,,Encrypted intent submitted · 83cba258…
2026-09-28T20:19:51.698942+00:00,blocked,TSLAUSDT,sell,autonomous,blocked,1,357.35,357.3500,,gemini veto
2026-09-28T20:25:08.43805+00:00,blocked,TSLAUSDT,sell,autonomous,blocked,1,357.35,357.3500,,gemini veto
2026-09-28T20:30:20.354917+00:00,blocked,TSLAUSDT,sell,autonomous,blocked,1,357.20,357.2000,,gemini veto
2026-09-28T20:30:28.248399+00:00,blocked,TSLAUSDT,sell,autonomous,blocked,1,357.18,357.1800,,gemini veto
2026-09-28T20:35:25.209665+00:00,blocked,TSLAUSDT,sell,autonomous,blocked,1,357.27,357.2700,,gemini veto
2026-09-28T20:35:34.901605+00:00,blocked,TSLAUSDT,sell,autonomous,blocked,1,357.27,357.2700,,gemini veto
2026-09-28T20:40:04.263000+00:00,position_closed,TSLAUSDT,close,strategy,closed,1,357.42,357.4200,12.79,Position closed
2026-09-28T20:40:34.471000+00:00,position_opened,TSLAUSDT,sell,autonomous,submitted,1,357.32,357.3200,,Encrypted intent submitted · c9e1e19d…
2026-09-28T20:45:37.134676+00:00,blocked,TSLAUSDT,sell,autonomous,blocked,1,357.27,357.2700,,gemini veto
2026-09-28T20:45:57.646877+00:00,blocked,TSLAUSDT,sell,autonomous,blocked,1,357.24,357.2400,,gemini veto
2026-09-28T21:16:38.387719+00:00,blocked,TSLAUSDT,sell,autonomous,blocked,1,357.55,357.5500,,gemini veto
2026-09-28T21:16:41.422702+00:00,blocked,TSLAUSDT,sell,autonomous,blocked,1,357.55,357.5500,,gemini veto
2026-09-28T21:21:55.117503+00:00,blocked,TSLAUSDT,sell,autonomous,blocked,1,357.53,357.5300,,gemini veto
2026-09-28T21:21:58.216303+00:00,blocked,TSLAUSDT,sell,autonomous,blocked,1,357.53,357.5300,,gemini veto
2026-09-28T21:27:04.568965+00:00,blocked,TSLAUSDT,sell,autonomous,blocked,1,357.60,357.6000,,gemini veto
2026-09-28T21:27:10.906857+00:00,blocked,TSLAUSDT,sell,autonomous,blocked,1,357.60,357.6000,,gemini veto
2026-09-29T01:01:14.799692+00:00,blocked,TSLAUSDT,sell,autonomous,blocked,1,357.45,357.4500,,gemini veto
2026-09-29T01:01:21.411293+00:00,blocked,TSLAUSDT,sell,autonomous,blocked,1,357.45,357.4500,,gemini veto
2026-09-29T01:06:32.628705+00:00,blocked,TSLAUSDT,sell,autonomous,blocked,1,357.55,357.5500,,gemini veto
2026-09-29T01:06:35.766511+00:00,blocked,TSLAUSDT,sell,autonomous,blocked,1,357.55,357.5500,,gemini veto
2026-09-29T01:11:38.652468+00:00,blocked,TSLAUSDT,sell,autonomous,blocked,1,357.19,357.1900,,gemini veto
2026-09-29T01:11:43.936827+00:00,blocked,TSLAUSDT,sell,autonomous,blocked,1,357.19,357.1900,,gemini veto
2026-09-29T02:03:05.20682+00:00,blocked,TSLAUSDT,sell,autonomous,blocked,1,357.60,357.6000,,gemini veto
2026-09-29T02:03:17.022795+00:00,blocked,TSLAUSDT,sell,autonomous,blocked,1,357.60,357.6000,,gemini veto
2026-09-29T02:08:21.348074+00:00,blocked,TSLAUSDT,sell,autonomous,blocked,1,357.35,357.3500,,gemini veto
2026-09-29T02:08:35.852148+00:00,blocked,TSLAUSDT,sell,autonomous,blocked,1,357.35,357.3500,,gemini veto
2026-09-29T02:13:26.355334+00:00,blocked,TSLAUSDT,sell,autonomous,blocked,1,357.55,357.5500,,gemini veto
2026-09-29T02:13:48.520679+00:00,blocked,TSLAUSDT,sell,autonomous,blocked,1,357.51,357.5100,,gemini veto
2026-09-29T02:18:33.671494+00:00,blocked,TSLAUSDT,sell,autonomous,blocked,1,357.65,357.6500,,gemini veto
2026-09-29T02:19:10.767663+00:00,blocked,TSLAUSDT,sell,autonomous,blocked,1,357.65,357.6500,,gemini veto
2026-09-29T02:23:37.04661+00:00,blocked,TSLAUSDT,sell,autonomous,blocked,1,357.49,357.4900,,gemini veto
2026-09-29T02:24:20.940558+00:00,blocked,TSLAUSDT,sell,autonomous,blocked,1,357.47,357.4700,,gemini veto
2026-09-29T02:28:43.72054+00:00,blocked,TSLAUSDT,sell,autonomous,blocked,1,357.40,357.4000,,gemini veto
2026-09-29T02:29:37.041152+00:00,blocked,TSLAUSDT,sell,autonomous,blocked,1,357.39,357.3900,,gemini veto
2026-09-29T02:33:49.836585+00:00,blocked,TSLAUSDT,sell,autonomous,blocked,1,357.11,357.1100,,gemini veto
2026-09-29T02:34:46.440954+00:00,blocked,TSLAUSDT,sell,autonomous,blocked,1,357.21,357.2100,,gemini veto
2026-09-29T02:38:52.826064+00:00,blocked,TSLAUSDT,sell,autonomous,blocked,1,357.13,357.1300,,gemini veto
2026-09-29T02:39:54.557046+00:00,blocked,TSLAUSDT,sell,autonomous,blocked,1,357.23,357.2300,,gemini veto
2026-09-29T02:43:55.893796+00:00,blocked,TSLAUSDT,sell,autonomous,blocked,1,357.12,357.1200,,gemini veto
2026-09-29T02:45:12.380439+00:00,blocked,TSLAUSDT,sell,autonomous,blocked,1,357.15,357.1500,,gemini veto
2026-09-29T02:48:59.109696+00:00,blocked,TSLAUSDT,sell,autonomous,blocked,1,357.38,357.3800,,gemini veto
2026-09-29T02:50:20.262682+00:00,blocked,TSLAUSDT,sell,autonomous,blocked,1,357.29,357.2900,,gemini veto
2026-09-29T02:54:03.854256+00:00,blocked,TSLAUSDT,sell,autonomous,blocked,1,357.08,357.0800,,gemini veto
2026-09-29T02:55:26.857042+00:00,blocked,TSLAUSDT,sell,autonomous,blocked,1,356.94,356.9400,,gemini veto
2026-09-29T02:59:06.848016+00:00,blocked,TSLAUSDT,sell,autonomous,blocked,1,357.08,357.0800,,gemini veto
2026-09-29T03:00:52.087583+00:00,blocked,TSLAUSDT,sell,autonomous,blocked,1,357.25,357.2500,,gemini veto
2026-09-29T03:04:10.043671+00:00,blocked,TSLAUSDT,sell,autonomous,blocked,1,357.08,357.0800,,gemini veto
2026-09-29T03:06:04.177817+00:00,blocked,TSLAUSDT,sell,autonomous,blocked,1,356.85,356.8500,,gemini veto
2026-09-29T03:09:13.146143+00:00,blocked,TSLAUSDT,sell,autonomous,blocked,1,356.78,356.7800,,gemini veto
2026-09-29T03:11:15.157126+00:00,blocked,TSLAUSDT,sell,autonomous,blocked,1,356.73,356.7300,,gemini veto
2026-09-29T03:14:30.625102+00:00,blocked,TSLAUSDT,sell,autonomous,blocked,1,356.31,356.3100,,gemini veto
2026-09-29T03:15:50.854004+00:00,blocked,TSLAUSDT,sell,autonomous,blocked,1,356.45,356.4500,,gemini veto
2026-09-29T03:15:52.054624+00:00,blocked,TSLAUSDT,sell,autonomous,blocked,1,356.45,356.4500,,gemini veto
2026-09-29T03:21:07.233135+00:00,blocked,TSLAUSDT,sell,autonomous,blocked,1,356.85,356.8500,,gemini veto
2026-09-29T03:21:08.414497+00:00,blocked,TSLAUSDT,sell,autonomous,blocked,1,356.85,356.8500,,gemini veto
2026-09-29T03:26:18.933627+00:00,blocked,TSLAUSDT,sell,autonomous,blocked,1,357.11,357.1100,,gemini veto
2026-09-29T03:26:20.509547+00:00,blocked,TSLAUSDT,sell,autonomous,blocked,1,357.11,357.1100,,gemini veto
2026-09-29T03:31:26.209127+00:00,blocked,TSLAUSDT,sell,autonomous,blocked,1,357.03,357.0300,,gemini veto
2026-09-29T06:48:36.933003+00:00,blocked,TSLAUSDT,sell,autonomous,blocked,1,357.70,357.7000,,gemini veto
2026-09-29T06:54:12.958717+00:00,blocked,TSLAUSDT,sell,autonomous,blocked,1,357.74,357.7400,,gemini veto
2026-09-29T06:54:18.597461+00:00,blocked,TSLAUSDT,sell,autonomous,blocked,1,357.79,357.7900,,gemini veto
2026-09-29T06:59:16.058521+00:00,blocked,TSLAUSDT,sell,autonomous,blocked,1,357.62,357.6200,,gemini veto
2026-09-29T06:59:24.257598+00:00,blocked,TSLAUSDT,sell,autonomous,blocked,1,357.72,357.7200,,gemini veto
2026-09-29T10:49:05.685806+00:00,blocked,AAPLUSDT,sell,autonomous,blocked,1,336.41,336.4100,,gemini veto
2026-09-29T10:50:24.278000+00:00,position_opened,AAPLUSDT,sell,autonomous,submitted,1,336.41,336.4100,,Encrypted intent submitted · 5a9d299b…
2026-09-29T10:49:42.070896+00:00,blocked,TSLAUSDT,sell,autonomous,blocked,1,358.55,358.5500,,gemini veto
2026-09-29T10:50:31.675427+00:00,blocked,TSLAUSDT,sell,autonomous,blocked,1,358.55,358.5500,,gemini veto
2026-09-29T10:55:56.094729+00:00,blocked,TSLAUSDT,sell,autonomous,blocked,1,358.81,358.8100,,gemini veto
2026-09-29T10:56:03.34356+00:00,blocked,TSLAUSDT,sell,autonomous,blocked,1,358.90,358.9000,,gemini veto
2026-09-29T11:01:23.015046+00:00,blocked,TSLAUSDT,sell,autonomous,blocked,1,359.30,359.3000,,gemini veto
2026-09-29T11:01:41.48547+00:00,blocked,TSLAUSDT,sell,autonomous,blocked,1,359.40,359.4000,,gemini veto
2026-09-29T11:06:44.378623+00:00,blocked,TSLAUSDT,sell,autonomous,blocked,1,359.43,359.4300,,gemini veto
2026-09-29T11:06:52.668256+00:00,blocked,TSLAUSDT,sell,autonomous,blocked,1,359.34,359.3400,,gemini veto
2026-09-29T11:11:50.997414+00:00,blocked,TSLAUSDT,sell,autonomous,blocked,1,359.00,359.0000,,gemini veto
2026-09-29T11:11:58.115128+00:00,blocked,TSLAUSDT,sell,autonomous,blocked,1,359.05,359.0500,,gemini veto
2026-09-29T11:37:29.361696+00:00,blocked,TSLAUSDT,sell,autonomous,blocked,1,358.53,358.5300,,gemini veto
2026-09-29T11:37:33.643876+00:00,blocked,TSLAUSDT,sell,autonomous,blocked,1,358.52,358.5200,,gemini veto
2026-09-29T11:42:51.000478+00:00,blocked,TSLAUSDT,sell,autonomous,blocked,1,358.63,358.6300,,gemini veto
2026-09-29T11:42:56.549012+00:00,blocked,TSLAUSDT,sell,autonomous,blocked,1,358.76,358.7600,,gemini veto
2026-09-29T11:48:00.057409+00:00,blocked,TSLAUSDT,sell,autonomous,blocked,1,358.60,358.6000,,gemini veto
2026-09-29T11:48:07.460651+00:00,blocked,TSLAUSDT,sell,autonomous,blocked,1,358.65,358.6500,,gemini veto
2026-09-29T11:53:06.119318+00:00,blocked,TSLAUSDT,sell,autonomous,blocked,1,359.03,359.0300,,gemini veto
2026-09-29T11:53:18.212723+00:00,blocked,TSLAUSDT,sell,autonomous,blocked,1,359.07,359.0700,,gemini veto
2026-09-29T11:58:22.733563+00:00,blocked,TSLAUSDT,sell,autonomous,blocked,1,359.26,359.2600,,gemini veto
2026-09-29T11:58:29.528846+00:00,blocked,TSLAUSDT,sell,autonomous,blocked,1,359.25,359.2500,,gemini veto
2026-09-29T12:03:33.54129+00:00,blocked,TSLAUSDT,sell,autonomous,blocked,1,359.36,359.3600,,gemini veto
2026-09-29T12:03:39.043289+00:00,blocked,TSLAUSDT,sell,autonomous,blocked,1,359.33,359.3300,,gemini veto
2026-09-29T12:08:46.112032+00:00,blocked,TSLAUSDT,sell,autonomous,blocked,1,359.30,359.3000,,gemini veto
2026-09-29T12:08:51.054715+00:00,blocked,TSLAUSDT,sell,autonomous,blocked,1,359.10,359.1000,,gemini veto
2026-09-29T12:14:02.251288+00:00,blocked,TSLAUSDT,sell,autonomous,blocked,1,359.26,359.2600,,gemini veto
2026-09-29T12:14:04.996467+00:00,blocked,TSLAUSDT,sell,autonomous,blocked,1,359.10,359.1000,,gemini veto
2026-09-29T12:19:12.581858+00:00,blocked,TSLAUSDT,sell,autonomous,blocked,1,358.86,358.8600,,gemini veto
2026-09-29T12:19:16.652127+00:00,blocked,TSLAUSDT,sell,autonomous,blocked,1,358.99,358.9900,,gemini veto
2026-09-29T12:24:23.227311+00:00,blocked,TSLAUSDT,sell,autonomous,blocked,1,358.80,358.8000,,gemini veto
2026-09-29T12:24:24.985831+00:00,blocked,TSLAUSDT,sell,autonomous,blocked,1,358.78,358.7800,,gemini veto
2026-09-29T12:29:32.728113+00:00,blocked,TSLAUSDT,sell,autonomous,blocked,1,358.79,358.7900,,gemini veto
2026-09-29T12:29:34.577045+00:00,blocked,TSLAUSDT,sell,autonomous,blocked,1,358.79,358.7900,,gemini veto
2026-09-29T12:34:41.34693+00:00,blocked,TSLAUSDT,sell,autonomous,blocked,1,358.98,358.9800,,gemini veto
2026-09-29T12:34:45.055428+00:00,blocked,TSLAUSDT,sell,autonomous,blocked,1,358.98,358.9800,,gemini veto
2026-09-29T12:39:50.911845+00:00,blocked,TSLAUSDT,sell,autonomous,blocked,1,358.87,358.8700,,gemini veto
2026-09-29T12:39:56.642942+00:00,blocked,TSLAUSDT,sell,autonomous,blocked,1,358.83,358.8300,,gemini veto
2026-09-29T12:44:59.980938+00:00,blocked,TSLAUSDT,sell,autonomous,blocked,1,359.05,359.0500,,gemini veto
2026-09-29T12:45:08.944188+00:00,blocked,TSLAUSDT,sell,autonomous,blocked,1,359.16,359.1600,,gemini veto
2026-09-29T12:50:07.283301+00:00,blocked,TSLAUSDT,sell,autonomous,blocked,1,358.91,358.9100,,gemini veto
2026-09-29T12:50:17.69016+00:00,blocked,TSLAUSDT,sell,autonomous,blocked,1,358.96,358.9600,,gemini veto
2026-09-29T12:55:27.498885+00:00,blocked,TSLAUSDT,sell,autonomous,blocked,1,359.13,359.1300,,gemini veto
2026-09-29T12:55:37.806202+00:00,blocked,TSLAUSDT,sell,autonomous,blocked,1,359.08,359.0800,,gemini veto
2026-09-29T12:57:36.409405+00:00,blocked,AAPLUSDT,sell,autonomous,blocked,1,336.75,336.7500,,gemini veto
2026-09-29T12:57:36.410219+00:00,blocked,AAPLUSDT,sell,autonomous,blocked,1,336.75,336.7500,,gemini veto
2026-09-29T12:57:38.706901+00:00,blocked,TSLAUSDT,sell,autonomous,blocked,1,358.80,358.8000,,gemini veto
2026-09-29T12:57:47.932297+00:00,blocked,TSLAUSDT,sell,autonomous,blocked,1,358.86,358.8600,,gemini veto
2026-09-29T13:02:49.206206+00:00,blocked,AAPLUSDT,sell,autonomous,blocked,1,336.85,336.8500,,gemini veto
2026-09-29T13:03:02.107024+00:00,blocked,TSLAUSDT,sell,autonomous,blocked,1,358.60,358.6000,,gemini veto
2026-09-29T13:03:02.200906+00:00,blocked,AAPLUSDT,sell,autonomous,blocked,1,336.85,336.8500,,gemini veto
2026-09-29T13:03:13.414404+00:00,blocked,TSLAUSDT,sell,autonomous,blocked,1,358.60,358.6000,,gemini veto
2026-09-29T13:08:27.789888+00:00,blocked,TSLAUSDT,sell,autonomous,blocked,1,358.34,358.3400,,gemini veto
2026-09-29T13:08:30.189382+00:00,blocked,TSLAUSDT,sell,autonomous,blocked,1,358.33,358.3300,,gemini veto
2026-09-29T13:13:42.678908+00:00,blocked,AAPLUSDT,sell,autonomous,blocked,1,337.01,337.0100,,gemini veto
2026-09-29T13:13:42.679026+00:00,blocked,AAPLUSDT,sell,autonomous,blocked,1,337.01,337.0100,,gemini veto
2026-09-29T13:13:52.478098+00:00,blocked,TSLAUSDT,sell,autonomous,blocked,1,358.43,358.4300,,gemini veto
2026-09-29T13:13:53.806244+00:00,blocked,TSLAUSDT,sell,autonomous,blocked,1,358.49,358.4900,,gemini veto
2026-09-29T13:19:47.311292+00:00,blocked,TSLAUSDT,sell,autonomous,blocked,1,358.48,358.4800,,gemini veto
2026-09-29T13:19:58.506199+00:00,blocked,TSLAUSDT,sell,autonomous,blocked,1,357.45,357.4500,,gemini veto
2026-09-29T13:26:19.988694+00:00,blocked,TSLAUSDT,sell,autonomous,blocked,1,358.02,358.0200,,gemini veto
2026-09-29T13:26:21.212228+00:00,blocked,TSLAUSDT,sell,autonomous,blocked,1,358.02,358.0200,,gemini veto
2026-09-29T13:31:38.906321+00:00,blocked,AAPLUSDT,sell,autonomous,blocked,1,332.73,332.7300,,gemini veto
2026-09-29T13:31:38.906247+00:00,blocked,AAPLUSDT,sell,autonomous,blocked,1,332.73,332.7300,,gemini veto
2026-09-29T13:31:47.356504+00:00,blocked,TSLAUSDT,sell,autonomous,blocked,1,354.41,354.4100,,gemini veto
2026-09-29T13:31:50.372347+00:00,blocked,TSLAUSDT,sell,autonomous,blocked,1,354.56,354.5600,,gemini veto
2026-09-29T13:37:11.7619+00:00,blocked,AAPLUSDT,sell,autonomous,blocked,1,334.23,334.2300,,gemini veto
2026-09-29T13:37:11.761813+00:00,blocked,AAPLUSDT,sell,autonomous,blocked,1,334.23,334.2300,,gemini veto
2026-09-29T13:37:15.175407+00:00,blocked,TSLAUSDT,sell,autonomous,blocked,1,353.07,353.0700,,gemini veto
2026-09-29T13:37:17.692708+00:00,blocked,TSLAUSDT,sell,autonomous,blocked,1,353.10,353.1000,,gemini veto
2026-09-29T13:42:29.121976+00:00,blocked,AAPLUSDT,sell,autonomous,blocked,1,332.85,332.8500,,gemini veto
2026-09-29T13:42:29.182391+00:00,blocked,AAPLUSDT,sell,autonomous,blocked,1,332.85,332.8500,,gemini veto
2026-09-29T13:42:37.736086+00:00,blocked,TSLAUSDT,sell,autonomous,blocked,1,352.81,352.8100,,gemini veto
2026-09-29T13:42:40.379153+00:00,blocked,TSLAUSDT,sell,autonomous,blocked,1,352.80,352.8000,,gemini veto
2026-09-29T13:47:46.198257+00:00,blocked,AAPLUSDT,sell,autonomous,blocked,1,333.22,333.2200,,gemini veto
2026-09-29T13:47:47.990187+00:00,blocked,TSLAUSDT,sell,autonomous,blocked,1,352.34,352.3400,,gemini veto
2026-09-29T13:47:47.991165+00:00,blocked,AAPLUSDT,sell,autonomous,blocked,1,333.16,333.1600,,gemini veto
2026-09-29T13:47:52.497257+00:00,blocked,TSLAUSDT,sell,autonomous,blocked,1,352.37,352.3700,,gemini veto
2026-09-29T13:52:58.582114+00:00,blocked,AAPLUSDT,sell,autonomous,blocked,1,333.18,333.1800,,gemini veto
2026-09-29T13:52:58.585052+00:00,blocked,AAPLUSDT,sell,autonomous,blocked,1,333.18,333.1800,,gemini veto
2026-09-29T13:53:00.794186+00:00,blocked,TSLAUSDT,sell,autonomous,blocked,1,352.67,352.6700,,gemini veto
2026-09-29T13:53:05.694894+00:00,blocked,TSLAUSDT,sell,autonomous,blocked,1,352.64,352.6400,,gemini veto
2026-09-29T13:58:11.979449+00:00,blocked,AAPLUSDT,sell,autonomous,blocked,1,333.14,333.1400,,gemini veto
2026-09-29T13:58:11.979245+00:00,blocked,AAPLUSDT,sell,autonomous,blocked,1,333.14,333.1400,,gemini veto
2026-09-29T13:58:14.969918+00:00,blocked,TSLAUSDT,sell,autonomous,blocked,1,352.67,352.6700,,gemini veto
2026-09-29T13:58:19.907849+00:00,blocked,TSLAUSDT,sell,autonomous,blocked,1,352.66,352.6600,,gemini veto
2026-09-29T14:03:24.91524+00:00,blocked,AAPLUSDT,sell,autonomous,blocked,1,333.00,333.0000,,gemini veto
2026-09-29T14:03:26.872445+00:00,blocked,AAPLUSDT,sell,autonomous,blocked,1,333.05,333.0500,,gemini veto
2026-09-29T14:03:28.196041+00:00,blocked,TSLAUSDT,sell,autonomous,blocked,1,353.07,353.0700,,gemini veto
2026-09-29T14:03:31.473842+00:00,blocked,TSLAUSDT,sell,autonomous,blocked,1,353.00,353.0000,,gemini veto
2026-09-29T14:08:37.693359+00:00,blocked,AAPLUSDT,sell,autonomous,blocked,1,333.18,333.1800,,gemini veto
2026-09-29T14:08:39.814669+00:00,blocked,AAPLUSDT,sell,autonomous,blocked,1,333.22,333.2200,,gemini veto
2026-09-29T14:08:43.393335+00:00,blocked,TSLAUSDT,sell,autonomous,blocked,1,354.03,354.0300,,gemini veto
2026-09-29T14:08:46.103936+00:00,blocked,TSLAUSDT,sell,autonomous,blocked,1,354.17,354.1700,,gemini veto
2026-09-29T14:13:50.984918+00:00,blocked,AAPLUSDT,sell,autonomous,blocked,1,333.24,333.2400,,gemini veto
2026-09-29T14:13:50.984884+00:00,blocked,AAPLUSDT,sell,autonomous,blocked,1,333.24,333.2400,,gemini veto
2026-09-29T14:13:53.885863+00:00,blocked,TSLAUSDT,sell,autonomous,blocked,1,354.39,354.3900,,gemini veto
2026-09-29T14:13:56.982938+00:00,blocked,TSLAUSDT,sell,autonomous,blocked,1,354.56,354.5600,,gemini veto
2026-09-29T14:19:02.502872+00:00,blocked,AAPLUSDT,sell,autonomous,blocked,1,332.83,332.8300,,gemini veto
2026-09-29T14:19:05.80657+00:00,blocked,TSLAUSDT,sell,autonomous,blocked,1,354.74,354.7400,,gemini veto
2026-09-29T14:19:09.401303+00:00,blocked,AAPLUSDT,sell,autonomous,blocked,1,332.80,332.8000,,gemini veto
2026-09-29T14:19:11.977994+00:00,blocked,TSLAUSDT,sell,autonomous,blocked,1,354.85,354.8500,,gemini veto
2026-09-29T14:24:14.712416+00:00,blocked,AAPLUSDT,sell,autonomous,blocked,1,332.50,332.5000,,gemini veto
2026-09-29T14:24:14.712267+00:00,blocked,AAPLUSDT,sell,autonomous,blocked,1,332.50,332.5000,,gemini veto
2026-09-29T14:24:18.106215+00:00,blocked,TSLAUSDT,sell,autonomous,blocked,1,354.93,354.9300,,gemini veto
2026-09-29T14:24:20.754613+00:00,blocked,TSLAUSDT,sell,autonomous,blocked,1,354.92,354.9200,,gemini veto
2026-09-29T14:29:27.3603+00:00,blocked,AAPLUSDT,sell,autonomous,blocked,1,332.07,332.0700,,gemini veto
2026-09-29T14:29:27.360237+00:00,blocked,AAPLUSDT,sell,autonomous,blocked,1,332.07,332.0700,,gemini veto
2026-09-29T14:29:30.257693+00:00,blocked,TSLAUSDT,sell,autonomous,blocked,1,354.59,354.5900,,gemini veto
2026-09-29T14:29:31.472422+00:00,blocked,TSLAUSDT,sell,autonomous,blocked,1,354.54,354.5400,,gemini veto
2026-09-29T14:34:40.38734+00:00,blocked,AAPLUSDT,sell,autonomous,blocked,1,332.11,332.1100,,gemini veto
2026-09-29T14:34:40.387296+00:00,blocked,AAPLUSDT,sell,autonomous,blocked,1,332.11,332.1100,,gemini veto
2026-09-29T14:34:42.702577+00:00,blocked,TSLAUSDT,sell,autonomous,blocked,1,355.37,355.3700,,gemini veto
2026-09-29T14:34:44.996927+00:00,blocked,TSLAUSDT,sell,autonomous,blocked,1,355.36,355.3600,,gemini veto
2026-09-29T14:39:51.979466+00:00,blocked,AAPLUSDT,sell,autonomous,blocked,1,332.13,332.1300,,gemini veto
2026-09-29T14:39:51.979312+00:00,blocked,AAPLUSDT,sell,autonomous,blocked,1,332.13,332.1300,,gemini veto
2026-09-29T14:39:53.904522+00:00,blocked,TSLAUSDT,sell,autonomous,blocked,1,354.76,354.7600,,gemini veto
2026-09-29T14:39:57.377451+00:00,blocked,TSLAUSDT,sell,autonomous,blocked,1,354.80,354.8000,,gemini veto
2026-09-29T14:45:04.322743+00:00,blocked,AAPLUSDT,sell,autonomous,blocked,1,331.97,331.9700,,gemini veto
2026-09-29T14:45:04.322583+00:00,blocked,AAPLUSDT,sell,autonomous,blocked,1,331.97,331.9700,,gemini veto
2026-09-29T14:45:10.446497+00:00,blocked,TSLAUSDT,sell,autonomous,blocked,1,355.04,355.0400,,gemini veto
2026-09-29T14:50:20.605668+00:00,blocked,AAPLUSDT,sell,autonomous,blocked,1,332.04,332.0400,,gemini veto
2026-09-29T14:50:22.356224+00:00,blocked,TSLAUSDT,sell,autonomous,blocked,1,354.41,354.4100,,gemini veto
2026-09-29T14:50:25.680894+00:00,blocked,AAPLUSDT,sell,autonomous,blocked,1,332.02,332.0200,,gemini veto
2026-09-29T14:50:28.687355+00:00,blocked,TSLAUSDT,sell,autonomous,blocked,1,354.43,354.4300,,gemini veto
2026-09-29T14:55:27.98238+00:00,blocked,AAPLUSDT,sell,autonomous,blocked,1,332.68,332.6800,,gemini veto
2026-09-29T14:55:32.480026+00:00,blocked,TSLAUSDT,sell,autonomous,blocked,1,354.72,354.7200,,gemini veto
2026-09-29T14:55:33.67023+00:00,blocked,AAPLUSDT,sell,autonomous,blocked,1,332.66,332.6600,,gemini veto
2026-09-29T14:55:38.733687+00:00,blocked,TSLAUSDT,sell,autonomous,blocked,1,354.69,354.6900,,gemini veto
2026-09-29T15:00:42.535947+00:00,blocked,AAPLUSDT,sell,autonomous,blocked,1,332.28,332.2800,,gemini veto
2026-09-29T15:00:42.535869+00:00,blocked,AAPLUSDT,sell,autonomous,blocked,1,332.28,332.2800,,gemini veto
2026-09-29T15:00:48.191888+00:00,blocked,TSLAUSDT,sell,autonomous,blocked,1,354.00,354.0000,,gemini veto
2026-09-29T15:00:49.576266+00:00,blocked,TSLAUSDT,sell,autonomous,blocked,1,354.03,354.0300,,gemini veto
2026-09-29T15:05:53.396179+00:00,blocked,AAPLUSDT,sell,autonomous,blocked,1,332.09,332.0900,,gemini veto
2026-09-29T15:05:55.798221+00:00,blocked,AAPLUSDT,sell,autonomous,blocked,1,332.10,332.1000,,gemini veto
2026-09-29T15:05:57.201158+00:00,blocked,TSLAUSDT,sell,autonomous,blocked,1,354.20,354.2000,,gemini veto
2026-09-29T15:06:01.19456+00:00,blocked,TSLAUSDT,sell,autonomous,blocked,1,354.17,354.1700,,gemini veto
2026-09-29T15:11:04.495495+00:00,blocked,AAPLUSDT,sell,autonomous,blocked,1,331.94,331.9400,,gemini veto
2026-09-29T15:11:06.400379+00:00,blocked,TSLAUSDT,sell,autonomous,blocked,1,354.06,354.0600,,gemini veto
2026-09-29T15:11:08.753997+00:00,blocked,AAPLUSDT,sell,autonomous,blocked,1,331.81,331.8100,,gemini veto
2026-09-29T15:11:13.982417+00:00,blocked,TSLAUSDT,sell,autonomous,blocked,1,354.02,354.0200,,gemini veto
2026-09-29T15:16:12.30312+00:00,blocked,AAPLUSDT,sell,autonomous,blocked,1,332.46,332.4600,,gemini veto
2026-09-29T15:16:18.901383+00:00,blocked,TSLAUSDT,sell,autonomous,blocked,1,354.25,354.2500,,gemini veto
2026-09-29T15:16:18.902147+00:00,blocked,AAPLUSDT,sell,autonomous,blocked,1,332.44,332.4400,,gemini veto
2026-09-29T15:16:25.234547+00:00,blocked,TSLAUSDT,sell,autonomous,blocked,1,354.12,354.1200,,gemini veto
2026-09-29T15:21:28.075576+00:00,blocked,AAPLUSDT,sell,autonomous,blocked,1,331.90,331.9000,,gemini veto
2026-09-29T15:21:31.999952+00:00,blocked,TSLAUSDT,sell,autonomous,blocked,1,353.83,353.8300,,gemini veto
2026-09-29T15:21:32.000469+00:00,blocked,AAPLUSDT,sell,autonomous,blocked,1,331.90,331.9000,,gemini veto
2026-09-29T15:21:38.365311+00:00,blocked,TSLAUSDT,sell,autonomous,blocked,1,353.85,353.8500,,gemini veto
2026-09-29T15:26:39.390797+00:00,blocked,AAPLUSDT,sell,autonomous,blocked,1,331.94,331.9400,,gemini veto
2026-09-29T15:26:42.877905+00:00,blocked,TSLAUSDT,sell,autonomous,blocked,1,353.65,353.6500,,gemini veto
2026-09-29T15:26:42.878215+00:00,blocked,AAPLUSDT,sell,autonomous,blocked,1,331.94,331.9400,,gemini veto
2026-09-29T15:26:50.290472+00:00,blocked,TSLAUSDT,sell,autonomous,blocked,1,353.44,353.4400,,gemini veto
2026-09-29T15:31:51.716838+00:00,blocked,AAPLUSDT,sell,autonomous,blocked,1,331.81,331.8100,,gemini veto
2026-09-29T15:31:54.28643+00:00,blocked,TSLAUSDT,sell,autonomous,blocked,1,353.48,353.4800,,gemini veto
2026-09-29T15:31:55.355513+00:00,blocked,AAPLUSDT,sell,autonomous,blocked,1,331.78,331.7800,,gemini veto
2026-09-29T15:32:02.26691+00:00,blocked,TSLAUSDT,sell,autonomous,blocked,1,353.50,353.5000,,gemini veto
2026-09-29T15:37:02.174883+00:00,blocked,AAPLUSDT,sell,autonomous,blocked,1,332.27,332.2700,,gemini veto
2026-09-29T15:37:10.497882+00:00,blocked,AAPLUSDT,sell,autonomous,blocked,1,332.19,332.1900,,gemini veto
2026-09-29T15:37:13.079503+00:00,blocked,TSLAUSDT,sell,autonomous,blocked,1,353.80,353.8000,,gemini veto
2026-09-29T15:37:16.604834+00:00,blocked,TSLAUSDT,sell,autonomous,blocked,1,353.82,353.8200,,gemini veto
2026-09-29T15:42:22.364457+00:00,blocked,AAPLUSDT,sell,autonomous,blocked,1,332.30,332.3000,,gemini veto
2026-09-29T15:42:22.364278+00:00,blocked,AAPLUSDT,sell,autonomous,blocked,1,332.30,332.3000,,gemini veto
2026-09-29T15:42:25.065858+00:00,blocked,TSLAUSDT,sell,autonomous,blocked,1,354.27,354.2700,,gemini veto
2026-09-29T15:42:26.32132+00:00,blocked,TSLAUSDT,sell,autonomous,blocked,1,354.27,354.2700,,gemini veto
2026-09-29T15:47:33.785975+00:00,blocked,AAPLUSDT,sell,autonomous,blocked,1,332.12,332.1200,,gemini veto
2026-09-29T15:47:33.785946+00:00,blocked,AAPLUSDT,sell,autonomous,blocked,1,332.12,332.1200,,gemini veto
2026-09-29T15:47:36.792538+00:00,blocked,TSLAUSDT,sell,autonomous,blocked,1,354.70,354.7000,,gemini veto
2026-09-29T15:47:39.781219+00:00,blocked,TSLAUSDT,sell,autonomous,blocked,1,354.54,354.5400,,gemini veto
2026-09-29T15:52:45.396486+00:00,blocked,AAPLUSDT,sell,autonomous,blocked,1,331.20,331.2000,,gemini veto
2026-09-29T15:52:47.012107+00:00,blocked,AAPLUSDT,sell,autonomous,blocked,1,331.22,331.2200,,gemini veto
2026-09-29T15:52:48.273435+00:00,blocked,TSLAUSDT,sell,autonomous,blocked,1,354.19,354.1900,,gemini veto
2026-09-29T15:52:51.087302+00:00,blocked,TSLAUSDT,sell,autonomous,blocked,1,354.14,354.1400,,gemini veto
2026-09-29T15:57:56.822996+00:00,blocked,AAPLUSDT,sell,autonomous,blocked,1,331.16,331.1600,,gemini veto
2026-09-29T15:57:58.333384+00:00,blocked,AAPLUSDT,sell,autonomous,blocked,1,331.13,331.1300,,gemini veto
2026-09-29T15:57:59.656942+00:00,blocked,TSLAUSDT,sell,autonomous,blocked,1,354.21,354.2100,,gemini veto
2026-09-29T15:58:02.512509+00:00,blocked,TSLAUSDT,sell,autonomous,blocked,1,354.21,354.2100,,gemini veto
2026-09-29T16:03:05.123931+00:00,blocked,AAPLUSDT,sell,autonomous,blocked,1,330.90,330.9000,,gemini veto
2026-09-29T16:03:11.311866+00:00,blocked,AAPLUSDT,sell,autonomous,blocked,1,330.90,330.9000,,gemini veto
2026-09-29T16:03:13.886721+00:00,blocked,TSLAUSDT,sell,autonomous,blocked,1,354.02,354.0200,,gemini veto
2026-09-29T16:03:17.279717+00:00,blocked,TSLAUSDT,sell,autonomous,blocked,1,354.04,354.0400,,gemini veto
2026-09-29T16:08:22.884512+00:00,blocked,AAPLUSDT,sell,autonomous,blocked,1,330.80,330.8000,,gemini veto
2026-09-29T16:08:23.554164+00:00,blocked,AAPLUSDT,sell,autonomous,blocked,1,330.80,330.8000,,gemini veto
2026-09-29T16:08:35.053348+00:00,blocked,TSLAUSDT,sell,autonomous,blocked,1,353.81,353.8100,,gemini veto
2026-09-29T16:08:37.248251+00:00,blocked,TSLAUSDT,sell,autonomous,blocked,1,353.81,353.8100,,gemini veto
2026-09-29T16:13:43.484832+00:00,blocked,AAPLUSDT,sell,autonomous,blocked,1,331.03,331.0300,,gemini veto
2026-09-29T16:13:51.693143+00:00,blocked,AAPLUSDT,sell,autonomous,blocked,1,331.03,331.0300,,gemini veto
2026-09-29T16:13:54.198676+00:00,blocked,TSLAUSDT,sell,autonomous,blocked,1,353.53,353.5300,,gemini veto
2026-09-29T16:13:56.370336+00:00,blocked,TSLAUSDT,sell,autonomous,blocked,1,353.46,353.4600,,gemini veto
2026-09-29T16:18:57.588278+00:00,blocked,AAPLUSDT,sell,autonomous,blocked,1,330.66,330.6600,,gemini veto
2026-09-29T16:18:59.466498+00:00,blocked,TSLAUSDT,sell,autonomous,blocked,1,353.33,353.3300,,gemini veto
2026-09-29T16:19:01.294143+00:00,blocked,AAPLUSDT,sell,autonomous,blocked,1,330.67,330.6700,,gemini veto
2026-09-29T16:19:03.704808+00:00,blocked,TSLAUSDT,sell,autonomous,blocked,1,353.35,353.3500,,gemini veto
2026-09-29T16:24:01.816268+00:00,blocked,AAPLUSDT,sell,autonomous,blocked,1,330.72,330.7200,,gemini veto
2026-09-29T16:24:08.160916+00:00,blocked,TSLAUSDT,sell,autonomous,blocked,1,353.59,353.5900,,gemini veto
2026-09-29T16:24:08.163151+00:00,blocked,AAPLUSDT,sell,autonomous,blocked,1,330.79,330.7900,,gemini veto
2026-09-29T16:24:14.479414+00:00,blocked,TSLAUSDT,sell,autonomous,blocked,1,353.65,353.6500,,gemini veto
2026-09-29T16:29:16.478522+00:00,blocked,AAPLUSDT,sell,autonomous,blocked,1,330.97,330.9700,,gemini veto
2026-09-29T16:29:18.843729+00:00,blocked,AAPLUSDT,sell,autonomous,blocked,1,331.01,331.0100,,gemini veto
2026-09-29T16:29:21.093689+00:00,blocked,TSLAUSDT,sell,autonomous,blocked,1,353.44,353.4400,,gemini veto
2026-09-29T16:29:23.686372+00:00,blocked,TSLAUSDT,sell,autonomous,blocked,1,353.40,353.4000,,gemini veto
2026-09-29T16:34:31.753087+00:00,blocked,AAPLUSDT,sell,autonomous,blocked,1,331.13,331.1300,,gemini veto
2026-09-29T16:34:31.753052+00:00,blocked,AAPLUSDT,sell,autonomous,blocked,1,331.13,331.1300,,gemini veto
2026-09-29T16:34:45.28095+00:00,blocked,TSLAUSDT,sell,autonomous,blocked,1,353.10,353.1000,,gemini veto
2026-09-29T16:34:46.773118+00:00,blocked,TSLAUSDT,sell,autonomous,blocked,1,353.13,353.1300,,gemini veto
2026-09-29T16:39:54.878549+00:00,blocked,AAPLUSDT,sell,autonomous,blocked,1,331.27,331.2700,,gemini veto
2026-09-29T16:39:54.878524+00:00,blocked,AAPLUSDT,sell,autonomous,blocked,1,331.28,331.2800,,gemini veto
2026-09-29T16:39:59.993981+00:00,blocked,TSLAUSDT,sell,autonomous,blocked,1,352.78,352.7800,,gemini veto
2026-09-29T16:40:01.390633+00:00,blocked,TSLAUSDT,sell,autonomous,blocked,1,352.78,352.7800,,gemini veto
2026-09-29T16:45:09.559931+00:00,blocked,AAPLUSDT,sell,autonomous,blocked,1,331.21,331.2100,,gemini veto
2026-09-29T16:45:09.559798+00:00,blocked,AAPLUSDT,sell,autonomous,blocked,1,331.21,331.2100,,gemini veto
2026-09-29T16:45:15.45986+00:00,blocked,TSLAUSDT,sell,autonomous,blocked,1,352.44,352.4400,,gemini veto
2026-09-29T16:45:20.673861+00:00,blocked,TSLAUSDT,sell,autonomous,blocked,1,352.44,352.4400,,gemini veto
2026-09-29T16:50:23.789875+00:00,blocked,AAPLUSDT,sell,autonomous,blocked,1,331.41,331.4100,,gemini veto
2026-09-29T16:50:26.015616+00:00,blocked,TSLAUSDT,sell,autonomous,blocked,1,352.71,352.7100,,gemini veto
2026-09-29T16:50:27.286051+00:00,blocked,AAPLUSDT,sell,autonomous,blocked,1,331.39,331.3900,,gemini veto
2026-09-29T16:50:31.262739+00:00,blocked,TSLAUSDT,sell,autonomous,blocked,1,352.70,352.7000,,gemini veto
2026-09-29T16:55:35.260458+00:00,blocked,AAPLUSDT,sell,autonomous,blocked,1,331.30,331.3000,,gemini veto
2026-09-29T16:55:35.260339+00:00,blocked,AAPLUSDT,sell,autonomous,blocked,1,331.30,331.3000,,gemini veto
2026-09-29T16:55:38.203841+00:00,blocked,TSLAUSDT,sell,autonomous,blocked,1,352.18,352.1800,,gemini veto
2026-09-29T16:55:40.603473+00:00,blocked,TSLAUSDT,sell,autonomous,blocked,1,352.14,352.1400,,gemini veto
2026-09-29T17:00:47.151742+00:00,blocked,AAPLUSDT,sell,autonomous,blocked,1,331.12,331.1200,,gemini veto
2026-09-29T17:00:47.151661+00:00,blocked,AAPLUSDT,sell,autonomous,blocked,1,331.12,331.1200,,gemini veto
2026-09-29T17:00:50.580288+00:00,blocked,TSLAUSDT,sell,autonomous,blocked,1,351.97,351.9700,,gemini veto
2026-09-29T17:00:53.095239+00:00,blocked,TSLAUSDT,sell,autonomous,blocked,1,351.98,351.9800,,gemini veto
2026-09-29T17:06:00.083117+00:00,blocked,AAPLUSDT,sell,autonomous,blocked,1,331.10,331.1000,,gemini veto
2026-09-29T17:06:00.083045+00:00,blocked,AAPLUSDT,sell,autonomous,blocked,1,331.10,331.1000,,gemini veto
2026-09-29T17:06:03.872623+00:00,blocked,TSLAUSDT,sell,autonomous,blocked,1,352.20,352.2000,,gemini veto
2026-09-29T17:06:06.197488+00:00,blocked,TSLAUSDT,sell,autonomous,blocked,1,352.22,352.2200,,gemini veto
2026-09-29T17:11:12.427349+00:00,blocked,AAPLUSDT,sell,autonomous,blocked,1,331.23,331.2300,,gemini veto
2026-09-29T17:11:17.872311+00:00,blocked,TSLAUSDT,sell,autonomous,blocked,1,352.36,352.3600,,gemini veto
2026-09-29T17:11:21.651855+00:00,blocked,AAPLUSDT,sell,autonomous,blocked,1,331.24,331.2400,,gemini veto
2026-09-29T17:11:24.088045+00:00,blocked,TSLAUSDT,sell,autonomous,blocked,1,352.53,352.5300,,gemini veto
2026-09-29T17:16:23.986627+00:00,blocked,AAPLUSDT,sell,autonomous,blocked,1,331.25,331.2500,,gemini veto
2026-09-29T17:16:25.783254+00:00,blocked,AAPLUSDT,sell,autonomous,blocked,1,331.30,331.3000,,gemini veto
2026-09-29T17:16:30.108118+00:00,blocked,TSLAUSDT,sell,autonomous,blocked,1,352.24,352.2400,,gemini veto
2026-09-29T17:16:32.698885+00:00,blocked,TSLAUSDT,sell,autonomous,blocked,1,352.20,352.2000,,gemini veto
2026-09-29T17:21:38.709604+00:00,blocked,AAPLUSDT,sell,autonomous,blocked,1,331.27,331.2700,,gemini veto
2026-09-29T17:21:38.709536+00:00,blocked,AAPLUSDT,sell,autonomous,blocked,1,331.27,331.2700,,gemini veto
2026-09-29T17:21:41.806652+00:00,blocked,TSLAUSDT,sell,autonomous,blocked,1,352.19,352.1900,,gemini veto
2026-09-29T17:21:44.467546+00:00,blocked,TSLAUSDT,sell,autonomous,blocked,1,352.26,352.2600,,gemini veto
2026-09-29T17:26:46.806038+00:00,blocked,AAPLUSDT,sell,autonomous,blocked,1,331.57,331.5700,,gemini veto
2026-09-29T17:26:52.378695+00:00,blocked,AAPLUSDT,sell,autonomous,blocked,1,331.55,331.5500,,gemini veto
2026-09-29T17:26:55.17915+00:00,blocked,TSLAUSDT,sell,autonomous,blocked,1,352.59,352.5900,,gemini veto
2026-09-29T17:26:58.842406+00:00,blocked,TSLAUSDT,sell,autonomous,blocked,1,352.58,352.5800,,gemini veto
2026-09-29T17:32:02.153691+00:00,blocked,AAPLUSDT,sell,autonomous,blocked,1,331.50,331.5000,,gemini veto
2026-09-29T17:32:09.887472+00:00,blocked,AAPLUSDT,sell,autonomous,blocked,1,331.52,331.5200,,gemini veto
2026-09-29T17:32:21.408323+00:00,blocked,TSLAUSDT,sell,autonomous,blocked,1,352.85,352.8500,,gemini veto
2026-09-29T17:32:24.115213+00:00,blocked,TSLAUSDT,sell,autonomous,blocked,1,352.87,352.8700,,gemini veto
2026-09-29T17:37:26.816513+00:00,blocked,AAPLUSDT,sell,autonomous,blocked,1,331.91,331.9100,,gemini veto
2026-09-29T17:37:29.598793+00:00,blocked,AAPLUSDT,sell,autonomous,blocked,1,331.88,331.8800,,gemini veto
2026-09-29T17:37:29.598282+00:00,blocked,TSLAUSDT,sell,autonomous,blocked,1,352.62,352.6200,,gemini veto
2026-09-29T17:37:33.203258+00:00,blocked,TSLAUSDT,sell,autonomous,blocked,1,352.63,352.6300,,gemini veto
2026-09-29T17:42:34.691963+00:00,blocked,AAPLUSDT,sell,autonomous,blocked,1,332.05,332.0500,,gemini veto
2026-09-29T17:42:37.088153+00:00,blocked,AAPLUSDT,sell,autonomous,blocked,1,332.03,332.0300,,gemini veto
2026-09-29T17:42:38.486599+00:00,blocked,TSLAUSDT,sell,autonomous,blocked,1,352.72,352.7200,,gemini veto
2026-09-29T17:42:40.704833+00:00,blocked,TSLAUSDT,sell,autonomous,blocked,1,352.72,352.7200,,gemini veto
2026-09-29T18:33:34.469037+00:00,blocked,AAPLUSDT,sell,autonomous,blocked,1,331.41,331.4100,,gemini veto
2026-09-29T18:33:34.561106+00:00,blocked,AAPLUSDT,sell,autonomous,blocked,1,331.41,331.4100,,gemini veto
2026-09-29T18:33:46.605432+00:00,blocked,TSLAUSDT,sell,autonomous,blocked,1,353.87,353.8700,,gemini veto
2026-09-29T18:33:49.161926+00:00,blocked,TSLAUSDT,sell,autonomous,blocked,1,353.82,353.8200,,gemini veto
2026-09-29T18:39:00.717845+00:00,blocked,AAPLUSDT,sell,autonomous,blocked,1,331.54,331.5400,,gemini veto
2026-09-29T18:39:00.717685+00:00,blocked,AAPLUSDT,sell,autonomous,blocked,1,331.54,331.5400,,gemini veto
2026-09-29T18:39:02.622073+00:00,blocked,TSLAUSDT,sell,autonomous,blocked,1,354.38,354.3800,,gemini veto
2026-09-29T18:39:10.569395+00:00,blocked,TSLAUSDT,sell,autonomous,blocked,1,354.47,354.4700,,gemini veto
2026-09-29T18:44:15.923659+00:00,blocked,AAPLUSDT,sell,autonomous,blocked,1,331.42,331.4200,,gemini veto
2026-09-29T18:44:15.92356+00:00,blocked,AAPLUSDT,sell,autonomous,blocked,1,331.42,331.4200,,gemini veto
2026-09-29T18:44:17.981407+00:00,blocked,TSLAUSDT,sell,autonomous,blocked,1,353.95,353.9500,,gemini veto
2026-09-29T18:44:24.778105+00:00,blocked,TSLAUSDT,sell,autonomous,blocked,1,353.97,353.9700,,gemini veto
2026-09-29T18:49:30.002481+00:00,blocked,AAPLUSDT,sell,autonomous,blocked,1,331.30,331.3000,,gemini veto
2026-09-29T18:49:30.002421+00:00,blocked,AAPLUSDT,sell,autonomous,blocked,1,331.30,331.3000,,gemini veto
2026-09-29T18:49:39.014863+00:00,blocked,TSLAUSDT,sell,autonomous,blocked,1,354.27,354.2700,,gemini veto
2026-09-29T18:49:40.290469+00:00,blocked,TSLAUSDT,sell,autonomous,blocked,1,354.27,354.2700,,gemini veto
2026-09-29T18:54:43.497581+00:00,blocked,AAPLUSDT,sell,autonomous,blocked,1,331.23,331.2300,,gemini veto
2026-09-29T18:54:49.391191+00:00,blocked,AAPLUSDT,sell,autonomous,blocked,1,331.19,331.1900,,gemini veto
2026-09-29T18:54:51.922701+00:00,blocked,TSLAUSDT,sell,autonomous,blocked,1,354.22,354.2200,,gemini veto
2026-09-29T18:54:53.210012+00:00,blocked,TSLAUSDT,sell,autonomous,blocked,1,354.18,354.1800,,gemini veto
2026-09-29T18:59:56.094999+00:00,blocked,AAPLUSDT,sell,autonomous,blocked,1,330.96,330.9600,,gemini veto
2026-09-29T18:59:57.362475+00:00,blocked,AAPLUSDT,sell,autonomous,blocked,1,330.94,330.9400,,gemini veto
2026-09-29T19:00:08.830697+00:00,blocked,TSLAUSDT,sell,autonomous,blocked,1,354.18,354.1800,,gemini veto
2026-09-29T19:00:10.614989+00:00,blocked,TSLAUSDT,sell,autonomous,blocked,1,354.24,354.2400,,gemini veto
2026-09-29T19:05:18.628137+00:00,blocked,AAPLUSDT,sell,autonomous,blocked,1,330.76,330.7600,,gemini veto
2026-09-29T19:05:18.628013+00:00,blocked,AAPLUSDT,sell,autonomous,blocked,1,330.76,330.7600,,gemini veto
2026-09-29T19:05:21.828538+00:00,blocked,TSLAUSDT,sell,autonomous,blocked,1,354.38,354.3800,,gemini veto
2026-09-29T19:05:23.098732+00:00,blocked,TSLAUSDT,sell,autonomous,blocked,1,354.38,354.3800,,gemini veto
2026-09-29T19:10:30.30276+00:00,blocked,AAPLUSDT,sell,autonomous,blocked,1,330.56,330.5600,,gemini veto
2026-09-29T19:10:30.302636+00:00,blocked,AAPLUSDT,sell,autonomous,blocked,1,330.56,330.5600,,gemini veto
2026-09-29T19:10:32.909577+00:00,blocked,TSLAUSDT,sell,autonomous,blocked,1,353.86,353.8600,,gemini veto
2026-09-29T19:10:34.100936+00:00,blocked,TSLAUSDT,sell,autonomous,blocked,1,353.90,353.9000,,gemini veto
2026-09-29T19:15:36.922503+00:00,blocked,AAPLUSDT,sell,autonomous,blocked,1,330.65,330.6500,,gemini veto
2026-09-29T19:15:42.8059+00:00,blocked,AAPLUSDT,sell,autonomous,blocked,1,330.66,330.6600,,gemini veto
2026-09-29T19:15:45.396521+00:00,blocked,TSLAUSDT,sell,autonomous,blocked,1,353.84,353.8400,,gemini veto
2026-09-29T19:15:46.629371+00:00,blocked,TSLAUSDT,sell,autonomous,blocked,1,353.83,353.8300,,gemini veto
2026-09-29T19:20:49.370069+00:00,blocked,AAPLUSDT,sell,autonomous,blocked,1,330.44,330.4400,,gemini veto
2026-09-29T19:20:50.733987+00:00,blocked,AAPLUSDT,sell,autonomous,blocked,1,330.42,330.4200,,gemini veto
2026-09-29T19:20:57.699358+00:00,blocked,TSLAUSDT,sell,autonomous,blocked,1,353.21,353.2100,,gemini veto
2026-09-29T19:21:07.421334+00:00,blocked,TSLAUSDT,sell,autonomous,blocked,1,353.19,353.1900,,gemini veto
2026-09-29T19:26:10.601944+00:00,blocked,AAPLUSDT,sell,autonomous,blocked,1,330.55,330.5500,,gemini veto
2026-09-29T19:26:10.60204+00:00,blocked,AAPLUSDT,sell,autonomous,blocked,1,330.54,330.5400,,gemini veto
2026-09-29T19:26:13.281824+00:00,blocked,TSLAUSDT,sell,autonomous,blocked,1,352.83,352.8300,,gemini veto
2026-09-29T19:26:14.622563+00:00,blocked,TSLAUSDT,sell,autonomous,blocked,1,352.78,352.7800,,gemini veto
2026-09-29T19:31:17.318408+00:00,blocked,AAPLUSDT,sell,autonomous,blocked,1,330.40,330.4000,,gemini veto
2026-09-29T19:31:18.902931+00:00,blocked,AAPLUSDT,sell,autonomous,blocked,1,330.40,330.4000,,gemini veto
2026-09-29T19:31:26.130862+00:00,blocked,TSLAUSDT,sell,autonomous,blocked,1,352.60,352.6000,,gemini veto
2026-09-29T19:31:29.12187+00:00,blocked,TSLAUSDT,sell,autonomous,blocked,1,352.56,352.5600,,gemini veto
2026-09-29T19:36:31.415957+00:00,blocked,AAPLUSDT,sell,autonomous,blocked,1,330.27,330.2700,,gemini veto
2026-09-29T19:36:31.690067+00:00,blocked,AAPLUSDT,sell,autonomous,blocked,1,330.29,330.2900,,gemini veto
2026-09-29T19:36:33.496399+00:00,blocked,TSLAUSDT,sell,autonomous,blocked,1,352.80,352.8000,,gemini veto
2026-09-29T19:36:41.718475+00:00,blocked,TSLAUSDT,sell,autonomous,blocked,1,352.86,352.8600,,gemini veto
2026-09-29T19:41:46.901374+00:00,blocked,AAPLUSDT,sell,autonomous,blocked,1,329.61,329.6100,,gemini veto
2026-09-29T19:41:46.901199+00:00,blocked,AAPLUSDT,sell,autonomous,blocked,1,329.63,329.6300,,gemini veto
2026-09-29T19:41:54.708431+00:00,blocked,TSLAUSDT,sell,autonomous,blocked,1,352.74,352.7400,,gemini veto
2026-09-29T19:41:56.037278+00:00,blocked,TSLAUSDT,sell,autonomous,blocked,1,352.74,352.7400,,gemini veto
2026-09-29T19:46:59.514694+00:00,blocked,AAPLUSDT,sell,autonomous,blocked,1,329.54,329.5400,,gemini veto
2026-09-29T19:47:01.394756+00:00,blocked,TSLAUSDT,sell,autonomous,blocked,1,352.73,352.7300,,gemini veto
2026-09-29T19:47:01.395796+00:00,blocked,AAPLUSDT,sell,autonomous,blocked,1,329.53,329.5300,,gemini veto
2026-09-29T19:47:10.494916+00:00,blocked,TSLAUSDT,sell,autonomous,blocked,1,352.79,352.7900,,gemini veto
2026-09-29T19:52:14.013505+00:00,blocked,AAPLUSDT,sell,autonomous,blocked,1,329.35,329.3500,,gemini veto
2026-09-29T19:52:14.013416+00:00,blocked,AAPLUSDT,sell,autonomous,blocked,1,329.35,329.3500,,gemini veto
2026-09-29T19:52:15.896055+00:00,blocked,TSLAUSDT,sell,autonomous,blocked,1,352.53,352.5300,,gemini veto
2026-09-29T19:52:22.928133+00:00,blocked,TSLAUSDT,sell,autonomous,blocked,1,352.59,352.5900,,gemini veto
2026-09-29T19:57:28.323776+00:00,blocked,AAPLUSDT,sell,autonomous,blocked,1,329.06,329.0600,,gemini veto
2026-09-29T19:57:28.323675+00:00,blocked,AAPLUSDT,sell,autonomous,blocked,1,329.06,329.0600,,gemini veto
2026-09-29T19:57:37.394971+00:00,blocked,TSLAUSDT,sell,autonomous,blocked,1,353.11,353.1100,,gemini veto
2026-09-29T19:57:38.858815+00:00,blocked,TSLAUSDT,sell,autonomous,blocked,1,353.11,353.1100,,gemini veto
2026-09-29T20:02:42.688372+00:00,blocked,AAPLUSDT,sell,autonomous,blocked,1,329.40,329.4000,,gemini veto
2026-09-29T20:02:42.80807+00:00,blocked,AAPLUSDT,sell,autonomous,blocked,1,329.40,329.4000,,gemini veto
2026-09-29T20:02:50.260586+00:00,blocked,TSLAUSDT,sell,autonomous,blocked,1,353.12,353.1200,,gemini veto
2026-09-29T20:02:52.984287+00:00,blocked,TSLAUSDT,sell,autonomous,blocked,1,353.10,353.1000,,gemini veto
2026-09-29T20:07:55.501443+00:00,blocked,AAPLUSDT,sell,autonomous,blocked,1,329.55,329.5500,,gemini veto
2026-09-29T20:07:57.393153+00:00,blocked,AAPLUSDT,sell,autonomous,blocked,1,329.53,329.5300,,gemini veto
2026-09-29T20:08:04.602954+00:00,blocked,TSLAUSDT,sell,autonomous,blocked,1,353.14,353.1400,,gemini veto
2026-09-29T20:13:16.403506+00:00,blocked,AAPLUSDT,sell,autonomous,blocked,1,329.55,329.5500,,gemini veto
2026-09-29T20:13:17.702958+00:00,blocked,AAPLUSDT,sell,autonomous,blocked,1,329.55,329.5500,,gemini veto
2026-09-29T20:13:19.066067+00:00,blocked,TSLAUSDT,sell,autonomous,blocked,1,353.17,353.1700,,gemini veto
2026-09-29T20:13:20.591804+00:00,blocked,TSLAUSDT,sell,autonomous,blocked,1,353.17,353.1700,,gemini veto
2026-09-29T20:18:23.027471+00:00,blocked,AAPLUSDT,sell,autonomous,blocked,1,329.60,329.6000,,gemini veto
2026-09-29T20:18:23.176591+00:00,blocked,AAPLUSDT,sell,autonomous,blocked,1,329.56,329.5600,,gemini veto
2026-09-29T20:18:25.014634+00:00,blocked,TSLAUSDT,sell,autonomous,blocked,1,353.15,353.1500,,gemini veto
2026-09-29T20:18:32.895313+00:00,blocked,TSLAUSDT,sell,autonomous,blocked,1,353.23,353.2300,,gemini veto
2026-09-29T20:23:39.129972+00:00,blocked,AAPLUSDT,sell,autonomous,blocked,1,329.75,329.7500,,gemini veto
2026-09-29T20:23:39.130065+00:00,blocked,AAPLUSDT,sell,autonomous,blocked,1,329.75,329.7500,,gemini veto
2026-09-29T20:23:42.497568+00:00,blocked,TSLAUSDT,sell,autonomous,blocked,1,353.24,353.2400,,gemini veto
2026-09-29T20:23:49.79929+00:00,blocked,TSLAUSDT,sell,autonomous,blocked,1,353.30,353.3000,,gemini veto
2026-09-29T20:28:54.229202+00:00,blocked,AAPLUSDT,sell,autonomous,blocked,1,329.75,329.7500,,gemini veto
2026-09-29T20:28:54.387853+00:00,blocked,AAPLUSDT,sell,autonomous,blocked,1,329.75,329.7500,,gemini veto
2026-09-29T20:28:59.102808+00:00,blocked,TSLAUSDT,sell,autonomous,blocked,1,353.40,353.4000,,gemini veto
2026-09-29T20:29:06.295124+00:00,blocked,TSLAUSDT,sell,autonomous,blocked,1,353.40,353.4000,,gemini veto
2026-09-29T20:34:11.329182+00:00,blocked,AAPLUSDT,sell,autonomous,blocked,1,329.80,329.8000,,gemini veto
2026-09-29T20:34:11.414708+00:00,blocked,AAPLUSDT,sell,autonomous,blocked,1,329.80,329.8000,,gemini veto
2026-09-29T20:34:19.034348+00:00,blocked,TSLAUSDT,sell,autonomous,blocked,1,353.62,353.6200,,gemini veto
2026-09-29T20:34:20.237256+00:00,blocked,TSLAUSDT,sell,autonomous,blocked,1,353.62,353.6200,,gemini veto
2026-09-29T20:39:25.754788+00:00,blocked,AAPLUSDT,sell,autonomous,blocked,1,329.82,329.8200,,gemini veto
2026-09-29T20:39:25.754706+00:00,blocked,AAPLUSDT,sell,autonomous,blocked,1,329.82,329.8200,,gemini veto
2026-09-29T20:39:33.085786+00:00,blocked,TSLAUSDT,sell,autonomous,blocked,1,353.72,353.7200,,gemini veto
2026-09-29T20:39:34.402705+00:00,blocked,TSLAUSDT,sell,autonomous,blocked,1,353.71,353.7100,,gemini veto
2026-09-29T20:44:39.13818+00:00,blocked,AAPLUSDT,sell,autonomous,blocked,1,329.80,329.8000,,gemini veto
2026-09-29T20:44:39.400554+00:00,blocked,AAPLUSDT,sell,autonomous,blocked,1,329.80,329.8000,,gemini veto
2026-09-29T20:44:47.709006+00:00,blocked,TSLAUSDT,sell,autonomous,blocked,1,353.70,353.7000,,gemini veto
2026-09-29T20:49:51.993467+00:00,blocked,AAPLUSDT,sell,autonomous,blocked,1,329.75,329.7500,,gemini veto
2026-09-29T20:49:57.20528+00:00,blocked,AAPLUSDT,sell,autonomous,blocked,1,329.75,329.7500,,gemini veto
2026-09-29T20:49:59.020621+00:00,blocked,TSLAUSDT,sell,autonomous,blocked,1,353.55,353.5500,,gemini veto
2026-09-29T20:50:00.302694+00:00,blocked,TSLAUSDT,sell,autonomous,blocked,1,353.55,353.5500,,gemini veto
2026-09-29T20:55:05.420091+00:00,blocked,AAPLUSDT,sell,autonomous,blocked,1,329.71,329.7100,,gemini veto
2026-09-29T20:55:11.592782+00:00,blocked,AAPLUSDT,sell,autonomous,blocked,1,329.80,329.8000,,gemini veto
2026-09-29T20:55:13.016188+00:00,blocked,TSLAUSDT,sell,autonomous,blocked,1,353.67,353.6700,,gemini veto
2026-09-29T20:55:14.36322+00:00,blocked,TSLAUSDT,sell,autonomous,blocked,1,353.67,353.6700,,gemini veto
2026-09-29T21:00:18.340546+00:00,blocked,AAPLUSDT,sell,autonomous,blocked,1,329.67,329.6700,,gemini veto
2026-09-29T21:00:23.715501+00:00,blocked,AAPLUSDT,sell,autonomous,blocked,1,329.61,329.6100,,gemini veto
2026-09-29T21:00:25.57027+00:00,blocked,TSLAUSDT,sell,autonomous,blocked,1,353.62,353.6200,,gemini veto
2026-09-29T21:00:29.697712+00:00,blocked,TSLAUSDT,sell,autonomous,blocked,1,353.59,353.5900,,gemini veto
2026-09-29T21:05:35.813543+00:00,blocked,AAPLUSDT,sell,autonomous,blocked,1,329.75,329.7500,,gemini veto
2026-09-29T21:05:35.813369+00:00,blocked,AAPLUSDT,sell,autonomous,blocked,1,329.75,329.7500,,gemini veto
2026-09-29T21:05:40.025624+00:00,blocked,TSLAUSDT,sell,autonomous,blocked,1,353.53,353.5300,,gemini veto
2026-09-29T21:05:41.650777+00:00,blocked,TSLAUSDT,sell,autonomous,blocked,1,353.50,353.5000,,gemini veto
2026-09-29T21:10:48.181072+00:00,blocked,AAPLUSDT,sell,autonomous,blocked,1,329.73,329.7300,,gemini veto
2026-09-29T21:10:48.18105+00:00,blocked,AAPLUSDT,sell,autonomous,blocked,1,329.73,329.7300,,gemini veto
2026-09-29T21:10:51.272369+00:00,blocked,TSLAUSDT,sell,autonomous,blocked,1,353.65,353.6500,,gemini veto
2026-09-29T21:10:52.496282+00:00,blocked,TSLAUSDT,sell,autonomous,blocked,1,353.65,353.6500,,gemini veto
2026-09-29T21:16:00.753575+00:00,blocked,AAPLUSDT,sell,autonomous,blocked,1,329.89,329.8900,,gemini veto
2026-09-29T21:16:00.753474+00:00,blocked,AAPLUSDT,sell,autonomous,blocked,1,329.89,329.8900,,gemini veto
2026-09-29T21:16:04.517623+00:00,blocked,TSLAUSDT,sell,autonomous,blocked,1,353.74,353.7400,,gemini veto
2026-09-29T21:16:05.710469+00:00,blocked,TSLAUSDT,sell,autonomous,blocked,1,353.78,353.7800,,gemini veto
2026-09-29T21:21:13.409692+00:00,blocked,AAPLUSDT,sell,autonomous,blocked,1,329.89,329.8900,,gemini veto
2026-09-29T21:21:13.409647+00:00,blocked,AAPLUSDT,sell,autonomous,blocked,1,329.89,329.8900,,gemini veto
2026-09-29T21:21:16.200105+00:00,blocked,TSLAUSDT,sell,autonomous,blocked,1,353.66,353.6600,,gemini veto
2026-09-29T21:21:18.416131+00:00,blocked,TSLAUSDT,sell,autonomous,blocked,1,353.66,353.6600,,gemini veto
2026-09-29T21:26:25.188552+00:00,blocked,AAPLUSDT,sell,autonomous,blocked,1,329.95,329.9500,,gemini veto
2026-09-29T21:26:25.18847+00:00,blocked,AAPLUSDT,sell,autonomous,blocked,1,329.95,329.9500,,gemini veto
2026-09-29T21:26:29.300132+00:00,blocked,TSLAUSDT,sell,autonomous,blocked,1,353.72,353.7200,,gemini veto
2026-09-29T21:26:30.503952+00:00,blocked,TSLAUSDT,sell,autonomous,blocked,1,353.72,353.7200,,gemini veto
2026-09-29T21:31:34.802968+00:00,blocked,AAPLUSDT,sell,autonomous,blocked,1,329.93,329.9300,,gemini veto
2026-09-29T21:31:40.692886+00:00,blocked,AAPLUSDT,sell,autonomous,blocked,1,329.93,329.9300,,gemini veto
2026-09-29T21:31:43.314726+00:00,blocked,TSLAUSDT,sell,autonomous,blocked,1,353.80,353.8000,,gemini veto
2026-09-29T21:31:45.610732+00:00,blocked,TSLAUSDT,sell,autonomous,blocked,1,353.80,353.8000,,gemini veto
2026-09-29T21:36:47.205994+00:00,blocked,AAPLUSDT,sell,autonomous,blocked,1,329.96,329.9600,,gemini veto
2026-09-29T21:36:48.950003+00:00,blocked,AAPLUSDT,sell,autonomous,blocked,1,329.96,329.9600,,gemini veto
2026-09-29T21:36:56.90015+00:00,blocked,TSLAUSDT,sell,autonomous,blocked,1,353.93,353.9300,,gemini veto
2026-09-29T21:36:58.207731+00:00,blocked,TSLAUSDT,sell,autonomous,blocked,1,353.93,353.9300,,gemini veto
2026-09-29T21:42:02.460631+00:00,blocked,AAPLUSDT,sell,autonomous,blocked,1,329.94,329.9400,,gemini veto
2026-09-29T21:42:04.231073+00:00,blocked,AAPLUSDT,sell,autonomous,blocked,1,329.94,329.9400,,gemini veto
2026-09-29T21:42:06.913299+00:00,blocked,TSLAUSDT,sell,autonomous,blocked,1,354.09,354.0900,,gemini veto
2026-09-29T21:42:13.099784+00:00,blocked,TSLAUSDT,sell,autonomous,blocked,1,354.06,354.0600,,gemini veto
2026-09-29T21:47:18.227676+00:00,blocked,AAPLUSDT,sell,autonomous,blocked,1,329.95,329.9500,,gemini veto
2026-09-29T21:47:18.227653+00:00,blocked,AAPLUSDT,sell,autonomous,blocked,1,329.95,329.9500,,gemini veto
2026-09-29T21:47:25.950077+00:00,blocked,TSLAUSDT,sell,autonomous,blocked,1,354.06,354.0600,,gemini veto
2026-09-29T21:47:28.096465+00:00,blocked,TSLAUSDT,sell,autonomous,blocked,1,354.06,354.0600,,gemini veto
2026-09-29T21:52:31.257517+00:00,blocked,AAPLUSDT,sell,autonomous,blocked,1,329.94,329.9400,,gemini veto
2026-09-29T21:52:36.226435+00:00,blocked,AAPLUSDT,sell,autonomous,blocked,1,329.93,329.9300,,gemini veto
2026-09-29T21:52:37.607454+00:00,blocked,TSLAUSDT,sell,autonomous,blocked,1,354.08,354.0800,,gemini veto
2026-09-29T21:52:41.306862+00:00,blocked,TSLAUSDT,sell,autonomous,blocked,1,354.01,354.0100,,gemini veto
2026-09-29T21:57:42.81733+00:00,blocked,AAPLUSDT,sell,autonomous,blocked,1,329.98,329.9800,,gemini veto
2026-09-29T21:57:48.819681+00:00,blocked,AAPLUSDT,sell,autonomous,blocked,1,329.97,329.9700,,gemini veto
2026-09-29T21:57:50.3238+00:00,blocked,TSLAUSDT,sell,autonomous,blocked,1,353.99,353.9900,,gemini veto
2026-09-29T21:57:53.911918+00:00,blocked,TSLAUSDT,sell,autonomous,blocked,1,353.99,353.9900,,gemini veto
2026-09-29T22:02:55.220827+00:00,blocked,AAPLUSDT,sell,autonomous,blocked,1,330.01,330.0100,,gemini veto
2026-09-29T22:02:56.902271+00:00,blocked,TSLAUSDT,sell,autonomous,blocked,1,354.06,354.0600,,gemini veto
2026-09-29T22:03:02.545089+00:00,blocked,AAPLUSDT,sell,autonomous,blocked,1,330.01,330.0100,,gemini veto
2026-09-29T22:08:10.333018+00:00,blocked,AAPLUSDT,sell,autonomous,blocked,1,330.16,330.1600,,gemini veto
2026-09-29T22:08:17.729867+00:00,blocked,TSLAUSDT,sell,autonomous,blocked,1,354.20,354.2000,,gemini veto
2026-09-29T22:08:17.730864+00:00,blocked,AAPLUSDT,sell,autonomous,blocked,1,330.16,330.1600,,gemini veto
2026-09-29T22:08:20.907005+00:00,blocked,TSLAUSDT,sell,autonomous,blocked,1,354.21,354.2100,,gemini veto
2026-09-29T22:13:23.095331+00:00,blocked,AAPLUSDT,sell,autonomous,blocked,1,330.14,330.1400,,gemini veto
2026-09-29T22:13:24.924227+00:00,blocked,TSLAUSDT,sell,autonomous,blocked,1,354.19,354.1900,,gemini veto
2026-09-29T22:13:24.925232+00:00,blocked,AAPLUSDT,sell,autonomous,blocked,1,330.14,330.1400,,gemini veto
2026-09-29T22:13:32.305705+00:00,blocked,TSLAUSDT,sell,autonomous,blocked,1,354.19,354.1900,,gemini veto
2026-09-29T22:18:36.233649+00:00,blocked,AAPLUSDT,sell,autonomous,blocked,1,330.14,330.1400,,gemini veto
2026-09-29T22:18:36.233593+00:00,blocked,AAPLUSDT,sell,autonomous,blocked,1,330.14,330.1400,,gemini veto
2026-09-29T22:18:44.489852+00:00,blocked,TSLAUSDT,sell,autonomous,blocked,1,354.16,354.1600,,gemini veto
2026-09-29T22:18:45.818303+00:00,blocked,TSLAUSDT,sell,autonomous,blocked,1,354.16,354.1600,,gemini veto
2026-09-29T22:23:49.940408+00:00,blocked,AAPLUSDT,sell,autonomous,blocked,1,330.25,330.2500,,gemini veto
2026-09-29T22:23:51.59694+00:00,blocked,AAPLUSDT,sell,autonomous,blocked,1,330.06,330.0600,,gemini veto
2026-09-29T22:23:51.596544+00:00,blocked,TSLAUSDT,sell,autonomous,blocked,1,354.08,354.0800,,gemini veto
2026-09-29T22:24:00.518459+00:00,blocked,TSLAUSDT,sell,autonomous,blocked,1,354.24,354.2400,,gemini veto
2026-09-29T22:29:02.826035+00:00,blocked,AAPLUSDT,sell,autonomous,blocked,1,330.03,330.0300,,gemini veto
2026-09-29T22:29:08.211124+00:00,blocked,AAPLUSDT,sell,autonomous,blocked,1,330.10,330.1000,,gemini veto
2026-09-29T22:29:09.616607+00:00,blocked,TSLAUSDT,sell,autonomous,blocked,1,354.12,354.1200,,gemini veto
2026-09-29T22:29:13.103098+00:00,blocked,TSLAUSDT,sell,autonomous,blocked,1,354.12,354.1200,,gemini veto
2026-09-29T22:34:15.325823+00:00,blocked,AAPLUSDT,sell,autonomous,blocked,1,330.00,330.0000,,gemini veto
2026-09-29T22:34:17.324729+00:00,blocked,TSLAUSDT,sell,autonomous,blocked,1,353.91,353.9100,,gemini veto
2026-09-29T22:34:23.178492+00:00,blocked,AAPLUSDT,sell,autonomous,blocked,1,330.00,330.0000,,gemini veto
2026-09-29T22:34:28.603172+00:00,blocked,TSLAUSDT,sell,autonomous,blocked,1,354.00,354.0000,,gemini veto
2026-09-29T22:39:29.520617+00:00,blocked,AAPLUSDT,sell,autonomous,blocked,1,330.13,330.1300,,gemini veto
2026-09-29T22:39:31.497814+00:00,blocked,AAPLUSDT,sell,autonomous,blocked,1,330.13,330.1300,,gemini veto
2026-09-29T22:39:32.965921+00:00,blocked,TSLAUSDT,sell,autonomous,blocked,1,353.96,353.9600,,gemini veto
2026-09-29T22:39:39.062986+00:00,blocked,TSLAUSDT,sell,autonomous,blocked,1,353.98,353.9800,,gemini veto
2026-09-29T22:44:44.110733+00:00,blocked,AAPLUSDT,sell,autonomous,blocked,1,330.10,330.1000,,gemini veto
2026-09-29T22:44:44.110705+00:00,blocked,AAPLUSDT,sell,autonomous,blocked,1,330.10,330.1000,,gemini veto
2026-09-29T22:44:45.995623+00:00,blocked,TSLAUSDT,sell,autonomous,blocked,1,354.09,354.0900,,gemini veto
2026-09-29T22:44:53.408202+00:00,blocked,TSLAUSDT,sell,autonomous,blocked,1,354.09,354.0900,,gemini veto
2026-09-29T22:49:57.415706+00:00,blocked,AAPLUSDT,sell,autonomous,blocked,1,330.08,330.0800,,gemini veto
2026-09-29T22:49:58.879184+00:00,blocked,AAPLUSDT,sell,autonomous,blocked,1,330.08,330.0800,,gemini veto
2026-09-29T22:50:04.404079+00:00,blocked,TSLAUSDT,sell,autonomous,blocked,1,354.08,354.0800,,gemini veto
2026-09-29T22:50:06.668604+00:00,blocked,TSLAUSDT,sell,autonomous,blocked,1,354.08,354.0800,,gemini veto
2026-09-29T22:55:09.908977+00:00,blocked,AAPLUSDT,sell,autonomous,blocked,1,330.00,330.0000,,gemini veto
2026-09-29T22:55:11.554509+00:00,blocked,AAPLUSDT,sell,autonomous,blocked,1,330.00,330.0000,,gemini veto
2026-09-29T22:55:18.851063+00:00,blocked,TSLAUSDT,sell,autonomous,blocked,1,354.01,354.0100,,gemini veto
2026-09-29T22:55:21.265619+00:00,blocked,TSLAUSDT,sell,autonomous,blocked,1,354.01,354.0100,,gemini veto
2026-09-29T23:00:23.649837+00:00,blocked,AAPLUSDT,sell,autonomous,blocked,1,330.03,330.0300,,gemini veto
2026-09-29T23:00:25.51686+00:00,blocked,TSLAUSDT,sell,autonomous,blocked,1,354.07,354.0700,,gemini veto
2026-09-29T23:00:25.517078+00:00,blocked,AAPLUSDT,sell,autonomous,blocked,1,330.03,330.0300,,gemini veto
2026-09-29T23:00:32.899299+00:00,blocked,TSLAUSDT,sell,autonomous,blocked,1,354.08,354.0800,,gemini veto
2026-09-29T23:05:36.194246+00:00,blocked,AAPLUSDT,sell,autonomous,blocked,1,330.04,330.0400,,gemini veto
2026-09-29T23:05:37.886876+00:00,blocked,TSLAUSDT,sell,autonomous,blocked,1,354.04,354.0400,,gemini veto
2026-09-29T23:05:43.430663+00:00,blocked,AAPLUSDT,sell,autonomous,blocked,1,330.06,330.0600,,gemini veto
2026-09-29T23:05:47.973047+00:00,blocked,TSLAUSDT,sell,autonomous,blocked,1,354.04,354.0400,,gemini veto
2026-09-29T23:10:49.620445+00:00,blocked,AAPLUSDT,sell,autonomous,blocked,1,330.02,330.0200,,gemini veto
2026-09-29T23:10:51.718583+00:00,blocked,TSLAUSDT,sell,autonomous,blocked,1,354.01,354.0100,,gemini veto
2026-09-29T23:10:52.695347+00:00,blocked,AAPLUSDT,sell,autonomous,blocked,1,330.02,330.0200,,gemini veto
2026-09-29T23:11:01.706736+00:00,blocked,TSLAUSDT,sell,autonomous,blocked,1,354.01,354.0100,,gemini veto
2026-09-29T23:16:04.816563+00:00,blocked,AAPLUSDT,sell,autonomous,blocked,1,330.06,330.0600,,gemini veto
2026-09-29T23:16:06.681936+00:00,blocked,AAPLUSDT,sell,autonomous,blocked,1,330.06,330.0600,,gemini veto
2026-09-29T23:16:14.1857+00:00,blocked,TSLAUSDT,sell,autonomous,blocked,1,354.10,354.1000,,gemini veto
2026-09-29T23:16:16.602577+00:00,blocked,TSLAUSDT,sell,autonomous,blocked,1,354.10,354.1000,,gemini veto
2026-09-29T23:21:19.537671+00:00,blocked,AAPLUSDT,sell,autonomous,blocked,1,330.05,330.0500,,gemini veto
2026-09-29T23:21:26.098642+00:00,blocked,AAPLUSDT,sell,autonomous,blocked,1,330.05,330.0500,,gemini veto
2026-09-29T23:21:27.602207+00:00,blocked,TSLAUSDT,sell,autonomous,blocked,1,354.05,354.0500,,gemini veto
2026-09-29T23:21:29.790237+00:00,blocked,TSLAUSDT,sell,autonomous,blocked,1,354.05,354.0500,,gemini veto
2026-09-29T23:26:33.434104+00:00,blocked,AAPLUSDT,sell,autonomous,blocked,1,330.07,330.0700,,gemini veto
2026-09-29T23:26:39.29366+00:00,blocked,AAPLUSDT,sell,autonomous,blocked,1,330.07,330.0700,,gemini veto
2026-09-29T23:26:41.48385+00:00,blocked,TSLAUSDT,sell,autonomous,blocked,1,354.09,354.0900,,gemini veto
2026-09-29T23:26:43.956319+00:00,blocked,TSLAUSDT,sell,autonomous,blocked,1,354.10,354.1000,,gemini veto
2026-09-29T23:31:49.295882+00:00,blocked,AAPLUSDT,sell,autonomous,blocked,1,330.10,330.1000,,gemini veto
2026-09-29T23:31:49.29579+00:00,blocked,AAPLUSDT,sell,autonomous,blocked,1,330.10,330.1000,,gemini veto
2026-09-29T23:31:53.077589+00:00,blocked,TSLAUSDT,sell,autonomous,blocked,1,354.09,354.0900,,gemini veto
2026-09-29T23:31:54.39801+00:00,blocked,TSLAUSDT,sell,autonomous,blocked,1,354.09,354.0900,,gemini veto
2026-09-29T23:37:02.30639+00:00,blocked,AAPLUSDT,sell,autonomous,blocked,1,330.15,330.1500,,gemini veto
2026-09-29T23:37:02.306286+00:00,blocked,AAPLUSDT,sell,autonomous,blocked,1,330.15,330.1500,,gemini veto
2026-09-29T23:37:05.90425+00:00,blocked,TSLAUSDT,sell,autonomous,blocked,1,354.07,354.0700,,gemini veto
2026-09-29T23:37:07.400073+00:00,blocked,TSLAUSDT,sell,autonomous,blocked,1,354.07,354.0700,,gemini veto
2026-09-29T23:42:11.254188+00:00,blocked,AAPLUSDT,sell,autonomous,blocked,1,330.14,330.1400,,gemini veto
2026-09-29T23:42:14.1578+00:00,blocked,TSLAUSDT,sell,autonomous,blocked,1,354.07,354.0700,,gemini veto
2026-09-29T23:42:14.158148+00:00,blocked,AAPLUSDT,sell,autonomous,blocked,1,330.14,330.1400,,gemini veto
2026-09-29T23:42:24.878569+00:00,blocked,TSLAUSDT,sell,autonomous,blocked,1,354.06,354.0600,,gemini veto
2026-09-29T23:47:27.215249+00:00,blocked,AAPLUSDT,sell,autonomous,blocked,1,330.18,330.1800,,gemini veto
2026-09-29T23:47:33.199401+00:00,blocked,AAPLUSDT,sell,autonomous,blocked,1,330.18,330.1800,,gemini veto
2026-09-29T23:47:36.593466+00:00,blocked,TSLAUSDT,sell,autonomous,blocked,1,354.05,354.0500,,gemini veto
2026-09-29T23:47:37.955017+00:00,blocked,TSLAUSDT,sell,autonomous,blocked,1,354.05,354.0500,,gemini veto
2026-09-29T23:52:46.903962+00:00,blocked,AAPLUSDT,sell,autonomous,blocked,1,330.33,330.3300,,gemini veto
2026-09-29T23:52:46.903697+00:00,blocked,AAPLUSDT,sell,autonomous,blocked,1,330.33,330.3300,,gemini veto
2026-09-29T23:52:50.399262+00:00,blocked,TSLAUSDT,sell,autonomous,blocked,1,354.10,354.1000,,gemini veto
2026-09-29T23:52:51.596678+00:00,blocked,TSLAUSDT,sell,autonomous,blocked,1,354.10,354.1000,,gemini veto
2026-09-29T23:58:00.295517+00:00,blocked,AAPLUSDT,sell,autonomous,blocked,1,330.27,330.2700,,gemini veto
2026-09-29T23:58:00.295385+00:00,blocked,AAPLUSDT,sell,autonomous,blocked,1,330.27,330.2700,,gemini veto
2026-09-29T23:58:03.778594+00:00,blocked,TSLAUSDT,sell,autonomous,blocked,1,354.15,354.1500,,gemini veto
2026-09-29T23:58:04.99723+00:00,blocked,TSLAUSDT,sell,autonomous,blocked,1,354.15,354.1500,,gemini veto
2026-09-30T00:03:07.928466+00:00,blocked,AAPLUSDT,sell,autonomous,blocked,1,330.06,330.0600,,gemini veto
2026-09-30T00:03:13.993256+00:00,blocked,AAPLUSDT,sell,autonomous,blocked,1,330.06,330.0600,,gemini veto
2026-09-30T00:03:17.669996+00:00,blocked,TSLAUSDT,sell,autonomous,blocked,1,354.21,354.2100,,gemini veto
2026-09-30T00:03:18.896567+00:00,blocked,TSLAUSDT,sell,autonomous,blocked,1,354.21,354.2100,,gemini veto
2026-09-30T00:08:27.808883+00:00,blocked,AAPLUSDT,sell,autonomous,blocked,1,330.48,330.4800,,gemini veto
2026-09-30T00:08:27.80873+00:00,blocked,AAPLUSDT,sell,autonomous,blocked,1,330.48,330.4800,,gemini veto
2026-09-30T00:08:31.304401+00:00,blocked,TSLAUSDT,sell,autonomous,blocked,1,354.50,354.5000,,gemini veto
2026-09-30T00:08:32.9843+00:00,blocked,TSLAUSDT,sell,autonomous,blocked,1,354.50,354.5000,,gemini veto
2026-09-30T00:13:36.014896+00:00,blocked,AAPLUSDT,sell,autonomous,blocked,1,330.48,330.4800,,gemini veto
2026-09-30T00:13:42.138198+00:00,blocked,AAPLUSDT,sell,autonomous,blocked,1,330.48,330.4800,,gemini veto
2026-09-30T00:13:43.505468+00:00,blocked,TSLAUSDT,sell,autonomous,blocked,1,354.37,354.3700,,gemini veto
2026-09-30T00:13:46.801055+00:00,blocked,TSLAUSDT,sell,autonomous,blocked,1,354.37,354.3700,,gemini veto
2026-09-30T00:18:48.599614+00:00,blocked,AAPLUSDT,sell,autonomous,blocked,1,330.36,330.3600,,gemini veto
2026-09-30T00:18:50.390544+00:00,blocked,AAPLUSDT,sell,autonomous,blocked,1,330.36,330.3600,,gemini veto
2026-09-30T00:24:08.703606+00:00,blocked,AAPLUSDT,sell,autonomous,blocked,1,330.29,330.2900,,gemini veto
2026-09-30T00:24:08.703579+00:00,blocked,AAPLUSDT,sell,autonomous,blocked,1,330.29,330.2900,,gemini veto
2026-09-30T00:29:27.107989+00:00,blocked,AAPLUSDT,sell,autonomous,blocked,1,330.40,330.4000,,gemini veto
2026-09-30T00:29:27.107899+00:00,blocked,AAPLUSDT,sell,autonomous,blocked,1,330.40,330.4000,,gemini veto
2026-09-30T00:34:34.81959+00:00,blocked,AAPLUSDT,sell,autonomous,blocked,1,330.42,330.4200,,gemini veto
2026-09-30T00:34:40.975179+00:00,blocked,AAPLUSDT,sell,autonomous,blocked,1,330.42,330.4200,,gemini veto
2026-09-30T00:39:48.323316+00:00,blocked,AAPLUSDT,sell,autonomous,blocked,1,330.31,330.3100,,gemini veto
2026-09-30T00:39:56.142325+00:00,blocked,TSLAUSDT,sell,autonomous,blocked,1,354.30,354.3000,,gemini veto
2026-09-30T00:39:56.143433+00:00,blocked,AAPLUSDT,sell,autonomous,blocked,1,330.31,330.3100,,gemini veto
2026-09-30T00:39:58.496998+00:00,blocked,TSLAUSDT,sell,autonomous,blocked,1,354.30,354.3000,,gemini veto
2026-09-30T00:45:01.966379+00:00,blocked,AAPLUSDT,sell,autonomous,blocked,1,330.26,330.2600,,gemini veto
2026-09-30T00:45:07.891724+00:00,blocked,AAPLUSDT,sell,autonomous,blocked,1,330.26,330.2600,,gemini veto
2026-09-30T00:45:10.405556+00:00,blocked,TSLAUSDT,sell,autonomous,blocked,1,354.30,354.3000,,gemini veto
2026-09-30T00:45:13.222+00:00,blocked,TSLAUSDT,sell,autonomous,blocked,1,354.30,354.3000,,gemini veto
2026-09-30T00:50:21.589272+00:00,blocked,AAPLUSDT,sell,autonomous,blocked,1,330.11,330.1100,,gemini veto
2026-09-30T00:50:21.589165+00:00,blocked,AAPLUSDT,sell,autonomous,blocked,1,330.11,330.1100,,gemini veto
2026-09-30T00:55:28.623137+00:00,blocked,AAPLUSDT,sell,autonomous,blocked,1,330.05,330.0500,,gemini veto
2026-09-30T00:55:37.006774+00:00,blocked,AAPLUSDT,sell,autonomous,blocked,1,330.10,330.1000,,gemini veto
2026-09-30T01:00:47.681183+00:00,blocked,AAPLUSDT,sell,autonomous,blocked,1,330.21,330.2100,,gemini veto
2026-09-30T01:00:48.683205+00:00,blocked,AAPLUSDT,sell,autonomous,blocked,1,330.21,330.2100,,gemini veto
2026-09-30T01:06:02.132298+00:00,blocked,AAPLUSDT,sell,autonomous,blocked,1,330.05,330.0500,,gemini veto
2026-09-30T01:06:02.132209+00:00,blocked,AAPLUSDT,sell,autonomous,blocked,1,330.05,330.0500,,gemini veto
2026-09-30T01:11:16.699425+00:00,blocked,AAPLUSDT,sell,autonomous,blocked,1,329.72,329.7200,,gemini veto
2026-09-30T01:11:16.699364+00:00,blocked,AAPLUSDT,sell,autonomous,blocked,1,329.72,329.7200,,gemini veto
2026-09-30T01:16:27.079671+00:00,blocked,AAPLUSDT,sell,autonomous,blocked,1,329.80,329.8000,,gemini veto
2026-09-30T01:16:33.396637+00:00,blocked,AAPLUSDT,sell,autonomous,blocked,1,329.79,329.7900,,gemini veto
2026-09-30T01:21:48.99439+00:00,blocked,AAPLUSDT,sell,autonomous,blocked,1,329.70,329.7000,,gemini veto
2026-09-30T01:21:54.192087+00:00,blocked,AAPLUSDT,sell,autonomous,blocked,1,329.70,329.7000,,gemini veto
2026-09-30T01:26:58.106781+00:00,blocked,AAPLUSDT,sell,autonomous,blocked,1,329.79,329.7900,,gemini veto
2026-09-30T01:27:02.687394+00:00,blocked,AAPLUSDT,sell,autonomous,blocked,1,329.79,329.7900,,gemini veto
2026-09-30T01:32:06.760612+00:00,blocked,AAPLUSDT,sell,autonomous,blocked,1,329.75,329.7500,,gemini veto
2026-09-30T01:32:14.149009+00:00,blocked,AAPLUSDT,sell,autonomous,blocked,1,329.77,329.7700,,gemini veto
2026-09-30T01:37:28.400794+00:00,blocked,AAPLUSDT,sell,autonomous,blocked,1,329.90,329.9000,,gemini veto
2026-09-30T01:37:28.400679+00:00,blocked,AAPLUSDT,sell,autonomous,blocked,1,329.90,329.9000,,gemini veto
2026-09-30T01:42:43.509542+00:00,blocked,AAPLUSDT,sell,autonomous,blocked,1,329.93,329.9300,,gemini veto
2026-09-30T01:42:43.509498+00:00,blocked,AAPLUSDT,sell,autonomous,blocked,1,329.93,329.9300,,gemini veto
2026-09-30T01:42:47.092854+00:00,blocked,TSLAUSDT,sell,autonomous,blocked,1,353.85,353.8500,,gemini veto
2026-09-30T01:42:48.3889+00:00,blocked,TSLAUSDT,sell,autonomous,blocked,1,353.85,353.8500,,gemini veto
2026-09-30T01:47:53.702419+00:00,blocked,AAPLUSDT,sell,autonomous,blocked,1,329.90,329.9000,,gemini veto
2026-09-30T01:47:53.702322+00:00,blocked,AAPLUSDT,sell,autonomous,blocked,1,329.90,329.9000,,gemini veto
2026-09-30T01:53:06.183912+00:00,blocked,AAPLUSDT,sell,autonomous,blocked,1,329.85,329.8500,,gemini veto
2026-09-30T01:53:07.526442+00:00,blocked,AAPLUSDT,sell,autonomous,blocked,1,329.85,329.8500,,gemini veto
2026-09-30T01:53:10.191645+00:00,blocked,TSLAUSDT,sell,autonomous,blocked,1,353.95,353.9500,,gemini veto
2026-09-30T01:53:11.700321+00:00,blocked,TSLAUSDT,sell,autonomous,blocked,1,353.95,353.9500,,gemini veto
2026-09-30T01:58:17.296764+00:00,blocked,AAPLUSDT,sell,autonomous,blocked,1,330.00,330.0000,,gemini veto
2026-09-30T01:58:17.296702+00:00,blocked,AAPLUSDT,sell,autonomous,blocked,1,330.00,330.0000,,gemini veto
2026-09-30T02:03:29.6977+00:00,blocked,AAPLUSDT,sell,autonomous,blocked,1,329.82,329.8200,,gemini veto
2026-09-30T02:03:29.697583+00:00,blocked,AAPLUSDT,sell,autonomous,blocked,1,329.82,329.8200,,gemini veto
2026-09-30T02:08:43.698419+00:00,blocked,AAPLUSDT,sell,autonomous,blocked,1,329.74,329.7400,,gemini veto
2026-09-30T02:08:43.698321+00:00,blocked,AAPLUSDT,sell,autonomous,blocked,1,329.74,329.7400,,gemini veto
2026-09-30T02:13:50.710926+00:00,blocked,AAPLUSDT,sell,autonomous,blocked,1,329.69,329.6900,,gemini veto
2026-09-30T02:13:52.492343+00:00,blocked,TSLAUSDT,sell,autonomous,blocked,1,353.66,353.6600,,gemini veto
2026-09-30T02:13:57.61668+00:00,blocked,AAPLUSDT,sell,autonomous,blocked,1,329.69,329.6900,,gemini veto
2026-09-30T02:14:02.000538+00:00,blocked,TSLAUSDT,sell,autonomous,blocked,1,353.67,353.6700,,gemini veto
2026-09-30T02:19:03.828485+00:00,blocked,AAPLUSDT,sell,autonomous,blocked,1,329.60,329.6000,,gemini veto
2026-09-30T02:19:04.1635+00:00,blocked,AAPLUSDT,sell,autonomous,blocked,1,329.60,329.6000,,gemini veto
2026-09-30T02:19:11.880523+00:00,blocked,TSLAUSDT,sell,autonomous,blocked,1,353.69,353.6900,,gemini veto
2026-09-30T02:19:13.077103+00:00,blocked,TSLAUSDT,sell,autonomous,blocked,1,353.69,353.6900,,gemini veto
2026-09-30T02:24:17.494619+00:00,blocked,AAPLUSDT,sell,autonomous,blocked,1,329.71,329.7100,,gemini veto
2026-09-30T02:24:19.203634+00:00,blocked,AAPLUSDT,sell,autonomous,blocked,1,329.71,329.7100,,gemini veto
2026-09-30T02:24:25.96079+00:00,blocked,TSLAUSDT,sell,autonomous,blocked,1,353.63,353.6300,,gemini veto
2026-09-30T02:24:28.190826+00:00,blocked,TSLAUSDT,sell,autonomous,blocked,1,353.63,353.6300,,gemini veto
2026-09-30T02:29:31.027596+00:00,blocked,AAPLUSDT,sell,autonomous,blocked,1,329.74,329.7400,,gemini veto
2026-09-30T02:29:32.898495+00:00,blocked,AAPLUSDT,sell,autonomous,blocked,1,329.74,329.7400,,gemini veto
2026-09-30T02:29:34.500345+00:00,blocked,TSLAUSDT,sell,autonomous,blocked,1,353.56,353.5600,,gemini veto
2026-09-30T02:29:40.100671+00:00,blocked,TSLAUSDT,sell,autonomous,blocked,1,353.56,353.5600,,gemini veto
2026-09-30T02:34:45.543538+00:00,blocked,AAPLUSDT,sell,autonomous,blocked,1,329.51,329.5100,,gemini veto
2026-09-30T02:34:45.543511+00:00,blocked,AAPLUSDT,sell,autonomous,blocked,1,329.51,329.5100,,gemini veto
2026-09-30T02:34:53.308902+00:00,blocked,TSLAUSDT,sell,autonomous,blocked,1,353.30,353.3000,,gemini veto
2026-09-30T02:34:54.600769+00:00,blocked,TSLAUSDT,sell,autonomous,blocked,1,353.38,353.3800,,gemini veto
2026-09-30T02:39:58.111678+00:00,blocked,AAPLUSDT,sell,autonomous,blocked,1,329.47,329.4700,,gemini veto
2026-09-30T02:40:00.10786+00:00,blocked,AAPLUSDT,sell,autonomous,blocked,1,329.47,329.4700,,gemini veto
2026-09-30T02:40:00.107442+00:00,blocked,TSLAUSDT,sell,autonomous,blocked,1,353.34,353.3400,,gemini veto
2026-09-30T02:40:08.402572+00:00,blocked,TSLAUSDT,sell,autonomous,blocked,1,353.28,353.2800,,gemini veto
2026-09-30T02:45:11.840204+00:00,blocked,AAPLUSDT,sell,autonomous,blocked,1,329.53,329.5300,,gemini veto
2026-09-30T02:45:17.490578+00:00,blocked,AAPLUSDT,sell,autonomous,blocked,1,329.53,329.5300,,gemini veto
2026-09-30T02:45:18.898273+00:00,blocked,TSLAUSDT,sell,autonomous,blocked,1,353.45,353.4500,,gemini veto
2026-09-30T02:45:22.590601+00:00,blocked,TSLAUSDT,sell,autonomous,blocked,1,353.45,353.4500,,gemini veto
2026-09-30T02:50:28.577897+00:00,blocked,AAPLUSDT,sell,autonomous,blocked,1,329.58,329.5800,,gemini veto
2026-09-30T02:50:28.57804+00:00,blocked,AAPLUSDT,sell,autonomous,blocked,1,329.58,329.5800,,gemini veto
2026-09-30T02:50:33.406362+00:00,blocked,TSLAUSDT,sell,autonomous,blocked,1,353.57,353.5700,,gemini veto
2026-09-30T02:50:34.729548+00:00,blocked,TSLAUSDT,sell,autonomous,blocked,1,353.57,353.5700,,gemini veto
2026-09-30T02:55:40.900288+00:00,blocked,AAPLUSDT,sell,autonomous,blocked,1,329.70,329.7000,,gemini veto
2026-09-30T02:55:40.900254+00:00,blocked,AAPLUSDT,sell,autonomous,blocked,1,329.70,329.7000,,gemini veto
2026-09-30T03:00:54.14754+00:00,blocked,AAPLUSDT,sell,autonomous,blocked,1,329.71,329.7100,,gemini veto
2026-09-30T03:00:57.023392+00:00,blocked,AAPLUSDT,sell,autonomous,blocked,1,329.71,329.7100,,gemini veto
2026-09-30T03:06:07.399169+00:00,blocked,AAPLUSDT,sell,autonomous,blocked,1,329.71,329.7100,,gemini veto
2026-09-30T03:06:08.420826+00:00,blocked,AAPLUSDT,sell,autonomous,blocked,1,329.71,329.7100,,gemini veto
2026-09-30T03:11:19.911361+00:00,blocked,AAPLUSDT,sell,autonomous,blocked,1,329.65,329.6500,,gemini veto
2026-09-30T03:11:20.989279+00:00,blocked,AAPLUSDT,sell,autonomous,blocked,1,329.65,329.6500,,gemini veto
2026-09-30T03:16:35.319074+00:00,blocked,AAPLUSDT,sell,autonomous,blocked,1,329.71,329.7100,,gemini veto
2026-09-30T03:16:35.31902+00:00,blocked,AAPLUSDT,sell,autonomous,blocked,1,329.71,329.7100,,gemini veto
2026-09-30T03:21:49.913952+00:00,blocked,AAPLUSDT,sell,autonomous,blocked,1,329.56,329.5600,,gemini veto
2026-09-30T03:21:49.913864+00:00,blocked,AAPLUSDT,sell,autonomous,blocked,1,329.56,329.5600,,gemini veto
2026-09-30T03:27:04.681365+00:00,blocked,AAPLUSDT,sell,autonomous,blocked,1,329.69,329.6900,,gemini veto
2026-09-30T03:27:04.681266+00:00,blocked,AAPLUSDT,sell,autonomous,blocked,1,329.69,329.6900,,gemini veto
2026-09-30T03:32:19.704911+00:00,blocked,AAPLUSDT,sell,autonomous,blocked,1,329.75,329.7500,,gemini veto
2026-09-30T03:32:19.70501+00:00,blocked,AAPLUSDT,sell,autonomous,blocked,1,329.75,329.7500,,gemini veto
2026-09-30T03:37:33.786328+00:00,blocked,AAPLUSDT,sell,autonomous,blocked,1,329.76,329.7600,,gemini veto
2026-09-30T03:37:33.786233+00:00,blocked,AAPLUSDT,sell,autonomous,blocked,1,329.76,329.7600,,gemini veto
2026-09-30T03:42:46.412617+00:00,blocked,AAPLUSDT,sell,autonomous,blocked,1,329.92,329.9200,,gemini veto
2026-09-30T03:42:57.314677+00:00,blocked,AAPLUSDT,sell,autonomous,blocked,1,329.92,329.9200,,gemini veto
2026-09-30T03:48:00.626305+00:00,blocked,AAPLUSDT,sell,autonomous,blocked,1,329.87,329.8700,,gemini veto
2026-09-30T03:48:07.486208+00:00,blocked,AAPLUSDT,sell,autonomous,blocked,1,329.87,329.8700,,gemini veto
2026-09-30T03:53:06.344375+00:00,blocked,AAPLUSDT,sell,autonomous,blocked,1,329.97,329.9700,,gemini veto
2026-09-30T03:53:17.582394+00:00,blocked,AAPLUSDT,sell,autonomous,blocked,1,329.97,329.9700,,gemini veto
2026-09-30T03:58:20.430374+00:00,blocked,AAPLUSDT,sell,autonomous,blocked,1,329.98,329.9800,,gemini veto
2026-09-30T03:58:29.635396+00:00,blocked,AAPLUSDT,sell,autonomous,blocked,1,329.98,329.9800,,gemini veto
2026-09-30T04:03:35.493697+00:00,blocked,AAPLUSDT,sell,autonomous,blocked,1,329.95,329.9500,,gemini veto
2026-09-30T04:03:42.347644+00:00,blocked,AAPLUSDT,sell,autonomous,blocked,1,329.96,329.9600,,gemini veto
2026-09-30T04:08:55.210318+00:00,blocked,AAPLUSDT,sell,autonomous,blocked,1,329.95,329.9500,,gemini veto
2026-09-30T04:08:57.579354+00:00,blocked,AAPLUSDT,sell,autonomous,blocked,1,329.95,329.9500,,gemini veto
2026-09-30T04:14:08.910269+00:00,blocked,AAPLUSDT,sell,autonomous,blocked,1,329.96,329.9600,,gemini veto
2026-09-30T04:14:11.284312+00:00,blocked,AAPLUSDT,sell,autonomous,blocked,1,329.96,329.9600,,gemini veto
2026-09-30T04:19:21.573231+00:00,blocked,AAPLUSDT,sell,autonomous,blocked,1,330.01,330.0100,,gemini veto
2026-09-30T04:19:23.814216+00:00,blocked,AAPLUSDT,sell,autonomous,blocked,1,330.01,330.0100,,gemini veto
2026-09-30T04:24:33.701926+00:00,blocked,AAPLUSDT,sell,autonomous,blocked,1,330.08,330.0800,,gemini veto
2026-09-30T04:24:35.909241+00:00,blocked,AAPLUSDT,sell,autonomous,blocked,1,330.08,330.0800,,gemini veto
2026-09-30T04:29:46.666512+00:00,blocked,AAPLUSDT,sell,autonomous,blocked,1,330.06,330.0600,,gemini veto
2026-09-30T04:29:48.835259+00:00,blocked,AAPLUSDT,sell,autonomous,blocked,1,330.06,330.0600,,gemini veto
2026-09-30T04:34:54.766952+00:00,blocked,AAPLUSDT,sell,autonomous,blocked,1,330.09,330.0900,,gemini veto
2026-09-30T04:35:00.491859+00:00,blocked,AAPLUSDT,sell,autonomous,blocked,1,330.09,330.0900,,gemini veto
2026-09-30T04:40:09.132127+00:00,blocked,AAPLUSDT,sell,autonomous,blocked,1,330.12,330.1200,,gemini veto
2026-09-30T04:40:16.329402+00:00,blocked,AAPLUSDT,sell,autonomous,blocked,1,330.12,330.1200,,gemini veto
2026-09-30T04:45:22.498318+00:00,blocked,AAPLUSDT,sell,autonomous,blocked,1,330.10,330.1000,,gemini veto
2026-09-30T04:45:33.190932+00:00,blocked,AAPLUSDT,sell,autonomous,blocked,1,330.10,330.1000,,gemini veto
2026-09-30T04:50:43.16844+00:00,blocked,AAPLUSDT,sell,autonomous,blocked,1,330.10,330.1000,,gemini veto
2026-09-30T04:50:43.168255+00:00,blocked,AAPLUSDT,sell,autonomous,blocked,1,330.10,330.1000,,gemini veto
2026-09-30T04:55:54.492645+00:00,blocked,AAPLUSDT,sell,autonomous,blocked,1,330.00,330.0000,,gemini veto
2026-09-30T04:55:58.304419+00:00,blocked,AAPLUSDT,sell,autonomous,blocked,1,330.00,330.0000,,gemini veto
2026-09-30T05:01:08.71933+00:00,blocked,AAPLUSDT,sell,autonomous,blocked,1,330.09,330.0900,,gemini veto
2026-09-30T05:01:08.71918+00:00,blocked,AAPLUSDT,sell,autonomous,blocked,1,330.09,330.0900,,gemini veto
2026-09-30T05:06:20.094665+00:00,blocked,AAPLUSDT,sell,autonomous,blocked,1,330.03,330.0300,,gemini veto
2026-09-30T05:06:23.477433+00:00,blocked,AAPLUSDT,sell,autonomous,blocked,1,330.03,330.0300,,gemini veto
2026-09-30T05:11:26.411413+00:00,blocked,AAPLUSDT,sell,autonomous,blocked,1,330.01,330.0100,,gemini veto
2026-09-30T05:11:35.504611+00:00,blocked,AAPLUSDT,sell,autonomous,blocked,1,329.99,329.9900,,gemini veto
2026-09-30T05:16:40.680092+00:00,blocked,AAPLUSDT,sell,autonomous,blocked,1,329.82,329.8200,,gemini veto
2026-09-30T05:22:00.054095+00:00,blocked,AAPLUSDT,sell,autonomous,blocked,1,329.90,329.9000,,gemini veto
2026-09-30T05:22:08.671149+00:00,blocked,AAPLUSDT,sell,autonomous,blocked,1,329.90,329.9000,,gemini veto
2026-09-30T05:27:06.923283+00:00,blocked,AAPLUSDT,sell,autonomous,blocked,1,329.90,329.9000,,gemini veto
2026-09-30T05:27:19.288834+00:00,blocked,AAPLUSDT,sell,autonomous,blocked,1,329.90,329.9000,,gemini veto
2026-09-30T05:32:21.20386+00:00,blocked,AAPLUSDT,sell,autonomous,blocked,1,329.85,329.8500,,gemini veto
2026-09-30T05:32:29.989336+00:00,blocked,AAPLUSDT,sell,autonomous,blocked,1,329.85,329.8500,,gemini veto
2026-09-30T05:37:36.793873+00:00,blocked,AAPLUSDT,sell,autonomous,blocked,1,329.88,329.8800,,gemini veto
2026-09-30T05:37:46.086799+00:00,blocked,AAPLUSDT,sell,autonomous,blocked,1,329.88,329.8800,,gemini veto
2026-09-30T05:42:50.503865+00:00,blocked,AAPLUSDT,sell,autonomous,blocked,1,329.69,329.6900,,gemini veto
2026-09-30T05:42:57.222256+00:00,blocked,AAPLUSDT,sell,autonomous,blocked,1,329.66,329.6600,,gemini veto
2026-09-30T05:48:04.008116+00:00,blocked,AAPLUSDT,sell,autonomous,blocked,1,329.74,329.7400,,gemini veto
2026-09-30T05:48:13.706455+00:00,blocked,AAPLUSDT,sell,autonomous,blocked,1,329.74,329.7400,,gemini veto
2026-09-30T05:53:16.995983+00:00,blocked,AAPLUSDT,sell,autonomous,blocked,1,329.74,329.7400,,gemini veto
2026-09-30T05:53:24.781047+00:00,blocked,AAPLUSDT,sell,autonomous,blocked,1,329.60,329.6000,,gemini veto
2026-09-30T05:58:30.624944+00:00,blocked,AAPLUSDT,sell,autonomous,blocked,1,329.76,329.7600,,gemini veto
2026-09-30T05:58:39.777808+00:00,blocked,AAPLUSDT,sell,autonomous,blocked,1,329.55,329.5500,,gemini veto
2026-09-30T06:03:44.697418+00:00,blocked,AAPLUSDT,sell,autonomous,blocked,1,329.78,329.7800,,gemini veto
2026-09-30T06:03:53.577108+00:00,blocked,AAPLUSDT,sell,autonomous,blocked,1,329.78,329.7800,,gemini veto
2026-09-30T06:08:58.993101+00:00,blocked,AAPLUSDT,sell,autonomous,blocked,1,329.73,329.7300,,gemini veto
2026-09-30T06:09:08.006024+00:00,blocked,AAPLUSDT,sell,autonomous,blocked,1,329.70,329.7000,,gemini veto
2026-09-30T06:14:15.014513+00:00,blocked,AAPLUSDT,sell,autonomous,blocked,1,329.70,329.7000,,gemini veto
2026-09-30T06:14:25.159816+00:00,blocked,AAPLUSDT,sell,autonomous,blocked,1,329.70,329.7000,,gemini veto
2026-09-30T06:19:28.809679+00:00,blocked,AAPLUSDT,sell,autonomous,blocked,1,329.64,329.6400,,gemini veto
2026-09-30T06:19:38.240609+00:00,blocked,AAPLUSDT,sell,autonomous,blocked,1,329.64,329.6400,,gemini veto
2026-09-30T06:24:42.801124+00:00,blocked,AAPLUSDT,sell,autonomous,blocked,1,329.78,329.7800,,gemini veto
2026-09-30T06:24:51.683726+00:00,blocked,AAPLUSDT,sell,autonomous,blocked,1,329.78,329.7800,,gemini veto
2026-09-30T06:29:57.83333+00:00,blocked,AAPLUSDT,sell,autonomous,blocked,1,329.58,329.5800,,gemini veto
2026-09-30T06:30:08.405655+00:00,blocked,AAPLUSDT,sell,autonomous,blocked,1,329.58,329.5800,,gemini veto
2026-09-30T06:35:14.623032+00:00,blocked,AAPLUSDT,sell,autonomous,blocked,1,329.57,329.5700,,gemini veto
2026-09-30T06:35:20.893423+00:00,blocked,AAPLUSDT,sell,autonomous,blocked,1,329.50,329.5000,,gemini veto
2026-09-30T06:35:22.222289+00:00,blocked,TSLAUSDT,sell,autonomous,blocked,1,353.68,353.6800,,gemini veto
2026-09-30T06:35:25.578328+00:00,blocked,TSLAUSDT,sell,autonomous,blocked,1,353.68,353.6800,,gemini veto
2026-09-30T06:40:27.824406+00:00,blocked,AAPLUSDT,sell,autonomous,blocked,1,329.47,329.4700,,gemini veto
2026-09-30T06:40:29.599137+00:00,blocked,TSLAUSDT,sell,autonomous,blocked,1,353.67,353.6700,,gemini veto
2026-09-30T06:40:36.097828+00:00,blocked,AAPLUSDT,sell,autonomous,blocked,1,329.47,329.4700,,gemini veto
2026-09-30T06:40:40.62607+00:00,blocked,TSLAUSDT,sell,autonomous,blocked,1,353.67,353.6700,,gemini veto
2026-09-30T06:45:43.142835+00:00,blocked,AAPLUSDT,sell,autonomous,blocked,1,329.44,329.4400,,gemini veto
2026-09-30T06:45:45.093959+00:00,blocked,AAPLUSDT,sell,autonomous,blocked,1,329.44,329.4400,,gemini veto
2026-09-30T06:45:45.093563+00:00,blocked,TSLAUSDT,sell,autonomous,blocked,1,353.48,353.4800,,gemini veto
2026-09-30T06:45:54.188055+00:00,blocked,TSLAUSDT,sell,autonomous,blocked,1,353.38,353.3800,,gemini veto
2026-09-30T06:50:57.421045+00:00,blocked,AAPLUSDT,sell,autonomous,blocked,1,329.46,329.4600,,gemini veto
2026-09-30T06:50:59.125493+00:00,blocked,AAPLUSDT,sell,autonomous,blocked,1,329.46,329.4600,,gemini veto
2026-09-30T06:51:04.998199+00:00,blocked,TSLAUSDT,sell,autonomous,blocked,1,353.41,353.4100,,gemini veto
2026-09-30T06:51:08.799135+00:00,blocked,TSLAUSDT,sell,autonomous,blocked,1,353.41,353.4100,,gemini veto
2026-09-30T06:56:10.895819+00:00,blocked,AAPLUSDT,sell,autonomous,blocked,1,329.74,329.7400,,gemini veto
2026-09-30T06:56:15.993845+00:00,blocked,AAPLUSDT,sell,autonomous,blocked,1,329.74,329.7400,,gemini veto
2026-09-30T06:56:18.191035+00:00,blocked,TSLAUSDT,sell,autonomous,blocked,1,353.88,353.8800,,gemini veto
2026-09-30T06:56:20.603393+00:00,blocked,TSLAUSDT,sell,autonomous,blocked,1,353.88,353.8800,,gemini veto
2026-09-30T07:02:17.994000+00:00,position_opened,AAPLUSDT,sell,autonomous,submitted,1,329.61,329.6100,,Encrypted intent submitted · 07bf80db…
2026-09-30T07:01:28.966649+00:00,blocked,AAPLUSDT,sell,autonomous,blocked,1,329.61,329.6100,,gemini veto
2026-09-30T07:02:01.784224+00:00,blocked,TSLAUSDT,sell,autonomous,blocked,1,353.85,353.8500,,gemini veto
2026-09-30T07:07:40.372366+00:00,blocked,AAPLUSDT,sell,autonomous,blocked,1,329.83,329.8300,,gemini veto
2026-09-30T07:12:49.805701+00:00,blocked,AAPLUSDT,sell,autonomous,blocked,1,329.83,329.8300,,gemini veto
2026-09-30T07:12:53.527622+00:00,blocked,TSLAUSDT,sell,autonomous,blocked,1,354.22,354.2200,,gemini veto
2026-09-30T07:13:10.014448+00:00,blocked,AAPLUSDT,sell,autonomous,blocked,1,329.83,329.8300,,gemini veto
2026-09-30T07:18:23.971972+00:00,blocked,AAPLUSDT,sell,autonomous,blocked,1,330.26,330.2600,,gemini veto
2026-09-30T07:19:01.380000+00:00,position_opened,TSLAUSDT,sell,autonomous,submitted,1,354.67,354.6700,,Encrypted intent submitted · b7b0d32d…
2026-09-30T07:18:38.109538+00:00,blocked,AAPLUSDT,sell,autonomous,blocked,1,330.22,330.2200,,gemini veto
2026-09-30T07:24:06.984723+00:00,blocked,AAPLUSDT,sell,autonomous,blocked,1,330.30,330.3000,,gemini veto
2026-09-30T07:24:09.160844+00:00,blocked,AAPLUSDT,sell,autonomous,blocked,1,330.30,330.3000,,gemini veto
2026-09-30T07:24:18.400189+00:00,blocked,TSLAUSDT,sell,autonomous,blocked,1,354.95,354.9500,,gemini veto
2026-09-30T07:29:23.557541+00:00,blocked,AAPLUSDT,sell,autonomous,blocked,1,330.13,330.1300,,gemini veto
2026-09-30T07:29:25.118128+00:00,blocked,TSLAUSDT,sell,autonomous,blocked,1,354.63,354.6300,,gemini veto
2026-09-30T07:29:25.196819+00:00,blocked,AAPLUSDT,sell,autonomous,blocked,1,330.13,330.1300,,gemini veto
2026-09-30T07:29:43.167983+00:00,blocked,TSLAUSDT,sell,autonomous,blocked,1,354.66,354.6600,,gemini veto
2026-09-30T07:34:26.921108+00:00,blocked,AAPLUSDT,sell,autonomous,blocked,1,330.03,330.0300,,gemini veto
2026-09-30T07:34:28.510855+00:00,blocked,TSLAUSDT,sell,autonomous,blocked,1,354.60,354.6000,,gemini veto
2026-09-30T07:34:44.681161+00:00,blocked,AAPLUSDT,sell,autonomous,blocked,1,330.03,330.0300,,gemini veto
2026-09-30T07:34:46.207179+00:00,blocked,TSLAUSDT,sell,autonomous,blocked,1,354.65,354.6500,,gemini veto
2026-09-30T07:39:30.090607+00:00,blocked,AAPLUSDT,sell,autonomous,blocked,1,330.13,330.1300,,gemini veto
2026-09-30T07:39:31.59942+00:00,blocked,TSLAUSDT,sell,autonomous,blocked,1,354.88,354.8800,,gemini veto
2026-09-30T07:39:47.812966+00:00,blocked,AAPLUSDT,sell,autonomous,blocked,1,330.13,330.1300,,gemini veto
2026-09-30T07:39:49.404604+00:00,blocked,TSLAUSDT,sell,autonomous,blocked,1,354.94,354.9400,,gemini veto
2026-09-30T07:44:33.079443+00:00,blocked,AAPLUSDT,sell,autonomous,blocked,1,330.27,330.2700,,gemini veto
2026-09-30T07:44:34.61763+00:00,blocked,TSLAUSDT,sell,autonomous,blocked,1,354.87,354.8700,,gemini veto
2026-09-30T07:44:51.319655+00:00,blocked,AAPLUSDT,sell,autonomous,blocked,1,330.27,330.2700,,gemini veto
2026-09-30T07:44:53.212824+00:00,blocked,TSLAUSDT,sell,autonomous,blocked,1,354.87,354.8700,,gemini veto
2026-09-30T07:49:36.473107+00:00,blocked,AAPLUSDT,sell,autonomous,blocked,1,330.31,330.3100,,gemini veto
2026-09-30T07:49:40.863112+00:00,blocked,TSLAUSDT,sell,autonomous,blocked,1,354.80,354.8000,,gemini veto
2026-09-30T07:49:55.082967+00:00,blocked,AAPLUSDT,sell,autonomous,blocked,1,330.31,330.3100,,gemini veto
2026-09-30T07:49:58.674046+00:00,blocked,TSLAUSDT,sell,autonomous,blocked,1,354.80,354.8000,,gemini veto
2026-09-30T07:54:44.210069+00:00,blocked,AAPLUSDT,sell,autonomous,blocked,1,330.30,330.3000,,gemini veto
2026-09-30T07:54:45.799941+00:00,blocked,TSLAUSDT,sell,autonomous,blocked,1,354.81,354.8100,,gemini veto
2026-09-30T07:55:00.376506+00:00,blocked,AAPLUSDT,sell,autonomous,blocked,1,330.30,330.3000,,gemini veto
2026-09-30T07:55:02.132089+00:00,blocked,TSLAUSDT,sell,autonomous,blocked,1,354.81,354.8100,,gemini veto
2026-09-30T07:59:47.271269+00:00,blocked,AAPLUSDT,sell,autonomous,blocked,1,330.39,330.3900,,gemini veto
2026-09-30T08:00:03.962781+00:00,blocked,AAPLUSDT,sell,autonomous,blocked,1,330.39,330.3900,,gemini veto
2026-09-30T08:04:55.701431+00:00,blocked,AAPLUSDT,sell,autonomous,blocked,1,330.21,330.2100,,gemini veto
2026-09-30T08:04:57.828566+00:00,blocked,TSLAUSDT,sell,autonomous,blocked,1,354.98,354.9800,,gemini veto
2026-09-30T08:05:11.013287+00:00,blocked,AAPLUSDT,sell,autonomous,blocked,1,330.39,330.3900,,gemini veto
2026-09-30T08:05:12.489961+00:00,blocked,TSLAUSDT,sell,autonomous,blocked,1,354.98,354.9800,,gemini veto
2026-09-30T08:09:59.412868+00:00,blocked,AAPLUSDT,sell,autonomous,blocked,1,330.22,330.2200,,gemini veto
2026-09-30T08:10:01.19806+00:00,blocked,TSLAUSDT,sell,autonomous,blocked,1,354.64,354.6400,,gemini veto
2026-09-30T08:10:14.005509+00:00,blocked,AAPLUSDT,sell,autonomous,blocked,1,330.22,330.2200,,gemini veto
2026-09-30T08:10:15.610095+00:00,blocked,TSLAUSDT,sell,autonomous,blocked,1,354.64,354.6400,,gemini veto
2026-09-30T08:15:02.684598+00:00,blocked,AAPLUSDT,sell,autonomous,blocked,1,330.03,330.0300,,gemini veto
2026-09-30T08:15:04.565379+00:00,blocked,TSLAUSDT,sell,autonomous,blocked,1,354.48,354.4800,,gemini veto
2026-09-30T08:15:17.304558+00:00,blocked,AAPLUSDT,sell,autonomous,blocked,1,330.03,330.0300,,gemini veto
2026-09-30T08:15:19.093444+00:00,blocked,TSLAUSDT,sell,autonomous,blocked,1,354.20,354.2000,,gemini veto
2026-09-30T08:20:06.27339+00:00,blocked,AAPLUSDT,sell,autonomous,blocked,1,330.12,330.1200,,gemini veto
2026-09-30T08:20:08.15788+00:00,blocked,TSLAUSDT,sell,autonomous,blocked,1,354.55,354.5500,,gemini veto
2026-09-30T08:20:20.78267+00:00,blocked,AAPLUSDT,sell,autonomous,blocked,1,330.18,330.1800,,gemini veto
2026-09-30T08:20:22.386769+00:00,blocked,TSLAUSDT,sell,autonomous,blocked,1,354.50,354.5000,,gemini veto
2026-09-30T08:25:10.133694+00:00,blocked,AAPLUSDT,sell,autonomous,blocked,1,330.47,330.4700,,gemini veto
2026-09-30T08:25:11.691336+00:00,blocked,TSLAUSDT,sell,autonomous,blocked,1,354.67,354.6700,,gemini veto
2026-09-30T08:25:23.897892+00:00,blocked,AAPLUSDT,sell,autonomous,blocked,1,330.34,330.3400,,gemini veto
2026-09-30T08:25:25.300389+00:00,blocked,TSLAUSDT,sell,autonomous,blocked,1,354.67,354.6700,,gemini veto
2026-09-30T08:30:18.69318+00:00,blocked,AAPLUSDT,sell,autonomous,blocked,1,330.24,330.2400,,gemini veto
2026-09-30T08:30:22.198279+00:00,blocked,TSLAUSDT,sell,autonomous,blocked,1,354.54,354.5400,,gemini veto
2026-09-30T08:30:26.951852+00:00,blocked,AAPLUSDT,sell,autonomous,blocked,1,330.16,330.1600,,gemini veto
2026-09-30T08:30:28.475889+00:00,blocked,TSLAUSDT,sell,autonomous,blocked,1,354.30,354.3000,,gemini veto
2026-09-30T08:35:26.7716+00:00,blocked,AAPLUSDT,sell,autonomous,blocked,1,330.30,330.3000,,gemini veto
2026-09-30T08:35:36.77621+00:00,blocked,TSLAUSDT,sell,autonomous,blocked,1,354.50,354.5000,,gemini veto
2026-09-30T08:35:36.777344+00:00,blocked,AAPLUSDT,sell,autonomous,blocked,1,330.30,330.3000,,gemini veto
2026-09-30T08:35:41.363558+00:00,blocked,TSLAUSDT,sell,autonomous,blocked,1,354.50,354.5000,,gemini veto
2026-09-30T08:40:43.121851+00:00,blocked,AAPLUSDT,sell,autonomous,blocked,1,330.10,330.1000,,gemini veto
2026-09-30T08:40:43.121824+00:00,blocked,AAPLUSDT,sell,autonomous,blocked,1,330.10,330.1000,,gemini veto
2026-09-30T08:40:47.383673+00:00,blocked,TSLAUSDT,sell,autonomous,blocked,1,354.36,354.3600,,gemini veto
2026-09-30T08:40:48.484111+00:00,blocked,TSLAUSDT,sell,autonomous,blocked,1,354.36,354.3600,,gemini veto
2026-09-30T08:46:01.940888+00:00,blocked,AAPLUSDT,sell,autonomous,blocked,1,330.03,330.0300,,gemini veto
2026-09-30T08:46:01.940858+00:00,blocked,AAPLUSDT,sell,autonomous,blocked,1,330.03,330.0300,,gemini veto
2026-09-30T08:46:10.397937+00:00,blocked,TSLAUSDT,sell,autonomous,blocked,1,354.24,354.2400,,gemini veto
2026-09-30T08:46:14.000998+00:00,blocked,TSLAUSDT,sell,autonomous,blocked,1,354.24,354.2400,,gemini veto
2026-09-30T08:51:16.299428+00:00,blocked,AAPLUSDT,sell,autonomous,blocked,1,330.02,330.0200,,gemini veto
2026-09-30T08:51:21.992632+00:00,blocked,AAPLUSDT,sell,autonomous,blocked,1,330.04,330.0400,,gemini veto
2026-09-30T08:51:23.296388+00:00,blocked,TSLAUSDT,sell,autonomous,blocked,1,354.27,354.2700,,gemini veto
2026-09-30T08:51:26.589264+00:00,blocked,TSLAUSDT,sell,autonomous,blocked,1,354.27,354.2700,,gemini veto
2026-09-30T08:56:29.921989+00:00,blocked,AAPLUSDT,sell,autonomous,blocked,1,329.98,329.9800,,gemini veto
2026-09-30T08:56:31.50349+00:00,blocked,TSLAUSDT,sell,autonomous,blocked,1,354.13,354.1300,,gemini veto
2026-09-30T08:56:31.504531+00:00,blocked,AAPLUSDT,sell,autonomous,blocked,1,329.98,329.9800,,gemini veto
2026-09-30T08:56:39.678434+00:00,blocked,TSLAUSDT,sell,autonomous,blocked,1,354.12,354.1200,,gemini veto
2026-09-30T09:01:45.414887+00:00,blocked,AAPLUSDT,sell,autonomous,blocked,1,329.77,329.7700,,gemini veto
2026-09-30T09:01:45.41479+00:00,blocked,AAPLUSDT,sell,autonomous,blocked,1,329.77,329.7700,,gemini veto
2026-09-30T09:01:53.92298+00:00,blocked,TSLAUSDT,sell,autonomous,blocked,1,354.00,354.0000,,gemini veto
2026-09-30T09:01:55.224351+00:00,blocked,TSLAUSDT,sell,autonomous,blocked,1,354.00,354.0000,,gemini veto
2026-09-30T10:00:53.72015+00:00,blocked,AAPLUSDT,sell,autonomous,blocked,1,329.64,329.6400,,gemini veto
2026-09-30T10:00:53.721082+00:00,blocked,AAPLUSDT,sell,autonomous,blocked,1,329.64,329.6400,,gemini veto
2026-09-30T10:00:58.208868+00:00,blocked,TSLAUSDT,sell,autonomous,blocked,1,353.26,353.2600,,gemini veto
2026-09-30T10:01:09.635427+00:00,blocked,TSLAUSDT,sell,autonomous,blocked,1,353.23,353.2300,,gemini veto